"p_val","avg_log2FC","pct.1","pct.2","p_val_adj","cluster","gene"
6.49864192217221e-150,10.7592572935922,1,0.003,1.29972838443444e-145,"C01","MarkerC01-060"
6.49864192217221e-150,10.0503218338457,1,0.004,1.29972838443444e-145,"C01","MarkerC01-140"
6.49875668312385e-150,10.1986174142196,1,0.004,1.29975133662477e-145,"C01","MarkerC01-076"
6.49875668312385e-150,9.78067485987311,1,0.005,1.29975133662477e-145,"C01","MarkerC01-134"
6.49887144609067e-150,10.8155092682277,1,0.003,1.29977428921813e-145,"C01","MarkerC01-035"
6.49892882832873e-150,9.95763635057749,1,0.004,1.29978576566575e-145,"C01","MarkerC01-068"
6.49892882832873e-150,10.1153548839859,1,0.005,1.29978576566575e-145,"C01","MarkerC01-046"
6.4991583623203e-150,9.41356695365366,1,0.006,1.29983167246406e-145,"C01","MarkerC01-093"
6.49927313233872e-150,10.1938263755291,1,0.004,1.29985462646774e-145,"C01","MarkerC01-033"
6.49933051810262e-150,11.2690382630359,1,0.002,1.29986610362052e-145,"C01","MarkerC01-006"
6.49933051810262e-150,9.82568668029623,1,0.004,1.29986610362052e-145,"C01","MarkerC01-104"
6.49944529114345e-150,10.735661859352,1,0.003,1.29988905822869e-145,"C01","MarkerC01-089"
6.49950267841919e-150,9.47949897301764,1,0.006,1.29990053568384e-145,"C01","MarkerC01-013"
1.94817077630271e-149,10.5136104189478,1,0.003,3.89634155260542e-145,"C01","MarkerC01-147"
1.94823914061546e-149,10.5885775872992,1,0.004,3.89647828123091e-145,"C01","MarkerC01-040"
1.94823914061546e-149,10.2664088732795,1,0.004,3.89647828123091e-145,"C01","MarkerC01-081"
1.94823914061546e-149,10.1685630990012,1,0.005,3.89647828123091e-145,"C01","MarkerC01-125"
1.94827332366634e-149,10.4351005497763,1,0.003,3.89654664733268e-145,"C01","MarkerC01-137"
1.9482904154151e-149,10.3343345577836,1,0.003,3.8965808308302e-145,"C01","MarkerC01-051"
1.9482904154151e-149,10.1802194645332,1,0.003,3.8965808308302e-145,"C01","MarkerC01-086"
1.94832459936016e-149,10.5738616883123,1,0.003,3.89664919872032e-145,"C01","MarkerC01-083"
1.94834169155646e-149,9.75291862388392,1,0.004,3.89668338311293e-145,"C01","MarkerC01-067"
1.94834169155646e-149,9.33521933989034,1,0.006,3.89668338311293e-145,"C01","MarkerC01-034"
1.9483758763959e-149,10.273067971942,1,0.004,3.8967517527918e-145,"C01","MarkerC01-080"
1.94839296903904e-149,10.4854723447488,1,0.003,3.89678593807808e-145,"C01","MarkerC01-143"
1.94839296903904e-149,9.75587993167796,1,0.005,3.89678593807808e-145,"C01","MarkerC01-146"
1.94841006183155e-149,10.1901502036432,1,0.003,3.89682012366309e-145,"C01","MarkerC01-079"
1.94841006183155e-149,10.1145904420447,1,0.003,3.89682012366309e-145,"C01","MarkerC01-107"
1.94842715477288e-149,10.3301769663575,1,0.005,3.89685430954576e-145,"C01","MarkerC01-001"
1.94842715477288e-149,9.78502302644411,1,0.006,3.89685430954576e-145,"C01","MarkerC01-064"
1.94844424786359e-149,10.7730744904601,1,0.002,3.89688849572718e-145,"C01","MarkerC01-095"
1.94846134110313e-149,10.1078955826614,1,0.004,3.89692268220625e-145,"C01","MarkerC01-050"
1.94847843449186e-149,10.5608778757142,1,0.003,3.89695686898371e-145,"C01","MarkerC01-129"
1.94847843449186e-149,10.1820627622879,1,0.004,3.89695686898371e-145,"C01","MarkerC01-085"
1.94847843449186e-149,9.78369233271918,1,0.005,3.89695686898371e-145,"C01","MarkerC01-120"
1.94847843449186e-149,9.94884911128411,1,0.005,3.89695686898371e-145,"C01","MarkerC01-150"
1.97375149284453e-149,10.0173497612082,1,0.003,3.94750298568906e-145,"C01","MarkerC01-073"
1.97383806736046e-149,9.36029529301786,1,0.007,3.94767613472091e-145,"C01","MarkerC01-059"
1.97385538271679e-149,10.532848313723,1,0.003,3.94771076543358e-145,"C01","MarkerC01-149"
1.9738726982237e-149,9.62503972926589,1,0.006,3.94774539644741e-145,"C01","MarkerC01-119"
1.9740112277175e-149,10.2954145725553,1,0.004,3.94802245543501e-145,"C01","MarkerC01-145"
1.99970267922799e-149,9.85082081220671,1,0.004,3.99940535845598e-145,"C01","MarkerC01-075"
2.02585239589543e-149,10.7957578027068,1,0.003,4.05170479179086e-145,"C01","MarkerC01-063"
2.02587016618235e-149,10.2605863822142,1,0.004,4.05174033236471e-145,"C01","MarkerC01-087"
2.05236156035916e-149,11.0334731945738,1,0.003,4.10472312071832e-145,"C01","MarkerC01-061"
2.07908943742252e-149,9.47683148239054,1,0.005,4.15817887484504e-145,"C01","MarkerC01-094"
2.07918061841211e-149,9.84412369725333,1,0.004,4.15836123682423e-145,"C01","MarkerC01-044"
2.16164194863165e-149,10.561176747777,1,0.003,4.32328389726331e-145,"C01","MarkerC01-090"
5.77459728714946e-149,9.89904741152164,1,0.004,1.15491945742989e-144,"C01","MarkerC01-054"
5.77459728714946e-149,9.71155946647684,1,0.006,1.15491945742989e-144,"C01","MarkerC01-130"
5.77474829535315e-149,9.923910570529,1,0.006,1.15494965907063e-144,"C01","MarkerC01-018"
5.77484896966977e-149,10.4347950074567,1,0.003,1.15496979393395e-144,"C01","MarkerC01-105"
5.77484896966977e-149,10.3661458903323,1,0.004,1.15496979393395e-144,"C01","MarkerC01-015"
5.77489930748233e-149,11.1476778681259,1,0.003,1.15497986149647e-144,"C01","MarkerC01-091"
5.77489930748233e-149,8.96143728274155,1,0.008,1.15497986149647e-144,"C01","MarkerC01-114"
5.77494964573143e-149,10.7278632657597,1,0.003,1.15498992914629e-144,"C01","MarkerC01-106"
5.77494964573143e-149,10.3289789979109,1,0.004,1.15498992914629e-144,"C01","MarkerC01-002"
5.77494964573143e-149,9.70230714944715,1,0.006,1.15498992914629e-144,"C01","MarkerC01-116"
5.77499998441653e-149,11.1020535401807,1,0.002,1.15499999688331e-144,"C01","MarkerC01-108"
5.77499998441653e-149,9.5643584007876,1,0.006,1.15499999688331e-144,"C01","MarkerC01-057"
5.77505032353763e-149,9.29409536174421,1,0.006,1.15501006470753e-144,"C01","MarkerC01-101"
5.77510066309475e-149,10.1511552669738,1,0.004,1.15502013261895e-144,"C01","MarkerC01-032"
5.77515100308841e-149,9.59852976196457,1,0.004,1.15503020061768e-144,"C01","MarkerC01-005"
5.77515100308841e-149,9.83245694215783,1,0.005,1.15503020061768e-144,"C01","MarkerC01-117"
5.77525168438432e-149,10.0528859061698,1,0.005,1.15505033687686e-144,"C01","MarkerC01-017"
5.77535236742486e-149,10.159438593713,1,0.004,1.15507047348497e-144,"C01","MarkerC01-084"
5.84992151965568e-149,10.3529377562485,1,0.003,1.16998430393114e-144,"C01","MarkerC01-048"
5.85007449176571e-149,10.1081383596507,1,0.005,1.17001489835314e-144,"C01","MarkerC01-118"
5.85022746785213e-149,9.38653767935362,1,0.006,1.17004549357043e-144,"C01","MarkerC01-021"
5.8502784607646e-149,10.8131799445254,1,0.003,1.17005569215292e-144,"C01","MarkerC01-009"
5.8502784607646e-149,9.74107371344934,1,0.005,1.17005569215292e-144,"C01","MarkerC01-097"
5.85032945411872e-149,9.50428501954076,1,0.006,1.17006589082374e-144,"C01","MarkerC01-014"
5.85032945411872e-149,9.41552717379561,1,0.006,1.17006589082374e-144,"C01","MarkerC01-110"
5.85038044791504e-149,9.77410266797033,1,0.005,1.17007608958301e-144,"C01","MarkerC01-112"
5.85053343195453e-149,10.0639253412158,1,0.004,1.17010668639091e-144,"C01","MarkerC01-139"
5.92648508934026e-149,9.34716861910505,1,0.004,1.18529701786805e-144,"C01","MarkerC01-037"
5.92648508934026e-149,9.26638923397767,1,0.006,1.18529701786805e-144,"C01","MarkerC01-138"
5.9267950298325e-149,9.55182936012519,1,0.004,1.1853590059665e-144,"C01","MarkerC01-072"
6.00394455443429e-149,9.95012225936642,1,0.005,1.20078891088686e-144,"C01","MarkerC01-042"
6.00404921240933e-149,10.1953779869742,1,0.005,1.20080984248187e-144,"C01","MarkerC01-102"
6.00415387219659e-149,10.6514219608288,1,0.003,1.20083077443932e-144,"C01","MarkerC01-056"
6.08156679131141e-149,9.15838787918427,1,0.007,1.21631335826228e-144,"C01","MarkerC01-142"
6.08188481800911e-149,10.4313408783909,1,0.004,1.21637696360182e-144,"C01","MarkerC01-031"
6.08193782406626e-149,10.2903610093513,1,0.003,1.21638756481325e-144,"C01","MarkerC01-038"
6.08199083058245e-149,9.74954128289078,1,0.005,1.21639816611649e-144,"C01","MarkerC01-121"
6.160996443501e-149,9.86032198351432,1,0.005,1.2321992887002e-144,"C01","MarkerC01-131"
6.16169449531544e-149,9.7526338284325,1,0.005,1.23233889906309e-144,"C01","MarkerC01-020"
1.6925050530782e-148,9.53126439713133,1,0.006,3.3850101061564e-144,"C01","MarkerC01-022"
1.6925197126364e-148,10.7700568009292,1,0.003,3.3850394252728e-144,"C01","MarkerC01-004"
1.69254903213144e-148,10.0886633069749,1,0.004,3.38509806426288e-144,"C01","MarkerC01-024"
1.69254903213144e-148,10.0747511414648,1,0.004,3.38509806426288e-144,"C01","MarkerC01-082"
1.69254903213144e-148,10.1559057909136,1,0.004,3.38509806426288e-144,"C01","MarkerC01-103"
1.69254903213144e-148,10.0048170440138,1,0.004,3.38509806426288e-144,"C01","MarkerC01-141"
1.69254903213144e-148,9.92704552196852,1,0.005,3.38509806426288e-144,"C01","MarkerC01-055"
1.69256369206843e-148,10.0534153124239,1,0.004,3.38512738413687e-144,"C01","MarkerC01-010"
1.69257835213159e-148,9.83921713760113,1,0.005,3.38515670426319e-144,"C01","MarkerC01-027"
1.69257835213159e-148,9.40151757054847,1,0.007,3.38515670426319e-144,"C01","MarkerC01-003"
1.69260767263656e-148,9.56182349557555,1,0.006,3.38521534527313e-144,"C01","MarkerC01-007"
1.69260767263656e-148,8.91677553682057,1,0.009,3.38521534527313e-144,"C01","MarkerC01-113"
1.69268097610779e-148,10.3550284415202,1,0.005,3.38536195221558e-144,"C01","MarkerC01-077"
1.71454133822462e-148,9.68092567470749,1,0.007,3.42908267644923e-144,"C01","MarkerC01-092"
1.71457103806169e-148,10.3137301658836,1,0.004,3.42914207612337e-144,"C01","MarkerC01-123"
1.71457103806169e-148,9.37385064410794,1,0.007,3.42914207612337e-144,"C01","MarkerC01-047"
1.71460073841041e-148,10.1052464683412,1,0.005,3.42920147682082e-144,"C01","MarkerC01-043"
1.71461558877654e-148,10.9041252285136,1,0.003,3.42923117755309e-144,"C01","MarkerC01-128"
1.73675880806185e-148,9.53090892294035,1,0.006,3.4735176161237e-144,"C01","MarkerC01-109"
1.73680393358349e-148,10.2192281885484,1,0.004,3.47360786716698e-144,"C01","MarkerC01-127"
1.75935516707983e-148,9.36724257482788,1,0.007,3.51871033415967e-144,"C01","MarkerC01-070"
1.7594161151849e-148,9.80621589057823,1,0.006,3.51883223036981e-144,"C01","MarkerC01-124"
1.75946182764116e-148,10.0071635373725,1,0.005,3.51892365528231e-144,"C01","MarkerC01-039"
1.75946182764116e-148,9.26345445155886,1,0.007,3.51892365528231e-144,"C01","MarkerC01-136"
1.75947706538897e-148,10.0925126758262,1,0.005,3.51895413077795e-144,"C01","MarkerC01-023"
1.78215247390014e-148,8.97625732898518,1,0.007,3.56430494780029e-144,"C01","MarkerC01-025"
1.78222964361842e-148,9.55000305301912,1,0.006,3.56445928723685e-144,"C01","MarkerC01-096"
1.78230681665868e-148,9.88835843250395,1,0.004,3.56461363331735e-144,"C01","MarkerC01-111"
1.78232225166532e-148,9.29718400118641,1,0.007,3.56464450333065e-144,"C01","MarkerC01-144"
1.80536981114178e-148,9.62990467315397,1,0.007,3.61073962228356e-144,"C01","MarkerC01-028"
1.80543234851881e-148,9.83449412893218,1,0.005,3.61086469703762e-144,"C01","MarkerC01-026"
1.82888916133659e-148,9.32640416402191,1,0.007,3.65777832267317e-144,"C01","MarkerC01-030"
1.87681714000539e-148,9.1691587369426,1,0.006,3.75363428001079e-144,"C01","MarkerC01-132"
2.16308133836872e-148,9.60852170688268,1,0.006,4.32616267673744e-144,"C01","MarkerC01-012"
2.19098765881177e-148,9.33153511324874,1,0.006,4.38197531762353e-144,"C01","MarkerC01-058"
4.90599791323526e-148,10.2620998876815,1,0.006,9.81199582647052e-144,"C01","MarkerC01-135"
4.90608236466506e-148,9.63413284271182,1,0.007,9.81216472933012e-144,"C01","MarkerC01-133"
5.03382195213422e-148,10.0863578788641,1,0.004,1.00676439042684e-143,"C01","MarkerC01-100"
5.09901951257252e-148,9.73294574171822,1,0.005,1.0198039025145e-143,"C01","MarkerC01-078"
5.0991950421371e-148,9.69683357980541,1,0.007,1.01983900842742e-143,"C01","MarkerC01-115"
5.29966926507158e-148,9.2428012405412,1,0.007,1.05993385301432e-143,"C01","MarkerC01-045"
5.43806180256685e-148,10.5846107824202,1,0.003,1.08761236051337e-143,"C01","MarkerC01-008"
5.50843951907065e-148,9.92318536856153,1,0.004,1.10168790381413e-143,"C01","MarkerC01-066"
5.50858170346029e-148,9.5589987889153,1,0.006,1.10171634069206e-143,"C01","MarkerC01-036"
1.40653574473209e-147,10.0449024887668,1,0.004,2.81307148946419e-143,"C01","MarkerC01-016"
1.40658386641095e-147,9.16673836992194,1,0.007,2.8131677328219e-143,"C01","MarkerC01-053"
1.40664402081062e-147,9.56825020044634,1,0.007,2.81328804162125e-143,"C01","MarkerC01-011"
1.42469640020095e-147,9.59866867820682,1,0.007,2.84939280040191e-143,"C01","MarkerC01-148"
1.4616356126205e-147,9.34953939863271,1,0.007,2.92327122524099e-143,"C01","MarkerC01-088"
1.48060790387902e-147,9.54493163441682,1,0.006,2.96121580775803e-143,"C01","MarkerC01-041"
1.49968500795294e-147,9.20578788961816,1,0.007,2.99937001590588e-143,"C01","MarkerC01-062"
1.5385918233856e-147,9.44780681627043,1,0.006,3.07718364677119e-143,"C01","MarkerC01-099"
1.5385918233856e-147,9.42917732478617,1,0.007,3.07718364677119e-143,"C01","MarkerC01-019"
1.55848152098728e-147,9.92655122317124,1,0.005,3.11696304197456e-143,"C01","MarkerC01-074"
1.59903441418256e-147,9.91275800785102,1,0.004,3.19806882836511e-143,"C01","MarkerC01-071"
2.26063867352632e-147,9.3184575698448,1,0.006,4.52127734705264e-143,"C01","MarkerC01-052"
4.0405349761972e-147,9.51524290145666,1,0.006,8.08106995239441e-143,"C01","MarkerC01-126"
4.19888714450171e-147,9.26492122758822,1,0.008,8.39777428900343e-143,"C01","MarkerC01-065"
4.19906557355988e-147,9.70561326055657,1,0.005,8.39813114711977e-143,"C01","MarkerC01-122"
1.23972106603459e-146,9.12674293999122,1,0.007,2.47944213206918e-142,"C01","MarkerC01-069"
1.26369720579179e-146,9.11140208755452,1,0.007,2.52739441158357e-142,"C01","MarkerC01-049"
1.28800581406563e-146,9.06506627521776,1,0.008,2.57601162813127e-142,"C01","MarkerC01-029"
1.32124179468828e-146,8.92895320974559,1,0.007,2.64248358937656e-142,"C01","MarkerC01-098"
6.49858454245162e-150,10.2078382318504,1,0.004,1.29971690849032e-145,"C02","MarkerC02-094"
6.49869930239629e-150,10.1543762464992,1,0.004,1.29973986047926e-145,"C02","MarkerC02-105"
6.49869930239629e-150,10.1606197383286,1,0.005,1.29973986047926e-145,"C02","MarkerC02-048"
6.49875668312385e-150,10.9814078590156,1,0.003,1.29975133662477e-145,"C02","MarkerC02-093"
6.49887144609067e-150,10.0134228217822,1,0.004,1.29977428921813e-145,"C02","MarkerC02-125"
6.49892882832873e-150,10.8917625568059,1,0.003,1.29978576566575e-145,"C02","MarkerC02-057"
6.49910097806698e-150,9.77066523681005,1,0.004,1.2998201956134e-145,"C02","MarkerC02-091"
6.4991583623203e-150,10.4803240883389,1,0.003,1.29983167246406e-145,"C02","MarkerC02-138"
6.49927313233872e-150,11.2830416314835,1,0.003,1.29985462646774e-145,"C02","MarkerC02-045"
1.94808532426541e-149,10.3379097953634,1,0.004,3.89617064853083e-145,"C02","MarkerC02-017"
1.94818786715732e-149,9.98589583921243,1,0.004,3.89637573431464e-145,"C02","MarkerC02-083"
1.94822204931369e-149,10.2493255024128,1,0.003,3.89644409862738e-145,"C02","MarkerC02-058"
1.94822204931369e-149,9.72890460045573,1,0.005,3.89644409862738e-145,"C02","MarkerC02-084"
1.94827332366634e-149,10.0542661598444,1,0.005,3.89654664733268e-145,"C02","MarkerC02-097"
1.94827332366634e-149,9.74193302033411,1,0.006,3.89654664733268e-145,"C02","MarkerC02-062"
1.9482904154151e-149,10.2541078653006,1,0.003,3.8965808308302e-145,"C02","MarkerC02-002"
1.9482904154151e-149,10.7241786278439,1,0.003,3.8965808308302e-145,"C02","MarkerC02-008"
1.9482904154151e-149,10.2855089901419,1,0.004,3.8965808308302e-145,"C02","MarkerC02-100"
1.94830750731322e-149,9.19026420606375,1,0.007,3.89661501462644e-145,"C02","MarkerC02-103"
1.94832459936016e-149,9.47458968966103,1,0.005,3.89664919872032e-145,"C02","MarkerC02-074"
1.94834169155646e-149,10.7984960896555,1,0.003,3.89668338311293e-145,"C02","MarkerC02-021"
1.94834169155646e-149,9.68382225645377,1,0.005,3.89668338311293e-145,"C02","MarkerC02-087"
1.94835878390159e-149,10.3022177293121,1,0.004,3.89671756780318e-145,"C02","MarkerC02-015"
1.94835878390159e-149,10.3468181142772,1,0.005,3.89671756780318e-145,"C02","MarkerC02-073"
1.9483758763959e-149,10.4559891351618,1,0.004,3.8967517527918e-145,"C02","MarkerC02-032"
1.9483758763959e-149,9.28544035355786,1,0.006,3.8967517527918e-145,"C02","MarkerC02-113"
1.94841006183155e-149,10.531684231861,1,0.003,3.89682012366309e-145,"C02","MarkerC02-066"
1.94842715477288e-149,9.99329013422901,1,0.004,3.89685430954576e-145,"C02","MarkerC02-140"
1.94842715477288e-149,9.67040848419593,1,0.007,3.89685430954576e-145,"C02","MarkerC02-063"
1.94847843449186e-149,9.92550433482966,1,0.004,3.89695686898371e-145,"C02","MarkerC02-117"
1.97371686409516e-149,9.76579979168543,1,0.005,3.94743372819032e-145,"C02","MarkerC02-149"
1.97373417839438e-149,9.90508220676726,1,0.004,3.94746835678876e-145,"C02","MarkerC02-133"
1.97383806736046e-149,10.1740153851909,1,0.004,3.94767613472091e-145,"C02","MarkerC02-070"
1.97390732969109e-149,9.54950636946774,1,0.005,3.94781465938219e-145,"C02","MarkerC02-047"
1.99961497363027e-149,9.79804744796095,1,0.005,3.99922994726054e-145,"C02","MarkerC02-145"
2.59307589513655e-149,10.0557875694208,1,0.004,5.18615179027309e-145,"C02","MarkerC02-056"
5.77449661719532e-149,10.2293703283138,1,0.005,1.15489932343906e-144,"C02","MarkerC02-112"
5.77454695195441e-149,9.72600629580175,1,0.004,1.15490939039088e-144,"C02","MarkerC02-068"
5.77454695195441e-149,9.44741877247203,1,0.006,1.15490939039088e-144,"C02","MarkerC02-010"
5.77469795884909e-149,10.7003337367827,1,0.003,1.15493959176982e-144,"C02","MarkerC02-067"
5.77469795884909e-149,10.0128844171559,1,0.005,1.15493959176982e-144,"C02","MarkerC02-037"
5.77474829535315e-149,10.0034451405486,1,0.004,1.15494965907063e-144,"C02","MarkerC02-044"
5.77479863229319e-149,9.89423946255938,1,0.005,1.15495972645864e-144,"C02","MarkerC02-088"
5.77494964573143e-149,9.59947545071199,1,0.004,1.15498992914629e-144,"C02","MarkerC02-089"
5.77499998441653e-149,10.2540044846419,1,0.003,1.15499999688331e-144,"C02","MarkerC02-014"
5.77499998441653e-149,10.1479456996958,1,0.003,1.15499999688331e-144,"C02","MarkerC02-144"
5.77499998441653e-149,10.112855245909,1,0.004,1.15499999688331e-144,"C02","MarkerC02-034"
5.77505032353763e-149,9.98081725432401,1,0.005,1.15501006470753e-144,"C02","MarkerC02-075"
5.77525168438432e-149,10.5879509521933,1,0.003,1.15505033687686e-144,"C02","MarkerC02-069"
5.77525168438432e-149,10.1276475538411,1,0.004,1.15505033687686e-144,"C02","MarkerC02-110"
5.77525168438432e-149,9.47396658763022,1,0.007,1.15505033687686e-144,"C02","MarkerC02-107"
5.77530202568604e-149,9.61208780210211,1,0.005,1.15506040513721e-144,"C02","MarkerC02-150"
5.77535236742486e-149,9.69332459725088,1,0.004,1.15507047348497e-144,"C02","MarkerC02-050"
5.77540270959918e-149,9.87223753329926,1,0.006,1.15508054191984e-144,"C02","MarkerC02-039"
5.84946262718501e-149,8.8217675150986,1,0.009,1.169892525437e-144,"C02","MarkerC02-060"
5.84971756302851e-149,9.48733990716077,1,0.006,1.1699435126057e-144,"C02","MarkerC02-148"
5.84976855152301e-149,11.107189375973,1,0.002,1.1699537103046e-144,"C02","MarkerC02-020"
5.84987052983632e-149,10.2572751799567,1,0.004,1.16997410596726e-144,"C02","MarkerC02-072"
5.84987052983632e-149,9.77092736214792,1,0.005,1.16997410596726e-144,"C02","MarkerC02-126"
5.84992151965568e-149,10.1367385205365,1,0.004,1.16998430393114e-144,"C02","MarkerC02-096"
5.84997250991775e-149,10.5371254630127,1,0.003,1.16999450198355e-144,"C02","MarkerC02-006"
5.92591690695199e-149,9.4725227518463,1,0.006,1.1851833813904e-144,"C02","MarkerC02-030"
5.92643343415793e-149,9.96668468669052,1,0.004,1.18528668683159e-144,"C02","MarkerC02-054"
5.92643343415793e-149,9.94638294878887,1,0.006,1.18528668683159e-144,"C02","MarkerC02-064"
5.92674337196478e-149,10.0641987469722,1,0.004,1.18534867439296e-144,"C02","MarkerC02-022"
5.92674337196478e-149,10.400673943152,1,0.004,1.18534867439296e-144,"C02","MarkerC02-042"
6.00315967743141e-149,9.60005095625861,1,0.006,1.20063193548628e-144,"C02","MarkerC02-059"
6.00347361599193e-149,10.6082783653098,1,0.003,1.20069472319839e-144,"C02","MarkerC02-118"
6.16072798296658e-149,9.50677007808042,1,0.006,1.23214559659332e-144,"C02","MarkerC02-038"
6.16115752540297e-149,9.56495549915657,1,0.005,1.23223150508059e-144,"C02","MarkerC02-123"
6.16121122030082e-149,9.50193122966148,1,0.006,1.23224224406016e-144,"C02","MarkerC02-120"
6.1614260045444e-149,10.1352105884624,1,0.004,1.23228520090888e-144,"C02","MarkerC02-116"
6.24124438325566e-149,9.79951673574158,1,0.005,1.24824887665113e-144,"C02","MarkerC02-033"
6.57303848366212e-149,10.0650975100619,1,0.004,1.31460769673242e-144,"C02","MarkerC02-065"
6.5732675807648e-149,9.52382789234983,1,0.007,1.31465351615296e-144,"C02","MarkerC02-121"
6.92328826373835e-149,9.91641920271044,1,0.003,1.38465765274767e-144,"C02","MarkerC02-078"
1.69240243970445e-148,10.8107591695544,1,0.003,3.38480487940891e-144,"C02","MarkerC02-082"
1.69241709837925e-148,9.70517111640149,1,0.004,3.3848341967585e-144,"C02","MarkerC02-136"
1.69247573434028e-148,10.1656085651711,1,0.006,3.38495146868056e-144,"C02","MarkerC02-106"
1.6925050530782e-148,10.3176998552089,1,0.003,3.3850101061564e-144,"C02","MarkerC02-090"
1.6925197126364e-148,9.92391737317396,1,0.004,3.3850394252728e-144,"C02","MarkerC02-027"
1.6925197126364e-148,9.5168139188066,1,0.006,3.3850394252728e-144,"C02","MarkerC02-001"
1.6925197126364e-148,9.65207249495193,1,0.006,3.3850394252728e-144,"C02","MarkerC02-028"
1.6925197126364e-148,9.65791199879898,1,0.006,3.3850394252728e-144,"C02","MarkerC02-051"
1.69253437232076e-148,10.6452140988378,1,0.004,3.38506874464152e-144,"C02","MarkerC02-129"
1.69254903213144e-148,9.89196235820232,1,0.004,3.38509806426288e-144,"C02","MarkerC02-104"
1.69254903213144e-148,9.92535505641102,1,0.005,3.38509806426288e-144,"C02","MarkerC02-108"
1.69254903213144e-148,9.52730913733701,1,0.006,3.38509806426288e-144,"C02","MarkerC02-007"
1.69257835213159e-148,9.89415733398873,1,0.006,3.38515670426319e-144,"C02","MarkerC02-115"
1.69257835213159e-148,9.38770233058274,1,0.008,3.38515670426319e-144,"C02","MarkerC02-124"
1.69262233307838e-148,9.70289384937914,1,0.005,3.38524466615676e-144,"C02","MarkerC02-111"
1.69262233307838e-148,9.66307594294853,1,0.006,3.38524466615676e-144,"C02","MarkerC02-119"
1.71434830174821e-148,9.54762374293353,1,0.004,3.42869660349642e-144,"C02","MarkerC02-137"
1.71448194008429e-148,9.79451129417268,1,0.006,3.42896388016858e-144,"C02","MarkerC02-132"
1.71457103806169e-148,10.2619964482591,1,0.004,3.42914207612337e-144,"C02","MarkerC02-005"
1.71457103806169e-148,9.29016389635674,1,0.006,3.42914207612337e-144,"C02","MarkerC02-036"
1.71460073841041e-148,10.0092510156229,1,0.005,3.42920147682082e-144,"C02","MarkerC02-035"
1.71463043927047e-148,9.88808087064883,1,0.005,3.42926087854095e-144,"C02","MarkerC02-049"
1.73663847903529e-148,10.5030037361256,1,0.003,3.47327695807057e-144,"C02","MarkerC02-146"
1.73665351971017e-148,9.7501342965254,1,0.005,3.47330703942035e-144,"C02","MarkerC02-071"
1.73674376648029e-148,9.40058399352741,1,0.005,3.47348753296057e-144,"C02","MarkerC02-023"
1.73678889161345e-148,9.81710594658462,1,0.004,3.4735777832269e-144,"C02","MarkerC02-131"
1.73680393358349e-148,9.41461652013714,1,0.007,3.47360786716698e-144,"C02","MarkerC02-143"
1.73683401791221e-148,9.66585339146283,1,0.006,3.47366803582443e-144,"C02","MarkerC02-024"
1.75933993038159e-148,9.75590751561534,1,0.005,3.51867986076319e-144,"C02","MarkerC02-019"
1.79378576925052e-148,9.98194110586198,1,0.005,3.58757153850104e-144,"C02","MarkerC02-003"
1.80538544528421e-148,10.0942714095194,1,0.005,3.61077089056843e-144,"C02","MarkerC02-012"
1.80547925296463e-148,10.0517511269809,1,0.003,3.61095850592927e-144,"C02","MarkerC02-085"
1.81709149063802e-148,10.1639630048127,1,0.003,3.63418298127605e-144,"C02","MarkerC02-130"
1.8288258138736e-148,10.0641421317648,1,0.004,3.65765162774721e-144,"C02","MarkerC02-135"
1.8288258138736e-148,8.97920426845304,1,0.008,3.65765162774721e-144,"C02","MarkerC02-128"
1.82885748733249e-148,9.84474251429598,1,0.004,3.65771497466498e-144,"C02","MarkerC02-134"
1.82888916133659e-148,9.13462053779497,1,0.007,3.65777832267317e-144,"C02","MarkerC02-013"
1.92554902281366e-148,9.50816039263625,1,0.005,3.85109804562733e-144,"C02","MarkerC02-099"
2.24827250527496e-148,9.3794708800081,1,0.007,4.49654501054992e-144,"C02","MarkerC02-109"
4.90574456761757e-148,10.0318226292749,1,0.005,9.81148913523514e-144,"C02","MarkerC02-018"
4.90582901471176e-148,10.4299202402439,1,0.004,9.81165802942353e-144,"C02","MarkerC02-052"
4.90587123880091e-148,10.2005578495472,1,0.004,9.81174247760183e-144,"C02","MarkerC02-101"
4.90587123880091e-148,9.3767263920159,1,0.007,9.81174247760183e-144,"C02","MarkerC02-040"
4.90595568806243e-148,9.92954371171178,1,0.004,9.81191137612487e-144,"C02","MarkerC02-041"
4.90604013876962e-148,9.66696190401964,1,0.006,9.81208027753924e-144,"C02","MarkerC02-095"
4.96924296149865e-148,10.1814436817377,1,0.004,9.93848592299731e-144,"C02","MarkerC02-147"
4.96928572975902e-148,10.1388557374354,1,0.005,9.93857145951804e-144,"C02","MarkerC02-053"
4.96932849838464e-148,9.76188535979311,1,0.006,9.93865699676928e-144,"C02","MarkerC02-077"
5.03369198716389e-148,9.36976534606363,1,0.006,1.00673839743278e-143,"C02","MarkerC02-142"
5.16479355405301e-148,9.8076912489418,1,0.005,1.0329587108106e-143,"C02","MarkerC02-092"
5.16506023689572e-148,9.81801757398753,1,0.005,1.03301204737914e-143,"C02","MarkerC02-102"
5.36839716667872e-148,9.57769340377506,1,0.006,1.07367943333574e-143,"C02","MarkerC02-061"
5.43792143301664e-148,9.83087848811903,1,0.006,1.08758428660333e-143,"C02","MarkerC02-139"
5.50843951907065e-148,9.36595260939102,1,0.006,1.10168790381413e-143,"C02","MarkerC02-076"
5.72448539820087e-148,9.1763566481777,1,0.008,1.14489707964017e-143,"C02","MarkerC02-055"
6.42765147969588e-148,9.60806267394732,1,0.006,1.28553029593918e-143,"C02","MarkerC02-080"
1.4064635652826e-147,9.35226087972523,1,0.007,2.8129271305652e-143,"C02","MarkerC02-004"
1.40648762469e-147,9.88188233146134,1,0.006,2.81297524937999e-143,"C02","MarkerC02-011"
1.40649965454715e-147,9.48980709030118,1,0.006,2.81299930909431e-143,"C02","MarkerC02-016"
1.40651168450666e-147,9.64498156230913,1,0.006,2.81302336901333e-143,"C02","MarkerC02-046"
1.4065477749984e-147,9.09284379693108,1,0.009,2.81309554999681e-143,"C02","MarkerC02-098"
1.40655980536694e-147,9.73772202603745,1,0.006,2.81311961073388e-143,"C02","MarkerC02-086"
1.42463547610134e-147,9.62459610718861,1,0.007,2.84927095220269e-143,"C02","MarkerC02-079"
1.44294309023353e-147,10.6943208327314,1,0.003,2.88588618046707e-143,"C02","MarkerC02-025"
1.44312821215052e-147,9.78428168036082,1,0.006,2.88625642430104e-143,"C02","MarkerC02-122"
1.47115412419289e-147,9.88767937305719,1,0.005,2.94230824838578e-143,"C02","MarkerC02-081"
1.49956959206158e-147,9.04275442257153,1,0.007,2.99913918412316e-143,"C02","MarkerC02-029"
1.64054273006789e-147,9.24753452626538,1,0.007,3.28108546013578e-143,"C02","MarkerC02-141"
4.01491656614057e-147,9.28253601179678,1,0.009,8.02983313228115e-143,"C02","MarkerC02-031"
4.30740700903386e-147,8.98162709768248,1,0.008,8.61481401806773e-143,"C02","MarkerC02-127"
4.59137038287405e-147,8.89265962590335,1,0.01,9.1827407657481e-143,"C02","MarkerC02-114"
1.11942056522472e-146,8.68394644979972,1,0.011,2.23884113044944e-142,"C02","MarkerC02-043"
1.14840947981468e-146,9.41060264117969,1,0.007,2.29681895962937e-142,"C02","MarkerC02-026"
3.10899601747537e-146,9.79544366053523,1,0.007,6.21799203495073e-142,"C02","MarkerC02-009"
6.49829765140501e-150,10.1168851669305,1,0.004,1.299659530281e-145,"C03","MarkerC03-041"
6.49835502860704e-150,9.9966050664706,1,0.003,1.29967100572141e-145,"C03","MarkerC03-088"
6.49858454245162e-150,10.2451166629945,1,0.004,1.29971690849032e-145,"C03","MarkerC03-089"
6.49858454245162e-150,10.4043740909116,1,0.004,1.29971690849032e-145,"C03","MarkerC03-100"
6.49858454245162e-150,10.1662151985745,1,0.005,1.29971690849032e-145,"C03","MarkerC03-131"
6.49875668312385e-150,10.991797090081,1,0.003,1.29975133662477e-145,"C03","MarkerC03-077"
6.49875668312385e-150,10.0386067676256,1,0.004,1.29975133662477e-145,"C03","MarkerC03-031"
6.49887144609067e-150,10.9480132361045,1,0.003,1.29977428921813e-145,"C03","MarkerC03-112"
6.49887144609067e-150,9.2950440673953,1,0.005,1.29977428921813e-145,"C03","MarkerC03-057"
6.49892882832873e-150,10.7154477580152,1,0.002,1.29978576566575e-145,"C03","MarkerC03-072"
6.49904359431718e-150,10.4543025607243,1,0.003,1.29980871886344e-145,"C03","MarkerC03-052"
6.49904359431718e-150,9.51843568303992,1,0.005,1.29980871886344e-145,"C03","MarkerC03-130"
6.49921574707774e-150,10.1063470850653,1,0.004,1.29984314941555e-145,"C03","MarkerC03-093"
6.49927313233872e-150,10.282100630191,1,0.003,1.29985462646774e-145,"C03","MarkerC03-111"
1.94817077630271e-149,9.27582637052779,1,0.006,3.89634155260542e-145,"C03","MarkerC03-013"
1.94818786715732e-149,9.1398963202781,1,0.007,3.89637573431464e-145,"C03","MarkerC03-074"
1.94830750731322e-149,10.773786097577,1,0.002,3.89661501462644e-145,"C03","MarkerC03-065"
1.94830750731322e-149,10.1916822737278,1,0.003,3.89661501462644e-145,"C03","MarkerC03-050"
1.94830750731322e-149,10.4705274382047,1,0.003,3.89661501462644e-145,"C03","MarkerC03-120"
1.94832459936016e-149,10.4983414125834,1,0.003,3.89664919872032e-145,"C03","MarkerC03-095"
1.94832459936016e-149,11.2871200802487,1,0.003,3.89664919872032e-145,"C03","MarkerC03-116"
1.94832459936016e-149,9.86750078762518,1,0.005,3.89664919872032e-145,"C03","MarkerC03-085"
1.94832459936016e-149,9.74873409260638,1,0.006,3.89664919872032e-145,"C03","MarkerC03-140"
1.94832459936016e-149,9.2678345414458,1,0.007,3.89664919872032e-145,"C03","MarkerC03-137"
1.94834169155646e-149,10.4352931461176,1,0.005,3.89668338311293e-145,"C03","MarkerC03-064"
1.94834169155646e-149,9.71835282350909,1,0.005,3.89668338311293e-145,"C03","MarkerC03-098"
1.94835878390159e-149,10.0581954154361,1,0.004,3.89671756780318e-145,"C03","MarkerC03-011"
1.94835878390159e-149,9.35879520413638,1,0.007,3.89671756780318e-145,"C03","MarkerC03-017"
1.9483758763959e-149,10.2032369888868,1,0.004,3.8967517527918e-145,"C03","MarkerC03-014"
1.9483758763959e-149,9.33175411143077,1,0.006,3.8967517527918e-145,"C03","MarkerC03-087"
1.94839296903904e-149,10.3243750872052,1,0.003,3.89678593807808e-145,"C03","MarkerC03-114"
1.94839296903904e-149,10.0512453654219,1,0.004,3.89678593807808e-145,"C03","MarkerC03-005"
1.94844424786359e-149,9.9777245124218,1,0.005,3.89688849572718e-145,"C03","MarkerC03-107"
1.97373417839438e-149,10.1880641671117,1,0.003,3.94746835678876e-145,"C03","MarkerC03-047"
1.97375149284453e-149,11.0694875572326,1,0.003,3.94750298568906e-145,"C03","MarkerC03-007"
1.97380343710116e-149,10.0013601831988,1,0.004,3.94760687420232e-145,"C03","MarkerC03-028"
1.97392464565139e-149,10.0025894514102,1,0.004,3.94784929130279e-145,"C03","MarkerC03-054"
1.99970267922799e-149,10.2159809088611,1,0.003,3.99940535845598e-145,"C03","MarkerC03-101"
1.99970267922799e-149,10.0634951057645,1,0.004,3.99940535845598e-145,"C03","MarkerC03-149"
2.02574577742795e-149,10.0046024669374,1,0.005,4.0514915548559e-145,"C03","MarkerC03-122"
2.05219954825417e-149,8.96983983379688,1,0.008,4.10439909650834e-145,"C03","MarkerC03-024"
2.10627571589224e-149,11.1680122730734,1,0.002,4.21255143178448e-145,"C03","MarkerC03-015"
2.19013653217044e-149,10.2915759891329,1,0.003,4.38027306434088e-145,"C03","MarkerC03-145"
5.77434561553388e-149,10.2845699613803,1,0.004,1.15486912310678e-144,"C03","MarkerC03-075"
5.77434561553388e-149,9.83139089052749,1,0.005,1.15486912310678e-144,"C03","MarkerC03-006"
5.77444628287115e-149,10.4229682502749,1,0.003,1.15488925657423e-144,"C03","MarkerC03-026"
5.77449661719532e-149,10.3537131236195,1,0.003,1.15489932343906e-144,"C03","MarkerC03-118"
5.77464762278102e-149,10.2512808582737,1,0.004,1.1549295245562e-144,"C03","MarkerC03-099"
5.77479863229319e-149,9.93527485421437,1,0.005,1.15495972645864e-144,"C03","MarkerC03-056"
5.77479863229319e-149,10.1640523385146,1,0.005,1.15495972645864e-144,"C03","MarkerC03-148"
5.77484896966977e-149,10.717595490272,1,0.003,1.15496979393395e-144,"C03","MarkerC03-113"
5.77489930748233e-149,10.0959505862889,1,0.005,1.15497986149647e-144,"C03","MarkerC03-021"
5.77489930748233e-149,9.48034769737548,1,0.006,1.15497986149647e-144,"C03","MarkerC03-053"
5.77494964573143e-149,10.0023019384584,1,0.005,1.15498992914629e-144,"C03","MarkerC03-097"
5.77505032353763e-149,9.68447314198561,1,0.005,1.15501006470753e-144,"C03","MarkerC03-009"
5.77505032353763e-149,10.0900150213034,1,0.006,1.15501006470753e-144,"C03","MarkerC03-135"
5.84997250991775e-149,9.47651528756755,1,0.006,1.16999450198355e-144,"C03","MarkerC03-138"
5.85002350062091e-149,10.5544628150325,1,0.003,1.17000470012418e-144,"C03","MarkerC03-103"
5.85007449176571e-149,10.4554484601577,1,0.003,1.17001489835314e-144,"C03","MarkerC03-123"
5.85007449176571e-149,9.4847354155448,1,0.007,1.17001489835314e-144,"C03","MarkerC03-055"
5.85017647538132e-149,10.1759816187593,1,0.005,1.17003529507626e-144,"C03","MarkerC03-066"
5.85022746785213e-149,9.83545319561667,1,0.006,1.17004549357043e-144,"C03","MarkerC03-001"
5.8502784607646e-149,11.0941803287406,1,0.003,1.17005569215292e-144,"C03","MarkerC03-027"
5.85032945411872e-149,9.79326767235349,1,0.004,1.17006589082374e-144,"C03","MarkerC03-061"
5.85032945411872e-149,9.50831670749916,1,0.006,1.17006589082374e-144,"C03","MarkerC03-063"
5.85043144215302e-149,10.4943133036216,1,0.003,1.1700862884306e-144,"C03","MarkerC03-104"
5.85043144215302e-149,9.32761890608158,1,0.007,1.1700862884306e-144,"C03","MarkerC03-038"
5.92622681790502e-149,9.60213043798449,1,0.006,1.185245363581e-144,"C03","MarkerC03-080"
5.9262784712968e-149,9.927434262913,1,0.004,1.18525569425936e-144,"C03","MarkerC03-029"
5.92638177942352e-149,10.3421087193089,1,0.005,1.1852763558847e-144,"C03","MarkerC03-146"
5.92648508934026e-149,9.45145667628017,1,0.006,1.18529701786805e-144,"C03","MarkerC03-119"
5.92658840104758e-149,10.5892054324285,1,0.003,1.18531768020952e-144,"C03","MarkerC03-091"
5.92669171454444e-149,10.2046738458824,1,0.003,1.18533834290889e-144,"C03","MarkerC03-036"
6.00326432180551e-149,9.71407531662545,1,0.005,1.2006528643611e-144,"C03","MarkerC03-008"
6.00342129176519e-149,9.23064701085826,1,0.007,1.20068425835304e-144,"C03","MarkerC03-073"
6.00378757087367e-149,9.37108132444516,1,0.005,1.20075751417473e-144,"C03","MarkerC03-082"
6.00404921240933e-149,9.52987750724567,1,0.006,1.20080984248187e-144,"C03","MarkerC03-084"
6.08177880727303e-149,9.4558367833698,1,0.006,1.21635576145461e-144,"C03","MarkerC03-127"
6.08214985288698e-149,10.1237766812119,1,0.004,1.2164299705774e-144,"C03","MarkerC03-037"
6.12176649365633e-149,9.92827200111816,1,0.005,1.22435329873127e-144,"C03","MarkerC03-126"
6.16131861149205e-149,9.30954053117995,1,0.006,1.23226372229841e-144,"C03","MarkerC03-117"
6.24200589722632e-149,11.1369559411931,1,0.002,1.24840117944526e-144,"C03","MarkerC03-004"
6.32242581377111e-149,10.2712402211194,1,0.003,1.26448516275422e-144,"C03","MarkerC03-106"
6.5733821322927e-149,10.2400475702275,1,0.003,1.31467642645854e-144,"C03","MarkerC03-068"
1.69247573434028e-148,10.715043808296,1,0.003,3.38495146868056e-144,"C03","MarkerC03-079"
1.69256369206843e-148,9.6194418827937,1,0.006,3.38512738413687e-144,"C03","MarkerC03-060"
1.69257835213159e-148,10.0812116031215,1,0.006,3.38515670426319e-144,"C03","MarkerC03-110"
1.69260767263656e-148,9.6158119382012,1,0.005,3.38521534527313e-144,"C03","MarkerC03-042"
1.69260767263656e-148,9.71985414397833,1,0.006,3.38521534527313e-144,"C03","MarkerC03-129"
1.69263699364636e-148,10.0808719498468,1,0.003,3.38527398729272e-144,"C03","MarkerC03-012"
1.71443739282168e-148,9.72261940370127,1,0.006,3.42887478564337e-144,"C03","MarkerC03-083"
1.71448194008429e-148,9.9089242806673,1,0.005,3.42896388016858e-144,"C03","MarkerC03-144"
1.71452648849777e-148,9.86842512601101,1,0.004,3.42905297699554e-144,"C03","MarkerC03-105"
1.73672872502832e-148,10.2581107136284,1,0.004,3.47345745005664e-144,"C03","MarkerC03-125"
1.73675880806185e-148,9.97447740459088,1,0.004,3.4735176161237e-144,"C03","MarkerC03-134"
1.73677384977301e-148,9.66378035965537,1,0.005,3.47354769954602e-144,"C03","MarkerC03-049"
1.73678889161345e-148,9.18874251624429,1,0.008,3.4735777832269e-144,"C03","MarkerC03-128"
1.73680393358349e-148,9.76572427083521,1,0.005,3.47360786716698e-144,"C03","MarkerC03-039"
1.7594161151849e-148,9.66930427501405,1,0.004,3.51883223036981e-144,"C03","MarkerC03-023"
1.78210617366352e-148,10.6267539142903,1,0.003,3.56421234732703e-144,"C03","MarkerC03-019"
1.7822605124361e-148,10.3918263544552,1,0.003,3.56452102487219e-144,"C03","MarkerC03-020"
1.78229138178501e-148,9.76255454696766,1,0.004,3.56458276357001e-144,"C03","MarkerC03-062"
1.80536981114178e-148,9.50138614547084,1,0.007,3.61073962228356e-144,"C03","MarkerC03-046"
1.8287783047078e-148,9.75875093463599,1,0.005,3.65755660941559e-144,"C03","MarkerC03-018"
1.8288099773488e-148,8.98172871046613,1,0.007,3.6576199546976e-144,"C03","MarkerC03-045"
1.82890499854336e-148,9.731197410176,1,0.006,3.65780999708673e-144,"C03","MarkerC03-010"
1.84063580229172e-148,9.28427776315484,1,0.007,3.68127160458344e-144,"C03","MarkerC03-133"
1.85248986099047e-148,9.56225642411879,1,0.007,3.70497972198094e-144,"C03","MarkerC03-043"
1.87647590152838e-148,9.94373124298979,1,0.004,3.75295180305675e-144,"C03","MarkerC03-033"
1.95076670194447e-148,9.46373504193831,1,0.005,3.90153340388894e-144,"C03","MarkerC03-048"
2.1629315695911e-148,9.73375906602716,1,0.005,4.3258631391822e-144,"C03","MarkerC03-136"
4.90557567776371e-148,10.27488565802,1,0.003,9.81115135552743e-144,"C03","MarkerC03-150"
4.90566012196808e-148,9.36780517836559,1,0.005,9.81132024393615e-144,"C03","MarkerC03-139"
4.90570234461207e-148,9.88628445158927,1,0.005,9.81140468922414e-144,"C03","MarkerC03-132"
4.90574456761757e-148,9.39330710738277,1,0.007,9.81148913523514e-144,"C03","MarkerC03-069"
4.90574456761757e-148,9.0059833336064,1,0.007,9.81148913523514e-144,"C03","MarkerC03-147"
4.90578679098413e-148,10.3595207966824,1,0.004,9.81157358196827e-144,"C03","MarkerC03-002"
4.96872977092052e-148,9.79864503841531,1,0.007,9.93745954184105e-144,"C03","MarkerC03-142"
4.96937126737644e-148,10.6423293051039,1,0.004,9.93874253475287e-144,"C03","MarkerC03-032"
4.96941403673395e-148,9.67297373024484,1,0.007,9.93882807346789e-144,"C03","MarkerC03-141"
4.96971343248189e-148,9.95396965542072,1,0.005,9.93942686496378e-144,"C03","MarkerC03-090"
5.0329122673854e-148,9.63021392822592,1,0.006,1.00658245347708e-143,"C03","MarkerC03-035"
5.0338652745317e-148,9.84988017541251,1,0.006,1.00677305490634e-143,"C03","MarkerC03-034"
5.09844908296786e-148,9.70784741527911,1,0.006,1.01968981659357e-143,"C03","MarkerC03-025"
5.09888786934058e-148,9.58474037378176,1,0.005,1.01977757386812e-143,"C03","MarkerC03-051"
5.23159484732506e-148,9.73014991920389,1,0.005,1.04631896946501e-143,"C03","MarkerC03-102"
5.23190999078765e-148,9.62040799287342,1,0.005,1.04638199815753e-143,"C03","MarkerC03-078"
5.36825859002384e-148,9.39483887600504,1,0.007,1.07365171800477e-143,"C03","MarkerC03-086"
5.43801501231663e-148,9.44688652128876,1,0.007,1.08760300246333e-143,"C03","MarkerC03-044"
5.50843951907065e-148,9.89774081953094,1,0.004,1.10168790381413e-143,"C03","MarkerC03-040"
1.40637936057839e-147,9.41993846474636,1,0.007,2.81275872115678e-143,"C03","MarkerC03-003"
1.40649965454715e-147,9.81819750905901,1,0.004,2.81299930909431e-143,"C03","MarkerC03-022"
1.40653574473209e-147,9.29025337922257,1,0.006,2.81307148946419e-143,"C03","MarkerC03-094"
1.42458673868608e-147,9.46592773621495,1,0.007,2.84917347737215e-143,"C03","MarkerC03-143"
1.42472077056605e-147,9.89373999037569,1,0.005,2.84944154113209e-143,"C03","MarkerC03-096"
1.44295543096032e-147,8.9529244488421,1,0.008,2.88591086192063e-143,"C03","MarkerC03-108"
1.44298011272845e-147,9.31699973273871,1,0.007,2.88596022545689e-143,"C03","MarkerC03-115"
1.44310352786439e-147,8.83975761332033,1,0.009,2.88620705572877e-143,"C03","MarkerC03-030"
1.46182312547303e-147,9.44495871481111,1,0.005,2.92364625094605e-143,"C03","MarkerC03-092"
1.4805445961061e-147,9.71022742465626,1,0.004,2.9610891922122e-143,"C03","MarkerC03-016"
1.49968500795294e-147,9.38489827695032,1,0.007,2.99937001590588e-143,"C03","MarkerC03-067"
1.49969783248582e-147,9.44022115491732,1,0.007,2.99939566497164e-143,"C03","MarkerC03-109"
4.36291653630737e-147,9.66044162093897,1,0.006,8.72583307261473e-143,"C03","MarkerC03-121"
4.77123471824489e-147,9.39814408177045,1,0.007,9.54246943648978e-143,"C03","MarkerC03-081"
5.02150422117574e-147,9.39356156787315,1,0.006,1.00430084423515e-142,"C03","MarkerC03-059"
1.11950567638416e-146,9.28809451364846,1,0.007,2.23901135276831e-142,"C03","MarkerC03-076"
1.11952459084868e-146,9.41852761372591,1,0.007,2.23904918169736e-142,"C03","MarkerC03-071"
1.17803848684453e-146,9.14437126025529,1,0.008,2.35607697368906e-142,"C03","MarkerC03-058"
1.3382586296599e-146,9.21840998818035,1,0.006,2.67651725931981e-142,"C03","MarkerC03-070"
9.94643593750182e-146,9.15649597813962,1,0.008,1.98928718750036e-141,"C03","MarkerC03-124"
6.49869930239629e-150,10.7036199140914,1,0.003,1.29973986047926e-145,"C04","MarkerC04-086"
6.49875668312385e-150,9.95056079641418,1,0.005,1.29975133662477e-145,"C04","MarkerC04-150"
6.49881406435552e-150,9.30999078257956,1,0.007,1.2997628128711e-145,"C04","MarkerC04-044"
6.49892882832873e-150,10.3156683930866,1,0.003,1.29978576566575e-145,"C04","MarkerC04-004"
6.49892882832873e-150,10.996464233435,1,0.003,1.29978576566575e-145,"C04","MarkerC04-109"
6.49904359431718e-150,9.12704823722169,1,0.007,1.29980871886344e-145,"C04","MarkerC04-148"
6.49910097806698e-150,10.5146030424954,1,0.003,1.2998201956134e-145,"C04","MarkerC04-119"
6.4991583623203e-150,11.3016608646855,1,0.002,1.29983167246406e-145,"C04","MarkerC04-045"
6.4991583623203e-150,10.3962608728005,1,0.003,1.29983167246406e-145,"C04","MarkerC04-063"
6.4991583623203e-150,10.8659891128352,1,0.003,1.29983167246406e-145,"C04","MarkerC04-073"
6.4991583623203e-150,9.76845376616218,1,0.006,1.29983167246406e-145,"C04","MarkerC04-123"
6.49921574707774e-150,9.97274943025969,1,0.005,1.29984314941555e-145,"C04","MarkerC04-021"
6.49921574707774e-150,9.85329104717318,1,0.005,1.29984314941555e-145,"C04","MarkerC04-101"
6.49927313233872e-150,9.96755223148959,1,0.004,1.29985462646774e-145,"C04","MarkerC04-017"
6.49933051810262e-150,11.1280894925797,1,0.003,1.29986610362052e-145,"C04","MarkerC04-098"
6.49944529114345e-150,10.332838128535,1,0.004,1.29988905822869e-145,"C04","MarkerC04-043"
6.49956006619848e-150,10.5410572720179,1,0.003,1.2999120132397e-145,"C04","MarkerC04-013"
1.94827332366634e-149,9.90998611601672,1,0.005,3.89654664733268e-145,"C04","MarkerC04-074"
1.94827332366634e-149,9.85484267793282,1,0.005,3.89654664733268e-145,"C04","MarkerC04-121"
1.94832459936016e-149,10.8856324215655,1,0.003,3.89664919872032e-145,"C04","MarkerC04-106"
1.94832459936016e-149,10.9969922943708,1,0.003,3.89664919872032e-145,"C04","MarkerC04-132"
1.94834169155646e-149,10.62873576806,1,0.003,3.89668338311293e-145,"C04","MarkerC04-058"
1.94834169155646e-149,9.73748809440751,1,0.005,3.89668338311293e-145,"C04","MarkerC04-051"
1.94835878390159e-149,10.0973851228758,1,0.004,3.89671756780318e-145,"C04","MarkerC04-080"
1.9483758763959e-149,10.9642833539443,1,0.002,3.8967517527918e-145,"C04","MarkerC04-105"
1.9483758763959e-149,9.68029151782559,1,0.004,3.8967517527918e-145,"C04","MarkerC04-134"
1.9483758763959e-149,9.14987533162703,1,0.006,3.8967517527918e-145,"C04","MarkerC04-022"
1.94839296903904e-149,10.2149928891444,1,0.003,3.89678593807808e-145,"C04","MarkerC04-082"
1.94839296903904e-149,10.8399978509833,1,0.003,3.89678593807808e-145,"C04","MarkerC04-130"
1.94839296903904e-149,10.6922192257081,1,0.003,3.89678593807808e-145,"C04","MarkerC04-149"
1.94842715477288e-149,9.66989940433841,1,0.007,3.89685430954576e-145,"C04","MarkerC04-114"
1.94844424786359e-149,10.3316335239353,1,0.004,3.89688849572718e-145,"C04","MarkerC04-083"
1.94844424786359e-149,9.86005318566253,1,0.006,3.89688849572718e-145,"C04","MarkerC04-136"
1.94846134110313e-149,10.7257266598246,1,0.003,3.89692268220625e-145,"C04","MarkerC04-052"
1.94846134110313e-149,9.80944005874212,1,0.004,3.89692268220625e-145,"C04","MarkerC04-141"
1.94846134110313e-149,9.39233035517124,1,0.007,3.89692268220625e-145,"C04","MarkerC04-143"
1.94846134110313e-149,9.56823020531999,1,0.007,3.89692268220625e-145,"C04","MarkerC04-146"
1.94847843449186e-149,9.74185985531799,1,0.005,3.89695686898371e-145,"C04","MarkerC04-059"
1.94847843449186e-149,9.0973774757579,1,0.007,3.89695686898371e-145,"C04","MarkerC04-054"
1.94851262171618e-149,9.76780376005219,1,0.005,3.89702524343236e-145,"C04","MarkerC04-005"
1.94851262171618e-149,9.63725829172853,1,0.006,3.89702524343236e-145,"C04","MarkerC04-011"
1.94852971555214e-149,10.1808307064101,1,0.004,3.89705943110427e-145,"C04","MarkerC04-028"
1.97382075215525e-149,9.88741890137832,1,0.004,3.94764150431049e-145,"C04","MarkerC04-006"
1.97390732969109e-149,9.70307022461704,1,0.005,3.94781465938219e-145,"C04","MarkerC04-137"
1.97392464565139e-149,9.42167834755748,1,0.006,3.94784929130279e-145,"C04","MarkerC04-007"
1.97392464565139e-149,9.32327710887846,1,0.007,3.94784929130279e-145,"C04","MarkerC04-036"
1.97394196176264e-149,10.0773346590867,1,0.003,3.94788392352528e-145,"C04","MarkerC04-145"
1.97397659443817e-149,9.85786782551783,1,0.005,3.94795318887633e-145,"C04","MarkerC04-038"
5.77444628287115e-149,9.64816420333118,1,0.007,1.15488925657423e-144,"C04","MarkerC04-117"
5.77449661719532e-149,9.9704035452682,1,0.004,1.15489932343906e-144,"C04","MarkerC04-070"
5.77449661719532e-149,9.19626582245954,1,0.007,1.15489932343906e-144,"C04","MarkerC04-064"
5.77474829535315e-149,9.51034144909445,1,0.005,1.15494965907063e-144,"C04","MarkerC04-040"
5.77479863229319e-149,9.54594938981859,1,0.006,1.15495972645864e-144,"C04","MarkerC04-111"
5.77494964573143e-149,10.8323332413635,1,0.003,1.15498992914629e-144,"C04","MarkerC04-078"
5.77499998441653e-149,9.94015628355354,1,0.004,1.15499999688331e-144,"C04","MarkerC04-104"
5.77505032353763e-149,9.79915370231022,1,0.004,1.15501006470753e-144,"C04","MarkerC04-081"
5.77505032353763e-149,9.71680715913113,1,0.006,1.15501006470753e-144,"C04","MarkerC04-018"
5.77510066309475e-149,10.542060616261,1,0.003,1.15502013261895e-144,"C04","MarkerC04-127"
5.77515100308841e-149,10.5230926738326,1,0.003,1.15503020061768e-144,"C04","MarkerC04-046"
5.77515100308841e-149,10.8332499624507,1,0.003,1.15503020061768e-144,"C04","MarkerC04-103"
5.77520134351809e-149,10.6854545668473,1,0.003,1.15504026870362e-144,"C04","MarkerC04-001"
5.77520134351809e-149,10.7541289551403,1,0.003,1.15504026870362e-144,"C04","MarkerC04-037"
5.77520134351809e-149,9.80747051000563,1,0.003,1.15504026870362e-144,"C04","MarkerC04-084"
5.77520134351809e-149,10.0188604043506,1,0.005,1.15504026870362e-144,"C04","MarkerC04-128"
5.77525168438432e-149,9.02258089522407,1,0.007,1.15505033687686e-144,"C04","MarkerC04-142"
5.77530202568604e-149,10.1366548145062,1,0.005,1.15506040513721e-144,"C04","MarkerC04-126"
5.85017647538132e-149,10.3331083027698,1,0.004,1.17003529507626e-144,"C04","MarkerC04-091"
5.8502784607646e-149,9.75197795349199,1,0.005,1.17005569215292e-144,"C04","MarkerC04-133"
5.85053343195453e-149,9.608578528956,1,0.005,1.17010668639091e-144,"C04","MarkerC04-010"
5.85053343195453e-149,10.2674286913953,1,0.005,1.17010668639091e-144,"C04","MarkerC04-026"
5.85053343195453e-149,9.87744829436444,1,0.006,1.17010668639091e-144,"C04","MarkerC04-065"
5.85063542352329e-149,9.90922405540228,1,0.004,1.17012708470466e-144,"C04","MarkerC04-113"
5.85063542352329e-149,9.31088187171529,1,0.007,1.17012708470466e-144,"C04","MarkerC04-140"
5.85068641997072e-149,9.90261549941489,1,0.005,1.17013728399414e-144,"C04","MarkerC04-115"
5.92633012513593e-149,10.1508598518541,1,0.004,1.18526602502719e-144,"C04","MarkerC04-002"
5.92638177942352e-149,9.8375818477818,1,0.005,1.1852763558847e-144,"C04","MarkerC04-129"
5.92658840104758e-149,9.5366802074623,1,0.006,1.18531768020952e-144,"C04","MarkerC04-085"
5.9266400575726e-149,9.28994473292622,1,0.007,1.18532801151452e-144,"C04","MarkerC04-069"
5.92674337196478e-149,10.3437751256682,1,0.003,1.18534867439296e-144,"C04","MarkerC04-016"
5.9267950298325e-149,9.81777643516358,1,0.005,1.1853590059665e-144,"C04","MarkerC04-031"
5.9268983469107e-149,9.54868156626528,1,0.006,1.18537966938214e-144,"C04","MarkerC04-029"
6.0037352439263e-149,9.2148069252634,1,0.007,1.20074704878526e-144,"C04","MarkerC04-147"
6.00399688319493e-149,8.89040404537835,1,0.008,1.20079937663899e-144,"C04","MarkerC04-097"
6.24167952278694e-149,10.4262391762273,1,0.003,1.24833590455739e-144,"C04","MarkerC04-049"
6.32303189788278e-149,9.60643627388082,1,0.005,1.26460637957656e-144,"C04","MarkerC04-095"
6.40538719797108e-149,10.7893478859835,1,0.003,1.28107743959422e-144,"C04","MarkerC04-056"
6.40538719797108e-149,9.5307368509118,1,0.006,1.28107743959422e-144,"C04","MarkerC04-108"
6.48892663204172e-149,11.0680643273257,1,0.003,1.29778532640834e-144,"C04","MarkerC04-034"
1.6924464161073e-148,10.0832282193836,1,0.005,3.3848928322146e-144,"C04","MarkerC04-131"
1.69247573434028e-148,10.016547330519,1,0.006,3.38495146868056e-144,"C04","MarkerC04-102"
1.692490393646e-148,10.174156048344,1,0.004,3.38498078729201e-144,"C04","MarkerC04-042"
1.692490393646e-148,9.70628710601591,1,0.006,3.38498078729201e-144,"C04","MarkerC04-092"
1.6925050530782e-148,9.43096851528182,1,0.005,3.3850101061564e-144,"C04","MarkerC04-009"
1.69253437232076e-148,10.1376873335546,1,0.004,3.38506874464152e-144,"C04","MarkerC04-090"
1.69256369206843e-148,9.9644901188254,1,0.005,3.38512738413687e-144,"C04","MarkerC04-075"
1.69256369206843e-148,9.80656418460484,1,0.006,3.38512738413687e-144,"C04","MarkerC04-035"
1.69256369206843e-148,9.43375529803106,1,0.007,3.38512738413687e-144,"C04","MarkerC04-079"
1.69257835213159e-148,9.72162596391744,1,0.006,3.38515670426319e-144,"C04","MarkerC04-089"
1.69260767263656e-148,9.40518121987038,1,0.006,3.38521534527313e-144,"C04","MarkerC04-076"
1.69266631516114e-148,9.07680323578519,1,0.01,3.38533263032228e-144,"C04","MarkerC04-003"
1.69268097610779e-148,9.52411854531863,1,0.007,3.38536195221558e-144,"C04","MarkerC04-135"
1.71454133822462e-148,9.60198434966084,1,0.007,3.42908267644923e-144,"C04","MarkerC04-100"
1.71458588817223e-148,9.17876175865472,1,0.007,3.42917177634446e-144,"C04","MarkerC04-061"
1.71460073841041e-148,9.22631896555569,1,0.006,3.42920147682082e-144,"C04","MarkerC04-024"
1.71464528989236e-148,10.9511521211461,1,0.003,3.42929057978473e-144,"C04","MarkerC04-118"
1.73669864251254e-148,9.13385951730372,1,0.007,3.47339728502508e-144,"C04","MarkerC04-096"
1.73681897568313e-148,9.47767987924747,1,0.007,3.47363795136626e-144,"C04","MarkerC04-020"
1.73690923100027e-148,9.53319427210502,1,0.006,3.47381846200054e-144,"C04","MarkerC04-027"
1.7481567849671e-148,10.8076655004761,1,0.003,3.4963135699342e-144,"C04","MarkerC04-015"
1.7593246938143e-148,10.2968132563869,1,0.004,3.5186493876286e-144,"C04","MarkerC04-067"
1.75933993038159e-148,9.56131798222157,1,0.007,3.51867986076319e-144,"C04","MarkerC04-116"
1.7594161151849e-148,9.67193279438334,1,0.006,3.51883223036981e-144,"C04","MarkerC04-068"
1.75947706538897e-148,10.1106383443166,1,0.004,3.51895413077795e-144,"C04","MarkerC04-050"
1.78218334138878e-148,9.24123532514217,1,0.006,3.56436668277756e-144,"C04","MarkerC04-023"
1.7822605124361e-148,10.602875623692,1,0.003,3.56452102487219e-144,"C04","MarkerC04-094"
1.78232225166532e-148,9.42709964292107,1,0.007,3.56464450333065e-144,"C04","MarkerC04-125"
1.78235312207739e-148,9.75251496157365,1,0.007,3.56470624415477e-144,"C04","MarkerC04-030"
1.87678463844516e-148,9.91931555538225,1,0.005,3.75356927689032e-144,"C04","MarkerC04-008"
1.901035393202e-148,9.9776095108626,1,0.005,3.80207078640399e-144,"C04","MarkerC04-077"
1.92571574620002e-148,9.75026802741819,1,0.005,3.85143149240005e-144,"C04","MarkerC04-072"
4.90582901471176e-148,9.60782520134661,1,0.005,9.81165802942353e-144,"C04","MarkerC04-120"
4.90599791323526e-148,10.1840753360772,1,0.004,9.81199582647052e-144,"C04","MarkerC04-087"
4.90608236466506e-148,10.3561144472017,1,0.004,9.81216472933012e-144,"C04","MarkerC04-066"
4.90612459092159e-148,9.93331057007383,1,0.005,9.81224918184318e-144,"C04","MarkerC04-122"
4.90612459092159e-148,9.39562851557744,1,0.007,9.81224918184318e-144,"C04","MarkerC04-062"
5.03382195213422e-148,9.68209309947168,1,0.006,1.00676439042684e-143,"C04","MarkerC04-014"
5.03403856783065e-148,9.65676823675299,1,0.006,1.00680771356613e-143,"C04","MarkerC04-047"
5.09901951257252e-148,9.20240965443726,1,0.007,1.0198039025145e-143,"C04","MarkerC04-057"
5.09906339440039e-148,8.91082210180467,1,0.009,1.01981267888008e-143,"C04","MarkerC04-144"
5.09910727660393e-148,10.0102508804532,1,0.005,1.01982145532079e-143,"C04","MarkerC04-053"
5.16501578880489e-148,9.53544255131368,1,0.006,1.03300315776098e-143,"C04","MarkerC04-033"
5.23186496913771e-148,10.1577342325457,1,0.004,1.04637299382754e-143,"C04","MarkerC04-055"
5.23204505804798e-148,9.37790555870778,1,0.006,1.0464090116096e-143,"C04","MarkerC04-032"
5.36853574689018e-148,10.2142891897691,1,0.003,1.07370714937804e-143,"C04","MarkerC04-060"
5.43801501231663e-148,9.81094946709626,1,0.004,1.08760300246333e-143,"C04","MarkerC04-019"
5.43810859321708e-148,9.04155629690562,1,0.008,1.08762171864342e-143,"C04","MarkerC04-048"
5.50829733832931e-148,9.64264966331437,1,0.006,1.10165946766586e-143,"C04","MarkerC04-012"
5.50867649507946e-148,9.44001487658863,1,0.005,1.10173529901589e-143,"C04","MarkerC04-088"
5.83653924377318e-148,9.16824660643195,1,0.007,1.16730784875464e-143,"C04","MarkerC04-138"
5.87466147032797e-148,9.26351776002003,1,0.006,1.17493229406559e-143,"C04","MarkerC04-093"
6.26492328129672e-148,9.50730746553644,1,0.007,1.25298465625934e-143,"C04","MarkerC04-039"
1.40648762469e-147,9.47316937930042,1,0.005,2.81297524937999e-143,"C04","MarkerC04-124"
1.44310352786439e-147,9.99681136227995,1,0.005,2.88620705572877e-143,"C04","MarkerC04-110"
1.46179812237791e-147,8.92826953538544,1,0.009,2.92359624475581e-143,"C04","MarkerC04-099"
1.49974913170798e-147,9.72791369295869,1,0.005,2.99949826341596e-143,"C04","MarkerC04-107"
1.53874970566472e-147,9.43627252804088,1,0.006,3.07749941132945e-143,"C04","MarkerC04-071"
1.59896605840608e-147,9.21882564480301,1,0.007,3.19793211681216e-143,"C04","MarkerC04-025"
1.9136596105239e-147,9.52478909023747,1,0.005,3.8273192210478e-143,"C04","MarkerC04-139"
4.59172148845615e-147,9.55404135539268,1,0.005,9.1834429769123e-143,"C04","MarkerC04-112"
1.20844095809583e-146,9.04387805220013,1,0.009,2.41688191619166e-142,"C04","MarkerC04-041"
9.42377019243656e-150,11.4447757568055,1,0.002,1.88475403848731e-145,"C05","MarkerC05-018"
9.42377019243656e-150,9.80691001212193,1,0.006,1.88475403848731e-145,"C05","MarkerC05-058"
9.42410484341669e-150,10.9917372677344,1,0.002,1.88482096868334e-145,"C05","MarkerC05-147"
9.42443950621087e-150,12.1970303457075,1,0.001,1.88488790124217e-145,"C05","MarkerC05-113"
9.42443950621087e-150,10.9761928995497,1,0.003,1.88488790124217e-145,"C05","MarkerC05-128"
9.42443950621087e-150,10.3630342936261,1,0.004,1.88488790124217e-145,"C05","MarkerC05-034"
9.42443950621087e-150,9.83650426407978,1,0.005,1.88488790124217e-145,"C05","MarkerC05-079"
9.42452317375531e-150,10.0935800921559,1,0.003,1.88490463475106e-145,"C05","MarkerC05-089"
9.42452317375531e-150,9.91149957613993,1,0.004,1.88490463475106e-145,"C05","MarkerC05-144"
9.42460684203793e-150,10.2158034479735,1,0.003,1.88492136840759e-145,"C05","MarkerC05-101"
9.42477418081866e-150,10.8350852492849,1,0.003,1.88495483616373e-145,"C05","MarkerC05-076"
9.42477418081866e-150,10.8294370841002,1,0.003,1.88495483616373e-145,"C05","MarkerC05-081"
9.42477418081866e-150,9.99082378946337,1,0.004,1.88495483616373e-145,"C05","MarkerC05-036"
9.42494152255398e-150,10.171683799697,1,0.003,1.8849883045108e-145,"C05","MarkerC05-068"
9.42502519452854e-150,10.6048253433314,1,0.003,1.88500503890571e-145,"C05","MarkerC05-095"
9.4251088672422e-150,10.3576609018827,1,0.004,1.88502177344844e-145,"C05","MarkerC05-106"
2.84214414550881e-149,10.1193508721663,1,0.004,5.68428829101762e-145,"C05","MarkerC05-109"
2.8422694896477e-149,10.5939046104643,1,0.003,5.68453897929539e-145,"C05","MarkerC05-048"
2.8422694896477e-149,9.2791051496171,1,0.006,5.68453897929539e-145,"C05","MarkerC05-082"
2.8422694896477e-149,9.37924057935382,1,0.007,5.68453897929539e-145,"C05","MarkerC05-137"
2.84229455913495e-149,9.89052556398118,1,0.004,5.68458911826989e-145,"C05","MarkerC05-120"
2.84229455913495e-149,9.37318741696386,1,0.007,5.68458911826989e-145,"C05","MarkerC05-119"
2.8423196288422e-149,10.3368468368899,1,0.003,5.6846392576844e-145,"C05","MarkerC05-006"
2.8423196288422e-149,10.2193802847751,1,0.004,5.6846392576844e-145,"C05","MarkerC05-061"
2.8423446987692e-149,10.144856532564,1,0.003,5.68468939753839e-145,"C05","MarkerC05-044"
2.8423446987692e-149,9.93790310605584,1,0.003,5.68468939753839e-145,"C05","MarkerC05-077"
2.84236976891568e-149,11.1691075225633,1,0.002,5.68473953783135e-145,"C05","MarkerC05-045"
2.84236976891568e-149,10.1244465226828,1,0.005,5.68473953783135e-145,"C05","MarkerC05-067"
2.84241990986866e-149,10.5357605200582,1,0.003,5.68483981973733e-145,"C05","MarkerC05-040"
2.84241990986866e-149,10.0290919235186,1,0.003,5.68483981973733e-145,"C05","MarkerC05-055"
2.84241990986866e-149,9.59371703743566,1,0.006,5.68483981973733e-145,"C05","MarkerC05-146"
2.84244498067492e-149,10.1573072825246,1,0.004,5.68488996134983e-145,"C05","MarkerC05-126"
2.84244498067492e-149,9.52350199798058,1,0.005,5.68488996134983e-145,"C05","MarkerC05-085"
2.84244498067492e-149,9.70881965443039,1,0.005,5.68488996134983e-145,"C05","MarkerC05-093"
2.84244498067492e-149,10.1844038248018,1,0.006,5.68488996134983e-145,"C05","MarkerC05-071"
2.84244498067492e-149,9.67483626663006,1,0.007,5.68488996134983e-145,"C05","MarkerC05-005"
2.84247005170092e-149,9.75762565204669,1,0.005,5.68494010340184e-145,"C05","MarkerC05-134"
2.84249512294641e-149,9.87460119053378,1,0.003,5.68499024589283e-145,"C05","MarkerC05-121"
2.84249512294641e-149,10.2613252901467,1,0.005,5.68499024589283e-145,"C05","MarkerC05-097"
2.84257033800329e-149,9.69183998064041,1,0.005,5.68514067600658e-145,"C05","MarkerC05-124"
2.84259541012835e-149,9.8117612130643,1,0.005,5.68519082025669e-145,"C05","MarkerC05-037"
2.91768189293546e-149,10.5587824979001,1,0.003,5.83536378587092e-145,"C05","MarkerC05-078"
3.03384045163547e-149,10.0427587204662,1,0.004,6.06768090327095e-145,"C05","MarkerC05-110"
3.07371268790658e-149,9.4322796373877,1,0.006,6.14742537581317e-145,"C05","MarkerC05-105"
3.11397086672196e-149,10.875218428188,1,0.002,6.22794173344393e-145,"C05","MarkerC05-094"
8.47339703646153e-149,9.62241454566102,1,0.006,1.69467940729231e-144,"C05","MarkerC05-009"
8.473545550955e-149,10.0609569072668,1,0.004,1.694709110191e-144,"C05","MarkerC05-049"
8.47369406803749e-149,9.84772622505198,1,0.005,1.6947388136075e-144,"C05","MarkerC05-002"
8.47376832754835e-149,9.06981952942362,1,0.008,1.69475366550967e-144,"C05","MarkerC05-112"
8.47391684851092e-149,9.98286133966542,1,0.004,1.69478336970218e-144,"C05","MarkerC05-031"
8.47421389820112e-149,11.1432123987366,1,0.003,1.69484277964022e-144,"C05","MarkerC05-017"
8.47421389820112e-149,10.1192368796702,1,0.004,1.69484277964022e-144,"C05","MarkerC05-023"
8.47421389820112e-149,10.1224108608048,1,0.004,1.69484277964022e-144,"C05","MarkerC05-051"
8.47421389820112e-149,9.82547356265529,1,0.005,1.69484277964022e-144,"C05","MarkerC05-033"
8.47421389820112e-149,9.75327736570047,1,0.006,1.69484277964022e-144,"C05","MarkerC05-122"
8.47428816224045e-149,10.6558307668931,1,0.003,1.69485763244809e-144,"C05","MarkerC05-114"
8.47428816224045e-149,10.3847014588688,1,0.004,1.69485763244809e-144,"C05","MarkerC05-149"
8.47436242692728e-149,10.7141875415246,1,0.005,1.69487248538546e-144,"C05","MarkerC05-127"
8.47458522486894e-149,10.3310233576259,1,0.004,1.69491704497379e-144,"C05","MarkerC05-096"
8.58470920109576e-149,10.4473461323188,1,0.004,1.71694184021915e-144,"C05","MarkerC05-013"
8.58501012302407e-149,9.22638970809794,1,0.006,1.71700202460481e-144,"C05","MarkerC05-136"
8.58516058792011e-149,9.63413440084339,1,0.006,1.71703211758402e-144,"C05","MarkerC05-020"
8.58531105543828e-149,9.5909709202739,1,0.007,1.71706221108766e-144,"C05","MarkerC05-060"
8.58546152557702e-149,10.1310427478894,1,0.004,1.7170923051154e-144,"C05","MarkerC05-104"
8.58546152557702e-149,9.62657305628545,1,0.006,1.7170923051154e-144,"C05","MarkerC05-086"
8.58553676162992e-149,9.81172806895854,1,0.005,1.71710735232598e-144,"C05","MarkerC05-129"
8.58553676162992e-149,9.42341807986138,1,0.006,1.71710735232598e-144,"C05","MarkerC05-016"
8.69748143312572e-149,9.96818792324834,1,0.005,1.73949628662514e-144,"C05","MarkerC05-056"
8.81119238310935e-149,10.3841339828966,1,0.003,1.76223847662187e-144,"C05","MarkerC05-107"
8.81142400992216e-149,9.57933570505332,1,0.005,1.76228480198443e-144,"C05","MarkerC05-038"
8.92654420226229e-149,9.42424081197494,1,0.005,1.78530884045246e-144,"C05","MarkerC05-069"
8.92662241829187e-149,9.60142508956926,1,0.005,1.78532448365837e-144,"C05","MarkerC05-088"
8.92670063500332e-149,9.69526490814961,1,0.005,1.78534012700066e-144,"C05","MarkerC05-032"
8.92670063500332e-149,9.54425379449989,1,0.005,1.78534012700066e-144,"C05","MarkerC05-140"
9.04261155958251e-149,9.63074994318365,1,0.005,1.8085223119165e-144,"C05","MarkerC05-142"
9.04324541912042e-149,9.87973344650383,1,0.004,1.80864908382408e-144,"C05","MarkerC05-047"
9.04332465466798e-149,9.18207767570512,1,0.006,1.8086649309336e-144,"C05","MarkerC05-035"
9.16163058998945e-149,9.88202172443189,1,0.004,1.83232611799789e-144,"C05","MarkerC05-108"
9.16171085972341e-149,9.70701975753149,1,0.004,1.83234217194468e-144,"C05","MarkerC05-117"
9.52581811357002e-149,9.2919513211999,1,0.007,1.905163622714e-144,"C05","MarkerC05-053"
9.90472067535423e-149,9.61080206586107,1,0.006,1.98094413507085e-144,"C05","MarkerC05-083"
1.00340143232128e-148,10.1963642649758,1,0.003,2.00680286464256e-144,"C05","MarkerC05-008"
1.00344537784021e-148,10.1618405618822,1,0.003,2.00689075568042e-144,"C05","MarkerC05-025"
2.49781225357062e-148,9.78090766999367,1,0.007,4.99562450714124e-144,"C05","MarkerC05-066"
2.49783400352498e-148,10.0345294913332,1,0.005,4.99566800704996e-144,"C05","MarkerC05-141"
2.49789925451696e-148,9.29571541656678,1,0.007,4.99579850903391e-144,"C05","MarkerC05-011"
2.4979210052243e-148,10.1374275594448,1,0.004,4.99584201044861e-144,"C05","MarkerC05-004"
2.49794275612008e-148,9.22531699827988,1,0.007,4.99588551224016e-144,"C05","MarkerC05-050"
2.49796450720382e-148,10.378652836368,1,0.004,4.99592901440763e-144,"C05","MarkerC05-091"
2.49796450720382e-148,9.49748868345884,1,0.006,4.99592901440763e-144,"C05","MarkerC05-063"
2.49798625847598e-148,9.58283714593151,1,0.007,4.99597251695196e-144,"C05","MarkerC05-039"
2.49800800993658e-148,10.3833746834563,1,0.004,4.99601601987316e-144,"C05","MarkerC05-092"
2.49800800993658e-148,10.0663801335348,1,0.005,4.99601601987316e-144,"C05","MarkerC05-150"
2.49802976158537e-148,10.4366454996001,1,0.004,4.99605952317075e-144,"C05","MarkerC05-075"
2.49802976158537e-148,9.29316357090893,1,0.007,4.99605952317075e-144,"C05","MarkerC05-087"
2.49805151342237e-148,9.75647943671554,1,0.004,4.99610302684475e-144,"C05","MarkerC05-003"
2.49805151342237e-148,9.90158503877444,1,0.006,4.99610302684475e-144,"C05","MarkerC05-130"
2.49805151342237e-148,9.3995593061548,1,0.007,4.99610302684475e-144,"C05","MarkerC05-090"
2.49807326544734e-148,9.48167905807333,1,0.006,4.99614653089469e-144,"C05","MarkerC05-132"
2.49809501766121e-148,9.89005910317464,1,0.003,4.99619003532243e-144,"C05","MarkerC05-111"
2.49811677006306e-148,10.1389325439927,1,0.004,4.99623354012612e-144,"C05","MarkerC05-098"
2.53058536028474e-148,9.75049328748788,1,0.005,5.06117072056947e-144,"C05","MarkerC05-115"
2.53060739475762e-148,9.58282638723549,1,0.005,5.06121478951523e-144,"C05","MarkerC05-064"
2.53065146427553e-148,9.66542768321485,1,0.006,5.06130292855107e-144,"C05","MarkerC05-100"
2.56351996400247e-148,10.6338748862225,1,0.003,5.12703992800495e-144,"C05","MarkerC05-073"
2.56360924671924e-148,10.1225430650481,1,0.004,5.12721849343848e-144,"C05","MarkerC05-014"
2.56363156788115e-148,9.50310387393019,1,0.006,5.1272631357623e-144,"C05","MarkerC05-007"
2.56367621078503e-148,9.22926666664176,1,0.007,5.12735242157005e-144,"C05","MarkerC05-080"
2.56376549891116e-148,9.78424028479491,1,0.006,5.12753099782232e-144,"C05","MarkerC05-099"
2.59699561106224e-148,9.62718949080558,1,0.006,5.19399122212447e-144,"C05","MarkerC05-059"
2.59706344461565e-148,9.98061224690618,1,0.005,5.19412688923129e-144,"C05","MarkerC05-042"
2.59715389209307e-148,9.57422385442245,1,0.005,5.19430778418613e-144,"C05","MarkerC05-021"
2.63093064704717e-148,9.8942228497372,1,0.004,5.26186129409434e-144,"C05","MarkerC05-062"
2.66500681249228e-148,9.983326908582,1,0.005,5.33001362498457e-144,"C05","MarkerC05-022"
2.66507641717672e-148,9.74266241647651,1,0.006,5.33015283435344e-144,"C05","MarkerC05-001"
2.66526203850418e-148,9.80225548421637,1,0.006,5.33052407700836e-144,"C05","MarkerC05-029"
2.66528524207397e-148,9.3626825179895,1,0.006,5.33057048414793e-144,"C05","MarkerC05-103"
2.68246667475401e-148,9.79557295293819,1,0.005,5.36493334950803e-144,"C05","MarkerC05-148"
2.80685063698524e-148,9.06749905823857,1,0.009,5.61370127397048e-144,"C05","MarkerC05-139"
2.80692393507088e-148,9.49702972191084,1,0.005,5.61384787014176e-144,"C05","MarkerC05-027"
3.23691827147953e-148,9.02403557709758,1,0.008,6.47383654295906e-144,"C05","MarkerC05-070"
7.28113085997331e-148,10.2874839462081,1,0.005,1.45622617199466e-143,"C05","MarkerC05-135"
7.28125685936277e-148,9.2362375610211,1,0.007,1.45625137187255e-143,"C05","MarkerC05-133"
7.28131985987059e-148,9.49241689289048,1,0.007,1.45626397197412e-143,"C05","MarkerC05-123"
7.28157186731938e-148,9.12475816979073,1,0.007,1.45631437346388e-143,"C05","MarkerC05-019"
7.28163487053665e-148,10.1220527438889,1,0.004,1.45632697410733e-143,"C05","MarkerC05-028"
7.28163487053665e-148,10.5174383211704,1,0.004,1.45632697410733e-143,"C05","MarkerC05-125"
7.28194989474902e-148,9.68356838637033,1,0.005,1.4563899789498e-143,"C05","MarkerC05-026"
7.28201290121686e-148,9.76753723243718,1,0.006,1.45640258024337e-143,"C05","MarkerC05-012"
7.37610254510626e-148,9.79683260185842,1,0.005,1.47522050902125e-143,"C05","MarkerC05-145"
7.37629400282784e-148,9.41966775695342,1,0.007,1.47525880056557e-143,"C05","MarkerC05-015"
7.37667693308972e-148,9.69811423530834,1,0.005,1.47533538661795e-143,"C05","MarkerC05-024"
7.66784011628449e-148,9.27188146141225,1,0.007,1.5335680232569e-143,"C05","MarkerC05-043"
7.76704175667811e-148,9.82565372506138,1,0.005,1.55340835133562e-143,"C05","MarkerC05-052"
7.97075382045096e-148,10.1594126506956,1,0.004,1.59415076409019e-143,"C05","MarkerC05-030"
2.09905461008923e-147,9.88863262403216,1,0.005,4.19810922017847e-143,"C05","MarkerC05-118"
2.09921704447509e-147,9.43255321820412,1,0.007,4.19843408895019e-143,"C05","MarkerC05-074"
2.0992350935115e-147,9.77706538824611,1,0.005,4.19847018702301e-143,"C05","MarkerC05-072"
2.0992350935115e-147,9.7153614000256,1,0.007,4.19847018702301e-143,"C05","MarkerC05-116"
2.09927119204726e-147,9.63084314939923,1,0.006,4.19854238409451e-143,"C05","MarkerC05-054"
2.15404858028119e-147,9.87352211389103,1,0.006,4.30809716056238e-143,"C05","MarkerC05-102"
2.18199829515168e-147,9.20314613342356,1,0.007,4.36399659030337e-143,"C05","MarkerC05-065"
2.35716308651877e-147,9.5262874529485,1,0.005,4.71432617303754e-143,"C05","MarkerC05-138"
2.51384389507352e-147,9.05706729509455,1,0.008,5.02768779014705e-143,"C05","MarkerC05-057"
2.57939894284238e-147,8.51829023151803,1,0.009,5.15879788568475e-143,"C05","MarkerC05-084"
5.98679054233697e-147,9.55143648807019,1,0.007,1.19735810846739e-142,"C05","MarkerC05-041"
6.14224985633037e-147,9.13422638981594,1,0.007,1.22844997126607e-142,"C05","MarkerC05-143"
6.38357409905017e-147,9.45789203276783,1,0.007,1.27671481981003e-142,"C05","MarkerC05-046"
7.35092831555461e-147,9.38390931156658,1,0.006,1.47018566311092e-142,"C05","MarkerC05-131"
4.47478856983806e-145,9.110594080401,1,0.009,8.94957713967613e-141,"C05","MarkerC05-010"
9.42418850800754e-150,10.4638715561227,1,0.003,1.88483770160151e-145,"C06","MarkerC06-065"
9.42418850800754e-150,10.2947602959742,1,0.003,1.88483770160151e-145,"C06","MarkerC06-145"
9.42435583940463e-150,12.2716421382312,1,0.001,1.88487116788093e-145,"C06","MarkerC06-015"
9.42443950621087e-150,11.5031257079973,1,0.002,1.88488790124217e-145,"C06","MarkerC06-114"
9.42452317375531e-150,10.2574680138301,1,0.003,1.88490463475106e-145,"C06","MarkerC06-075"
9.42452317375531e-150,9.76367838187474,1,0.004,1.88490463475106e-145,"C06","MarkerC06-009"
9.42460684203793e-150,9.86846344000902,1,0.006,1.88492136840759e-145,"C06","MarkerC06-090"
9.42469051105963e-150,10.2147016039176,1,0.003,1.88493810221193e-145,"C06","MarkerC06-081"
9.42469051105963e-150,9.8629189759516,1,0.005,1.88493810221193e-145,"C06","MarkerC06-041"
9.42477418081866e-150,10.94630301663,1,0.002,1.88495483616373e-145,"C06","MarkerC06-039"
9.42485785131677e-150,12.7306351463913,1,0.001,1.88497157026335e-145,"C06","MarkerC06-032"
9.42494152255398e-150,10.7845474267073,1,0.003,1.8849883045108e-145,"C06","MarkerC06-044"
9.42527621488513e-150,10.8471422783936,1,0.003,1.88505524297703e-145,"C06","MarkerC06-074"
2.84229455913495e-149,11.0363674733657,1,0.002,5.68458911826989e-145,"C06","MarkerC06-049"
2.84229455913495e-149,11.0550169897861,1,0.002,5.68458911826989e-145,"C06","MarkerC06-144"
2.84229455913495e-149,10.2144784343841,1,0.003,5.68458911826989e-145,"C06","MarkerC06-079"
2.8423196288422e-149,9.75872219347997,1,0.004,5.6846392576844e-145,"C06","MarkerC06-137"
2.8423196288422e-149,10.2489685195845,1,0.005,5.6846392576844e-145,"C06","MarkerC06-128"
2.8423446987692e-149,9.95705343129223,1,0.004,5.68468939753839e-145,"C06","MarkerC06-062"
2.84236976891568e-149,11.5040187513704,1,0.002,5.68473953783135e-145,"C06","MarkerC06-045"
2.84236976891568e-149,9.30596549046614,1,0.008,5.68473953783135e-145,"C06","MarkerC06-053"
2.84239483928216e-149,10.8199784617403,1,0.003,5.68478967856433e-145,"C06","MarkerC06-018"
2.84239483928216e-149,10.458557481479,1,0.004,5.68478967856433e-145,"C06","MarkerC06-082"
2.84239483928216e-149,10.06903603202,1,0.005,5.68478967856433e-145,"C06","MarkerC06-035"
2.84239483928216e-149,10.1183568087391,1,0.005,5.68478967856433e-145,"C06","MarkerC06-036"
2.84244498067492e-149,9.00921566427368,1,0.007,5.68488996134983e-145,"C06","MarkerC06-136"
2.84247005170092e-149,9.49472383268292,1,0.005,5.68494010340184e-145,"C06","MarkerC06-109"
2.84249512294641e-149,10.1202137423284,1,0.004,5.68499024589283e-145,"C06","MarkerC06-067"
2.84249512294641e-149,9.83538490744262,1,0.005,5.68499024589283e-145,"C06","MarkerC06-029"
2.84252019441219e-149,10.7578797468204,1,0.003,5.68504038882439e-145,"C06","MarkerC06-102"
2.84252019441219e-149,9.58573354546168,1,0.006,5.68504038882439e-145,"C06","MarkerC06-094"
2.86106430277894e-149,10.421626834185,1,0.003,5.72212860555789e-145,"C06","MarkerC06-072"
2.8796784144708e-149,10.3710406987192,1,0.003,5.7593568289416e-145,"C06","MarkerC06-100"
2.8796784144708e-149,9.82604198979195,1,0.004,5.7593568289416e-145,"C06","MarkerC06-066"
2.879754610525e-149,10.4594336017091,1,0.004,5.75950922104999e-145,"C06","MarkerC06-002"
2.879754610525e-149,9.90063966229114,1,0.004,5.75950922104999e-145,"C06","MarkerC06-026"
2.87980540900791e-149,10.4562265640099,1,0.005,5.75961081801583e-145,"C06","MarkerC06-030"
2.87988160840277e-149,9.77486875221587,1,0.005,5.75976321680555e-145,"C06","MarkerC06-059"
2.91737311873585e-149,10.3701800978968,1,0.003,5.83474623747169e-145,"C06","MarkerC06-139"
2.9175789645927e-149,9.59310270979733,1,0.006,5.83515792918541e-145,"C06","MarkerC06-042"
2.91760469633969e-149,10.3762235742887,1,0.003,5.83520939267939e-145,"C06","MarkerC06-078"
3.11419054203118e-149,9.34910828871836,1,0.005,6.22838108406235e-145,"C06","MarkerC06-056"
8.47391684851092e-149,10.0588734991184,1,0.005,1.69478336970218e-144,"C06","MarkerC06-047"
8.47391684851092e-149,9.53800072338079,1,0.006,1.69478336970218e-144,"C06","MarkerC06-025"
8.47399110996342e-149,9.53307597954177,1,0.006,1.69479822199268e-144,"C06","MarkerC06-051"
8.47413963480772e-149,10.1512384605596,1,0.004,1.69482792696154e-144,"C06","MarkerC06-123"
8.47428816224045e-149,10.2417994020427,1,0.004,1.69485763244809e-144,"C06","MarkerC06-108"
8.47428816224045e-149,9.49449186020884,1,0.005,1.69485763244809e-144,"C06","MarkerC06-140"
8.47428816224045e-149,10.0556482026782,1,0.006,1.69485763244809e-144,"C06","MarkerC06-058"
8.47428816224045e-149,9.49181068762392,1,0.007,1.69485763244809e-144,"C06","MarkerC06-142"
8.47436242692728e-149,11.3397241478478,1,0.002,1.69487248538546e-144,"C06","MarkerC06-031"
8.47436242692728e-149,10.6042147689058,1,0.003,1.69487248538546e-144,"C06","MarkerC06-084"
8.47443669226162e-149,10.0453429096785,1,0.004,1.69488733845232e-144,"C06","MarkerC06-113"
8.47443669226162e-149,9.22520874939345,1,0.007,1.69488733845232e-144,"C06","MarkerC06-077"
8.47451095824191e-149,9.81807404911105,1,0.005,1.69490219164838e-144,"C06","MarkerC06-005"
8.47451095824191e-149,9.6796469737711,1,0.005,1.69490219164838e-144,"C06","MarkerC06-016"
8.47451095824191e-149,9.21268603849823,1,0.008,1.69490219164838e-144,"C06","MarkerC06-101"
8.47458522486894e-149,10.1713033125031,1,0.005,1.69491704497379e-144,"C06","MarkerC06-068"
8.47465949214429e-149,9.55345986442206,1,0.004,1.69493189842886e-144,"C06","MarkerC06-127"
8.5848596607493e-149,10.2704669993945,1,0.003,1.71697193214986e-144,"C06","MarkerC06-050"
8.5848596607493e-149,10.4224995885989,1,0.004,1.71697193214986e-144,"C06","MarkerC06-014"
8.58493489155873e-149,10.0056601759442,1,0.005,1.71698697831175e-144,"C06","MarkerC06-143"
8.58508535514453e-149,10.2230735449663,1,0.004,1.71701707102891e-144,"C06","MarkerC06-097"
8.58516058792011e-149,9.41103943616665,1,0.006,1.71703211758402e-144,"C06","MarkerC06-086"
8.58546152557702e-149,10.0150464957368,1,0.004,1.7170923051154e-144,"C06","MarkerC06-117"
8.58546152557702e-149,9.35382949581753,1,0.007,1.7170923051154e-144,"C06","MarkerC06-131"
8.69710036911723e-149,9.31694246341227,1,0.006,1.73942007382345e-144,"C06","MarkerC06-149"
8.69748143312572e-149,10.7069350771822,1,0.003,1.73949628662514e-144,"C06","MarkerC06-012"
8.81134680031173e-149,9.82932470104856,1,0.005,1.76226936006235e-144,"C06","MarkerC06-017"
8.92615313233456e-149,10.1163066893884,1,0.004,1.78523062646691e-144,"C06","MarkerC06-147"
9.04356236545248e-149,9.92719377569047,1,0.005,1.8087124730905e-144,"C06","MarkerC06-150"
9.16130951804714e-149,9.83074645268659,1,0.004,1.83226190360943e-144,"C06","MarkerC06-096"
9.16163058998945e-149,10.0677306708161,1,0.004,1.83232611799789e-144,"C06","MarkerC06-060"
9.16171085972341e-149,9.19370734413994,1,0.006,1.83234217194468e-144,"C06","MarkerC06-034"
9.28131927417868e-149,9.62725451641946,1,0.004,1.85626385483574e-144,"C06","MarkerC06-134"
9.40298113460864e-149,9.44688222964801,1,0.004,1.88059622692173e-144,"C06","MarkerC06-037"
9.7770049833516e-149,10.0706509775785,1,0.003,1.95540099667032e-144,"C06","MarkerC06-033"
2.49794275612008e-148,10.7628385094901,1,0.003,4.99588551224016e-144,"C06","MarkerC06-089"
2.49794275612008e-148,9.97979289288415,1,0.004,4.99588551224016e-144,"C06","MarkerC06-121"
2.49798625847598e-148,9.89440558641313,1,0.005,4.99597251695196e-144,"C06","MarkerC06-024"
2.49798625847598e-148,9.71430312618503,1,0.005,4.99597251695196e-144,"C06","MarkerC06-105"
2.49800800993658e-148,10.6881242236053,1,0.003,4.99601601987316e-144,"C06","MarkerC06-013"
2.49800800993658e-148,9.47452924404098,1,0.007,4.99601601987316e-144,"C06","MarkerC06-027"
2.49802976158537e-148,10.5300294478674,1,0.004,4.99605952317075e-144,"C06","MarkerC06-076"
2.49805151342237e-148,10.0468952493408,1,0.004,4.99610302684475e-144,"C06","MarkerC06-028"
2.49805151342237e-148,9.98795400123671,1,0.005,4.99610302684475e-144,"C06","MarkerC06-092"
2.49807326544734e-148,10.3236640144202,1,0.005,4.99614653089469e-144,"C06","MarkerC06-071"
2.49807326544734e-148,9.29496213104484,1,0.007,4.99614653089469e-144,"C06","MarkerC06-120"
2.49811677006306e-148,10.0622298234524,1,0.005,4.99623354012612e-144,"C06","MarkerC06-130"
2.49813852265311e-148,10.5875283481567,1,0.004,4.99627704530623e-144,"C06","MarkerC06-099"
2.49813852265311e-148,9.29801024834028,1,0.007,4.99627704530623e-144,"C06","MarkerC06-043"
2.5305412919109e-148,9.87153905520379,1,0.005,5.06108258382179e-144,"C06","MarkerC06-133"
2.53058536028474e-148,9.36771954009133,1,0.006,5.06117072056947e-144,"C06","MarkerC06-148"
2.53060739475762e-148,11.3276722810795,1,0.002,5.06121478951523e-144,"C06","MarkerC06-106"
2.53065146427553e-148,9.20444835780921,1,0.006,5.06130292855107e-144,"C06","MarkerC06-129"
2.56347532380333e-148,10.2823406575497,1,0.004,5.12695064760666e-144,"C06","MarkerC06-107"
2.56356460497428e-148,9.50096405601085,1,0.005,5.12712920994856e-144,"C06","MarkerC06-103"
2.56365388923641e-148,9.87887473708981,1,0.003,5.12730777847282e-144,"C06","MarkerC06-069"
2.56365388923641e-148,9.98590410249152,1,0.004,5.12730777847282e-144,"C06","MarkerC06-003"
2.56372085446185e-148,9.72634460689577,1,0.005,5.1274417089237e-144,"C06","MarkerC06-064"
2.61380573364358e-148,9.83401971919137,1,0.005,5.22761146728717e-144,"C06","MarkerC06-132"
2.63072450589157e-148,10.1787363395305,1,0.004,5.26144901178314e-144,"C06","MarkerC06-080"
2.63081612220071e-148,9.57373480022433,1,0.005,5.26163224440141e-144,"C06","MarkerC06-001"
2.63081612220071e-148,9.43294068698671,1,0.005,5.26163224440141e-144,"C06","MarkerC06-118"
2.6308619315445e-148,10.4263829051092,1,0.003,5.26172386308901e-144,"C06","MarkerC06-126"
2.63090774168163e-148,9.47248147817176,1,0.005,5.26181548336325e-144,"C06","MarkerC06-008"
2.66514602366853e-148,10.351307924068,1,0.003,5.33029204733705e-144,"C06","MarkerC06-115"
2.73520117646318e-148,10.4963142133221,1,0.003,5.47040235292636e-144,"C06","MarkerC06-055"
2.77081878109789e-148,10.177081578751,1,0.004,5.54163756219579e-144,"C06","MarkerC06-046"
2.80707053695117e-148,9.94802468348104,1,0.004,5.61414107390233e-144,"C06","MarkerC06-124"
2.99488004082726e-148,9.88381888327574,1,0.004,5.98976008165452e-144,"C06","MarkerC06-087"
3.03366268997417e-148,9.95635984327565,1,0.004,6.06732537994835e-144,"C06","MarkerC06-091"
3.15386869103258e-148,9.1237507340978,1,0.007,6.30773738206516e-144,"C06","MarkerC06-006"
3.19501285673616e-148,9.67064468009512,1,0.004,6.39002571347232e-144,"C06","MarkerC06-112"
3.36513623088278e-148,9.42426152977233,1,0.006,6.73027246176555e-144,"C06","MarkerC06-098"
7.28125685936277e-148,10.0051682474623,1,0.004,1.45625137187255e-143,"C06","MarkerC06-023"
7.28163487053665e-148,9.22573073425277,1,0.007,1.45632697410733e-143,"C06","MarkerC06-020"
7.2816978742949e-148,9.62274635571181,1,0.007,1.45633957485898e-143,"C06","MarkerC06-138"
7.28182388343832e-148,9.51919301489839,1,0.006,1.45636477668766e-143,"C06","MarkerC06-141"
7.3756558296332e-148,9.95377835355677,1,0.005,1.47513116592664e-143,"C06","MarkerC06-048"
7.66717679595751e-148,9.8899022609672,1,0.006,1.5334353591915e-143,"C06","MarkerC06-061"
7.66790645145456e-148,9.76751042455695,1,0.005,1.53358129029091e-143,"C06","MarkerC06-040"
7.76710894749353e-148,10.0359872962699,1,0.004,1.55342178949871e-143,"C06","MarkerC06-021"
7.86820549398955e-148,9.61751327407126,1,0.006,1.57364109879791e-143,"C06","MarkerC06-070"
7.86820549398955e-148,9.25176849875117,1,0.007,1.57364109879791e-143,"C06","MarkerC06-135"
8.17923463224857e-148,9.68469887198809,1,0.004,1.63584692644971e-143,"C06","MarkerC06-125"
8.28525718606311e-148,9.80347481489719,1,0.004,1.65705143721262e-143,"C06","MarkerC06-111"
8.39323269721489e-148,9.59490717699057,1,0.006,1.67864653944298e-143,"C06","MarkerC06-119"
8.39337788001816e-148,9.9742047820736,1,0.004,1.67867557600363e-143,"C06","MarkerC06-073"
1.0866046853047e-147,9.05391104121163,1,0.008,2.1732093706094e-143,"C06","MarkerC06-116"
2.0992350935115e-147,9.68388757855013,1,0.007,4.19847018702301e-143,"C06","MarkerC06-057"
2.18201705377293e-147,9.4218750199287,1,0.006,4.36403410754585e-143,"C06","MarkerC06-010"
2.21019611680885e-147,9.79698910509196,1,0.005,4.42039223361771e-143,"C06","MarkerC06-104"
2.21023411759454e-147,9.82924201257931,1,0.004,4.42046823518908e-143,"C06","MarkerC06-011"
2.23858459168618e-147,9.76705515744,1,0.005,4.47716918337237e-143,"C06","MarkerC06-088"
2.23883477172256e-147,10.0670253555485,1,0.005,4.47766954344513e-143,"C06","MarkerC06-038"
2.26782445841784e-147,9.34209272789889,1,0.007,4.53564891683569e-143,"C06","MarkerC06-083"
2.29722844616343e-147,9.03307605147659,1,0.008,4.59445689232685e-143,"C06","MarkerC06-063"
2.44997355493676e-147,9.25027311781285,1,0.007,4.89994710987352e-143,"C06","MarkerC06-022"
2.51393030566028e-147,9.14126765407959,1,0.008,5.02786061132056e-143,"C06","MarkerC06-004"
5.98597215684808e-147,9.41829944348075,1,0.007,1.19719443136962e-142,"C06","MarkerC06-019"
5.98612559565657e-147,10.193839353777,1,0.005,1.19722511913131e-142,"C06","MarkerC06-054"
6.14219737972361e-147,8.97176855532681,1,0.009,1.22843947594472e-142,"C06","MarkerC06-052"
6.38346503535843e-147,9.53778423297721,1,0.006,1.27669300707169e-142,"C06","MarkerC06-095"
6.98320734118298e-147,9.32385700310138,1,0.006,1.3966414682366e-142,"C06","MarkerC06-122"
7.35130494227665e-147,9.50612504576122,1,0.006,1.47026098845533e-142,"C06","MarkerC06-146"
1.88294578435895e-146,9.5514121239823,1,0.007,3.7658915687179e-142,"C06","MarkerC06-093"
1.91955797553364e-146,9.55536767456362,1,0.005,3.83911595106729e-142,"C06","MarkerC06-110"
2.12632697539342e-146,9.2549372832701,1,0.006,4.25265395078684e-142,"C06","MarkerC06-007"
2.15379041316899e-146,9.51868814056794,1,0.006,4.30758082633798e-142,"C06","MarkerC06-085"
9.42310092591771e-150,10.2954432622378,1,0.003,1.88462018518354e-145,"C07","MarkerC07-056"
9.42351921195496e-150,11.1189321195914,1,0.003,1.88470384239099e-145,"C07","MarkerC07-123"
9.42402117956312e-150,9.79991787427328,1,0.005,1.88480423591262e-145,"C07","MarkerC07-052"
9.42452317375531e-150,10.3189243952729,1,0.003,1.88490463475106e-145,"C07","MarkerC07-036"
9.42452317375531e-150,10.009536854068,1,0.003,1.88490463475106e-145,"C07","MarkerC07-130"
9.42452317375531e-150,9.92960008582648,1,0.005,1.88490463475106e-145,"C07","MarkerC07-107"
9.42460684203793e-150,10.4334102965199,1,0.003,1.88492136840759e-145,"C07","MarkerC07-050"
9.42460684203793e-150,9.82761884973467,1,0.006,1.88492136840759e-145,"C07","MarkerC07-065"
9.42469051105963e-150,10.5836015985943,1,0.004,1.88493810221193e-145,"C07","MarkerC07-092"
2.8421692138966e-149,10.7107096275678,1,0.003,5.68433842779319e-145,"C07","MarkerC07-023"
2.84224442038019e-149,10.8017890921695,1,0.002,5.68448884076037e-145,"C07","MarkerC07-074"
2.8422694896477e-149,10.2593248079997,1,0.004,5.68453897929539e-145,"C07","MarkerC07-006"
2.8422694896477e-149,10.174196976198,1,0.004,5.68453897929539e-145,"C07","MarkerC07-014"
2.84229455913495e-149,9.53038236970562,1,0.007,5.68458911826989e-145,"C07","MarkerC07-026"
2.8423446987692e-149,9.98432469302977,1,0.003,5.68468939753839e-145,"C07","MarkerC07-087"
2.8423446987692e-149,9.64482142847202,1,0.004,5.68468939753839e-145,"C07","MarkerC07-146"
2.8423446987692e-149,9.42844050875301,1,0.005,5.68468939753839e-145,"C07","MarkerC07-110"
2.84236976891568e-149,10.8026340691768,1,0.003,5.68473953783135e-145,"C07","MarkerC07-099"
2.84236976891568e-149,10.104882634964,1,0.004,5.68473953783135e-145,"C07","MarkerC07-033"
2.84236976891568e-149,9.93760726364431,1,0.004,5.68473953783135e-145,"C07","MarkerC07-081"
2.84236976891568e-149,9.97277082077929,1,0.004,5.68473953783135e-145,"C07","MarkerC07-082"
2.84236976891568e-149,9.95780598809494,1,0.004,5.68473953783135e-145,"C07","MarkerC07-093"
2.84236976891568e-149,9.89913083006989,1,0.005,5.68473953783135e-145,"C07","MarkerC07-148"
2.84239483928216e-149,10.8447224742236,1,0.003,5.68478967856433e-145,"C07","MarkerC07-032"
2.84239483928216e-149,10.299719482126,1,0.004,5.68478967856433e-145,"C07","MarkerC07-102"
2.84241990986866e-149,10.4431911254377,1,0.003,5.68483981973733e-145,"C07","MarkerC07-059"
2.84241990986866e-149,9.91091704267371,1,0.004,5.68483981973733e-145,"C07","MarkerC07-142"
2.84244498067492e-149,10.3446868356589,1,0.003,5.68488996134983e-145,"C07","MarkerC07-121"
2.84244498067492e-149,10.1263334943989,1,0.004,5.68488996134983e-145,"C07","MarkerC07-040"
2.84257033800329e-149,10.1174449817689,1,0.004,5.68514067600658e-145,"C07","MarkerC07-027"
2.8795514255009e-149,11.1065965414931,1,0.002,5.7591028510018e-145,"C07","MarkerC07-054"
2.8796784144708e-149,10.0694488834937,1,0.004,5.7593568289416e-145,"C07","MarkerC07-016"
2.8796784144708e-149,10.2466950627385,1,0.005,5.7593568289416e-145,"C07","MarkerC07-139"
2.91696147033404e-149,10.4924217310145,1,0.003,5.83392294066807e-145,"C07","MarkerC07-112"
2.91742457884648e-149,10.3141395515261,1,0.003,5.83484915769297e-145,"C07","MarkerC07-134"
2.91750177070435e-149,10.8118901835221,1,0.002,5.83500354140869e-145,"C07","MarkerC07-021"
2.91755323307097e-149,10.5903108625047,1,0.003,5.83510646614194e-145,"C07","MarkerC07-101"
2.95548231603109e-149,9.6673701688662,1,0.004,5.91096463206217e-145,"C07","MarkerC07-003"
2.95550838108834e-149,9.61474311271503,1,0.005,5.91101676217667e-145,"C07","MarkerC07-048"
2.95576904422897e-149,10.7598995822364,1,0.002,5.91153808845795e-145,"C07","MarkerC07-144"
2.99461672797041e-149,9.93114701162956,1,0.004,5.98923345594082e-145,"C07","MarkerC07-022"
3.23830315487518e-149,10.1776379715836,1,0.003,6.47660630975036e-145,"C07","MarkerC07-041"
3.36744364656709e-149,9.77819132585519,1,0.004,6.73488729313419e-145,"C07","MarkerC07-046"
3.64119498370787e-149,9.78638928104145,1,0.006,7.28238996741573e-145,"C07","MarkerC07-011"
8.47339703646153e-149,9.5137856404732,1,0.007,1.69467940729231e-144,"C07","MarkerC07-085"
8.47361980917252e-149,9.79600808652403,1,0.005,1.6947239618345e-144,"C07","MarkerC07-039"
8.47384258770668e-149,10.200632335374,1,0.003,1.69476851754134e-144,"C07","MarkerC07-034"
8.47391684851092e-149,9.82387276290514,1,0.004,1.69478336970218e-144,"C07","MarkerC07-071"
8.47428816224045e-149,9.37147492939516,1,0.006,1.69485763244809e-144,"C07","MarkerC07-061"
8.47443669226162e-149,10.8917925653362,1,0.003,1.69488733845232e-144,"C07","MarkerC07-013"
8.47451095824191e-149,9.25765490898047,1,0.007,1.69490219164838e-144,"C07","MarkerC07-104"
8.47465949214429e-149,10.9148393154955,1,0.003,1.69493189842886e-144,"C07","MarkerC07-051"
8.58418261295164e-149,10.4234023785186,1,0.004,1.71683652259033e-144,"C07","MarkerC07-072"
8.58470920109576e-149,9.48704429326133,1,0.005,1.71694184021915e-144,"C07","MarkerC07-062"
8.5848596607493e-149,9.07632844174793,1,0.008,1.71697193214986e-144,"C07","MarkerC07-020"
8.58493489155873e-149,9.81874985472892,1,0.004,1.71698697831175e-144,"C07","MarkerC07-118"
8.58523582135163e-149,9.42230489183096,1,0.005,1.71704716427033e-144,"C07","MarkerC07-149"
8.58538629018008e-149,11.0946567825407,1,0.002,1.71707725803602e-144,"C07","MarkerC07-018"
8.69649070122401e-149,9.62893752925929,1,0.006,1.7392981402448e-144,"C07","MarkerC07-111"
8.69679552986021e-149,10.442681479135,1,0.003,1.73935910597204e-144,"C07","MarkerC07-133"
8.69694794816069e-149,9.54533583757338,1,0.006,1.73938958963214e-144,"C07","MarkerC07-067"
8.69710036911723e-149,10.2167369535544,1,0.003,1.73942007382345e-144,"C07","MarkerC07-136"
8.69732900553044e-149,9.81161147976333,1,0.005,1.73946580110609e-144,"C07","MarkerC07-057"
8.69740521899626e-149,10.3215572875739,1,0.004,1.73948104379925e-144,"C07","MarkerC07-035"
8.69763386337641e-149,9.85137206090328,1,0.005,1.73952677267528e-144,"C07","MarkerC07-103"
8.81088355677514e-149,9.53886912920673,1,0.006,1.76217671135503e-144,"C07","MarkerC07-004"
8.81142400992216e-149,10.6206092229033,1,0.003,1.76228480198443e-144,"C07","MarkerC07-094"
8.92662241829187e-149,10.5998241534582,1,0.003,1.78532448365837e-144,"C07","MarkerC07-037"
8.92670063500332e-149,10.2572163034679,1,0.004,1.78534012700066e-144,"C07","MarkerC07-145"
9.04324541912042e-149,9.50304613499644,1,0.006,1.80864908382408e-144,"C07","MarkerC07-128"
9.16058714707271e-149,10.1311881796484,1,0.004,1.83211742941454e-144,"C07","MarkerC07-090"
9.16179113015623e-149,9.82282975125063,1,0.004,1.83235822603125e-144,"C07","MarkerC07-106"
9.40256925538927e-149,10.0911119090369,1,0.004,1.88051385107785e-144,"C07","MarkerC07-060"
1.04326430075201e-148,9.70857677117006,1,0.004,2.08652860150401e-144,"C07","MarkerC07-150"
2.49783400352498e-148,10.0998431393929,1,0.004,4.99566800704996e-144,"C07","MarkerC07-119"
2.49785575366729e-148,9.75440760614326,1,0.005,4.99571150733459e-144,"C07","MarkerC07-132"
2.4978775039978e-148,9.9311722585426,1,0.004,4.9957550079956e-144,"C07","MarkerC07-097"
2.49789925451696e-148,10.1352269234065,1,0.004,4.99579850903391e-144,"C07","MarkerC07-109"
2.49794275612008e-148,10.4852700796623,1,0.004,4.99588551224016e-144,"C07","MarkerC07-068"
2.49794275612008e-148,9.7113871826225,1,0.006,4.99588551224016e-144,"C07","MarkerC07-100"
2.49794275612008e-148,9.51278877625288,1,0.007,4.99588551224016e-144,"C07","MarkerC07-015"
2.49796450720382e-148,9.72344398587306,1,0.004,4.99592901440763e-144,"C07","MarkerC07-063"
2.49796450720382e-148,9.78455922796962,1,0.004,4.99592901440763e-144,"C07","MarkerC07-108"
2.49798625847598e-148,9.98269294589265,1,0.004,4.99597251695196e-144,"C07","MarkerC07-044"
2.49802976158537e-148,9.73007523489187,1,0.005,4.99605952317075e-144,"C07","MarkerC07-077"
2.53034299366963e-148,9.51100547835625,1,0.006,5.06068598733926e-144,"C07","MarkerC07-089"
2.53040909136742e-148,9.55070046511097,1,0.007,5.06081818273483e-144,"C07","MarkerC07-029"
2.5305412919109e-148,9.98110904707505,1,0.004,5.06108258382179e-144,"C07","MarkerC07-001"
2.5305412919109e-148,10.3025935597765,1,0.004,5.06108258382179e-144,"C07","MarkerC07-045"
2.5305412919109e-148,9.79919734493074,1,0.006,5.06108258382179e-144,"C07","MarkerC07-028"
2.53056332600226e-148,9.72051507091628,1,0.004,5.06112665200453e-144,"C07","MarkerC07-083"
2.53060739475762e-148,9.71609547445599,1,0.006,5.06121478951523e-144,"C07","MarkerC07-115"
2.56343068437683e-148,9.2632474323757,1,0.007,5.12686136875367e-144,"C07","MarkerC07-002"
2.56351996400247e-148,10.1369726325542,1,0.003,5.12703992800495e-144,"C07","MarkerC07-095"
2.56351996400247e-148,9.65405617671209,1,0.006,5.12703992800495e-144,"C07","MarkerC07-070"
2.5635869257502e-148,10.0271755678362,1,0.004,5.12717385150041e-144,"C07","MarkerC07-019"
2.5635869257502e-148,9.28979889719733,1,0.007,5.12717385150041e-144,"C07","MarkerC07-113"
2.56363156788115e-148,9.60782539655677,1,0.006,5.1272631357623e-144,"C07","MarkerC07-124"
2.56363156788115e-148,9.57122786249076,1,0.006,5.1272631357623e-144,"C07","MarkerC07-127"
2.59674690310227e-148,9.2631593115695,1,0.007,5.19349380620455e-144,"C07","MarkerC07-116"
2.59676951193796e-148,9.89475710345112,1,0.005,5.19353902387592e-144,"C07","MarkerC07-076"
2.59690516906445e-148,10.1647872104089,1,0.004,5.1938103381289e-144,"C07","MarkerC07-055"
2.59697300026931e-148,9.78883770667499,1,0.004,5.19394600053863e-144,"C07","MarkerC07-010"
2.59706344461565e-148,9.47105892898521,1,0.007,5.19412688923129e-144,"C07","MarkerC07-091"
2.63054128278796e-148,9.65616352929898,1,0.006,5.26108256557591e-144,"C07","MarkerC07-042"
2.63060998996537e-148,9.88041800753637,1,0.005,5.26121997993074e-144,"C07","MarkerC07-031"
2.63077031364973e-148,9.61156532159647,1,0.006,5.26154062729947e-144,"C07","MarkerC07-017"
2.63081612220071e-148,9.43822958214931,1,0.007,5.26163224440141e-144,"C07","MarkerC07-080"
2.63090774168163e-148,10.4457074838054,1,0.003,5.26181548336325e-144,"C07","MarkerC07-137"
2.66521563196776e-148,9.92601581417712,1,0.006,5.33043126393551e-144,"C07","MarkerC07-117"
2.69978220611603e-148,9.83577701504991,1,0.005,5.39956441223207e-144,"C07","MarkerC07-084"
2.77079466154357e-148,9.90559905331806,1,0.005,5.54158932308714e-144,"C07","MarkerC07-141"
2.80694836818909e-148,9.86920674926139,1,0.004,5.61389673637818e-144,"C07","MarkerC07-007"
2.88049949339058e-148,10.183956806178,1,0.003,5.76099898678116e-144,"C07","MarkerC07-047"
2.8805747089676e-148,9.62769732766692,1,0.005,5.76114941793519e-144,"C07","MarkerC07-114"
7.28087886769623e-148,9.5899138333732,1,0.006,1.45617577353925e-143,"C07","MarkerC07-009"
7.28119385939724e-148,9.7496655717434,1,0.005,1.45623877187945e-143,"C07","MarkerC07-008"
7.28119385939724e-148,9.56834749737298,1,0.006,1.45623877187945e-143,"C07","MarkerC07-147"
7.28131985987059e-148,9.72745525980108,1,0.006,1.45626397197412e-143,"C07","MarkerC07-030"
7.28138286091935e-148,8.88779147019673,1,0.01,1.45627657218387e-143,"C07","MarkerC07-098"
7.28150886464441e-148,9.50154169790711,1,0.007,1.45630177292888e-143,"C07","MarkerC07-105"
7.28163487053665e-148,9.97562167442553,1,0.006,1.45632697410733e-143,"C07","MarkerC07-069"
7.37610254510626e-148,9.39635271292427,1,0.007,1.47522050902125e-143,"C07","MarkerC07-079"
7.3763578231654e-148,9.97725950423779,1,0.004,1.47527156463308e-143,"C07","MarkerC07-131"
7.47211717882921e-148,9.8409237639836,1,0.006,1.49442343576584e-143,"C07","MarkerC07-024"
7.47224647324357e-148,9.5973440899855,1,0.007,1.49444929464871e-143,"C07","MarkerC07-049"
7.47231112128503e-148,9.52992647997819,1,0.006,1.49446222425701e-143,"C07","MarkerC07-138"
7.52046133615506e-148,10.0449682593643,1,0.005,1.50409226723101e-143,"C07","MarkerC07-120"
7.56918329485623e-148,9.18306101051668,1,0.008,1.51383665897124e-143,"C07","MarkerC07-058"
7.56951072153622e-148,9.26503942522231,1,0.007,1.51390214430724e-143,"C07","MarkerC07-140"
7.61828633849362e-148,9.11805660963378,1,0.007,1.52365726769872e-143,"C07","MarkerC07-125"
8.72392735672878e-148,9.31489921525628,1,0.007,1.74478547134576e-143,"C07","MarkerC07-025"
2.09921704447509e-147,9.3873105122716,1,0.007,4.19843408895019e-143,"C07","MarkerC07-053"
2.0992350935115e-147,9.88473123094656,1,0.006,4.19847018702301e-143,"C07","MarkerC07-066"
2.09925314270229e-147,9.55138451543198,1,0.007,4.19850628540458e-143,"C07","MarkerC07-088"
2.09927119204726e-147,9.64310771362159,1,0.006,4.19854238409451e-143,"C07","MarkerC07-075"
2.1264015052553e-147,10.0328451079788,1,0.006,4.2528030105106e-143,"C07","MarkerC07-129"
2.15401154265471e-147,10.0510287263403,1,0.004,4.30802308530941e-143,"C07","MarkerC07-038"
2.15401154265471e-147,9.23520874475957,1,0.007,4.30802308530941e-143,"C07","MarkerC07-096"
2.18181071775733e-147,9.8004405441019,1,0.005,4.36362143551466e-143,"C07","MarkerC07-012"
2.21002512131001e-147,9.35797198154808,1,0.007,4.42005024262001e-143,"C07","MarkerC07-135"
2.21021511712045e-147,9.59382552660259,1,0.006,4.42043023424091e-143,"C07","MarkerC07-086"
2.23883477172256e-147,10.0277667614787,1,0.005,4.47766954344513e-143,"C07","MarkerC07-143"
2.41855509739768e-147,9.0508611533644,1,0.007,4.83711019479536e-143,"C07","MarkerC07-126"
2.9338087337278e-147,9.59107930535342,1,0.006,5.86761746745559e-143,"C07","MarkerC07-078"
6.71924934744271e-147,9.64517281804095,1,0.005,1.34384986948854e-142,"C07","MarkerC07-043"
6.98344590009524e-147,9.38294306476537,1,0.007,1.39668918001905e-142,"C07","MarkerC07-005"
7.21743334983376e-147,8.77183703782842,1,0.009,1.44348666996675e-142,"C07","MarkerC07-064"
1.68894331204511e-146,9.74972099575933,1,0.006,3.37788662409023e-142,"C07","MarkerC07-122"
5.45962916639834e-146,9.1154090272257,1,0.007,1.09192583327967e-141,"C07","MarkerC07-073"
9.42418850800754e-150,10.9142495944773,1,0.003,1.88483770160151e-145,"C08","MarkerC08-030"
9.42418850800754e-150,9.48000174561728,1,0.005,1.88483770160151e-145,"C08","MarkerC08-007"
9.42435583940463e-150,11.0413087827111,1,0.002,1.88487116788093e-145,"C08","MarkerC08-001"
9.42435583940463e-150,10.2623489582226,1,0.003,1.88487116788093e-145,"C08","MarkerC08-022"
9.42443950621087e-150,10.278594958249,1,0.004,1.88488790124217e-145,"C08","MarkerC08-024"
9.42443950621087e-150,10.0914392355835,1,0.004,1.88488790124217e-145,"C08","MarkerC08-060"
9.42452317375531e-150,10.0638940510258,1,0.004,1.88490463475106e-145,"C08","MarkerC08-070"
9.42452317375531e-150,9.79977172575229,1,0.005,1.88490463475106e-145,"C08","MarkerC08-054"
9.42460684203793e-150,10.6302271020376,1,0.003,1.88492136840759e-145,"C08","MarkerC08-117"
9.42460684203793e-150,10.7366459009154,1,0.003,1.88492136840759e-145,"C08","MarkerC08-141"
9.42460684203793e-150,9.97764567452038,1,0.004,1.88492136840759e-145,"C08","MarkerC08-086"
9.42460684203793e-150,9.8323946815176,1,0.004,1.88492136840759e-145,"C08","MarkerC08-099"
9.42460684203793e-150,9.95513788819303,1,0.005,1.88492136840759e-145,"C08","MarkerC08-139"
9.42469051105963e-150,9.75367535943468,1,0.004,1.88493810221193e-145,"C08","MarkerC08-142"
9.42469051105963e-150,9.36955593789984,1,0.006,1.88493810221193e-145,"C08","MarkerC08-119"
9.42477418081866e-150,10.3616620981191,1,0.003,1.88495483616373e-145,"C08","MarkerC08-132"
9.42485785131677e-150,10.8142358188951,1,0.003,1.88497157026335e-145,"C08","MarkerC08-121"
9.42502519452854e-150,9.94832874206041,1,0.004,1.88500503890571e-145,"C08","MarkerC08-113"
2.84221935133241e-149,10.3160760650352,1,0.003,5.68443870266483e-145,"C08","MarkerC08-064"
2.84221935133241e-149,10.575491024077,1,0.004,5.68443870266483e-145,"C08","MarkerC08-040"
2.8423446987692e-149,10.088650858906,1,0.003,5.68468939753839e-145,"C08","MarkerC08-122"
2.8423446987692e-149,10.0781130137246,1,0.004,5.68468939753839e-145,"C08","MarkerC08-093"
2.8423446987692e-149,10.3069876302346,1,0.004,5.68468939753839e-145,"C08","MarkerC08-103"
2.84236976891568e-149,9.68680859960092,1,0.005,5.68473953783135e-145,"C08","MarkerC08-044"
2.84236976891568e-149,9.07955725841716,1,0.007,5.68473953783135e-145,"C08","MarkerC08-106"
2.84239483928216e-149,10.8103391192781,1,0.003,5.68478967856433e-145,"C08","MarkerC08-116"
2.84241990986866e-149,9.84610751828168,1,0.004,5.68483981973733e-145,"C08","MarkerC08-012"
2.84241990986866e-149,9.88281977342817,1,0.005,5.68483981973733e-145,"C08","MarkerC08-073"
2.84241990986866e-149,9.53091133063382,1,0.007,5.68483981973733e-145,"C08","MarkerC08-035"
2.84244498067492e-149,9.95913937609233,1,0.003,5.68488996134983e-145,"C08","MarkerC08-050"
2.84244498067492e-149,10.9025954245984,1,0.003,5.68488996134983e-145,"C08","MarkerC08-114"
2.84247005170092e-149,9.95340221688123,1,0.004,5.68494010340184e-145,"C08","MarkerC08-079"
2.84247005170092e-149,10.1682662072196,1,0.005,5.68494010340184e-145,"C08","MarkerC08-052"
2.84247005170092e-149,9.82018565015321,1,0.005,5.68494010340184e-145,"C08","MarkerC08-098"
2.84249512294641e-149,10.0258604193732,1,0.003,5.68499024589283e-145,"C08","MarkerC08-047"
2.84249512294641e-149,10.1000255096489,1,0.005,5.68499024589283e-145,"C08","MarkerC08-026"
2.84249512294641e-149,9.47491652227698,1,0.007,5.68499024589283e-145,"C08","MarkerC08-004"
2.84252019441219e-149,11.0290612743057,1,0.003,5.68504038882439e-145,"C08","MarkerC08-033"
2.84252019441219e-149,10.6174889520647,1,0.003,5.68504038882439e-145,"C08","MarkerC08-081"
2.87965301623165e-149,9.46366225614272,1,0.007,5.7593060324633e-145,"C08","MarkerC08-087"
2.8796784144708e-149,9.81753130433717,1,0.005,5.7593568289416e-145,"C08","MarkerC08-107"
2.87972921161747e-149,10.3327992717097,1,0.003,5.75945842323494e-145,"C08","MarkerC08-014"
2.87972921161747e-149,10.1451748548172,1,0.004,5.75945842323494e-145,"C08","MarkerC08-127"
2.879754610525e-149,9.73455327407838,1,0.005,5.75950922104999e-145,"C08","MarkerC08-057"
2.879754610525e-149,9.48385639429954,1,0.007,5.75950922104999e-145,"C08","MarkerC08-149"
2.87978000965514e-149,9.60396555671048,1,0.005,5.75956001931029e-145,"C08","MarkerC08-097"
2.87983080858331e-149,9.05675855865669,1,0.007,5.75966161716662e-145,"C08","MarkerC08-021"
2.91742457884648e-149,9.81478037624172,1,0.006,5.83484915769297e-145,"C08","MarkerC08-043"
2.95571690977257e-149,10.6121879146148,1,0.003,5.91143381954513e-145,"C08","MarkerC08-109"
2.95574297688668e-149,9.74300723812858,1,0.005,5.91148595377335e-145,"C08","MarkerC08-063"
3.32373765975752e-149,9.46417668297895,1,0.005,6.64747531951504e-145,"C08","MarkerC08-138"
8.47361980917252e-149,10.2488822060612,1,0.004,1.6947239618345e-144,"C08","MarkerC08-029"
8.47361980917252e-149,9.58303537914407,1,0.005,1.6947239618345e-144,"C08","MarkerC08-059"
8.47384258770668e-149,9.9132703027838,1,0.004,1.69476851754134e-144,"C08","MarkerC08-135"
8.47399110996342e-149,10.2175506425263,1,0.004,1.69479822199268e-144,"C08","MarkerC08-003"
8.47406537206183e-149,10.607154547296,1,0.003,1.69481307441237e-144,"C08","MarkerC08-068"
8.47406537206183e-149,10.0564787695092,1,0.005,1.69481307441237e-144,"C08","MarkerC08-032"
8.47406537206183e-149,9.59825993529863,1,0.005,1.69481307441237e-144,"C08","MarkerC08-065"
8.47406537206183e-149,9.72881275596707,1,0.006,1.69481307441237e-144,"C08","MarkerC08-111"
8.47413963480772e-149,9.7575156547408,1,0.005,1.69482792696154e-144,"C08","MarkerC08-042"
8.47413963480772e-149,9.7617204676548,1,0.005,1.69482792696154e-144,"C08","MarkerC08-115"
8.47413963480772e-149,9.65106232492465,1,0.006,1.69482792696154e-144,"C08","MarkerC08-148"
8.47413963480772e-149,9.24302096409346,1,0.009,1.69482792696154e-144,"C08","MarkerC08-005"
8.47421389820112e-149,10.8582597171916,1,0.003,1.69484277964022e-144,"C08","MarkerC08-067"
8.47421389820112e-149,9.43883450986624,1,0.007,1.69484277964022e-144,"C08","MarkerC08-053"
8.47436242692728e-149,9.88753669988162,1,0.004,1.69487248538546e-144,"C08","MarkerC08-150"
8.47451095824191e-149,9.94434925467794,1,0.004,1.69490219164838e-144,"C08","MarkerC08-092"
8.47458522486894e-149,9.59448709759786,1,0.006,1.69491704497379e-144,"C08","MarkerC08-104"
8.47465949214429e-149,9.92362705747528,1,0.005,1.69493189842886e-144,"C08","MarkerC08-051"
8.47465949214429e-149,9.79441939272597,1,0.005,1.69493189842886e-144,"C08","MarkerC08-101"
8.58523582135163e-149,10.6049560656316,1,0.003,1.71704716427033e-144,"C08","MarkerC08-055"
8.58531105543828e-149,9.25030725143233,1,0.006,1.71706221108766e-144,"C08","MarkerC08-034"
8.69710036911723e-149,9.88354649975838,1,0.004,1.73942007382345e-144,"C08","MarkerC08-134"
8.69725279272827e-149,9.97536027675385,1,0.004,1.73945055854565e-144,"C08","MarkerC08-038"
8.69725279272827e-149,9.33507612996163,1,0.007,1.73945055854565e-144,"C08","MarkerC08-066"
8.69748143312572e-149,9.3683332864731,1,0.007,1.73949628662514e-144,"C08","MarkerC08-016"
8.69755764791883e-149,9.67633738780471,1,0.004,1.73951152958377e-144,"C08","MarkerC08-128"
8.69771007949765e-149,10.4104711285265,1,0.004,1.73954201589953e-144,"C08","MarkerC08-124"
8.69786251373196e-149,10.6678190871203,1,0.003,1.73957250274639e-144,"C08","MarkerC08-089"
8.8111151755174e-149,9.77700988315781,1,0.003,1.76222303510348e-144,"C08","MarkerC08-027"
8.8111151755174e-149,10.4806233857771,1,0.004,1.76222303510348e-144,"C08","MarkerC08-076"
8.8111151755174e-149,9.16276238499397,1,0.007,1.76222303510348e-144,"C08","MarkerC08-082"
8.8112695913744e-149,9.9269668140207,1,0.004,1.76225391827488e-144,"C08","MarkerC08-110"
8.81150122020408e-149,10.7294398369241,1,0.003,1.76230024404082e-144,"C08","MarkerC08-013"
9.7770049833516e-149,9.88440705647039,1,0.004,1.95540099667032e-144,"C08","MarkerC08-100"
1.07082672090325e-148,10.0245766361648,1,0.004,2.1416534418065e-144,"C08","MarkerC08-023"
1.113334831906e-148,9.74183820519792,1,0.004,2.22666966381199e-144,"C08","MarkerC08-010"
2.49789925451696e-148,10.1781038799518,1,0.004,4.99579850903391e-144,"C08","MarkerC08-091"
2.49789925451696e-148,9.98266447605906,1,0.005,4.99579850903391e-144,"C08","MarkerC08-123"
2.49789925451696e-148,9.63345506686863,1,0.007,4.99579850903391e-144,"C08","MarkerC08-074"
2.49794275612008e-148,9.67552557363769,1,0.007,4.99588551224016e-144,"C08","MarkerC08-002"
2.49796450720382e-148,9.72316061174706,1,0.005,4.99592901440763e-144,"C08","MarkerC08-085"
2.49798625847598e-148,9.42987327979568,1,0.007,4.99597251695196e-144,"C08","MarkerC08-090"
2.49800800993658e-148,9.85311641281142,1,0.005,4.99601601987316e-144,"C08","MarkerC08-018"
2.49802976158537e-148,9.72783987738784,1,0.006,4.99605952317075e-144,"C08","MarkerC08-105"
2.49802976158537e-148,9.49434593094771,1,0.007,4.99605952317075e-144,"C08","MarkerC08-133"
2.49805151342237e-148,10.2773099028498,1,0.004,4.99610302684475e-144,"C08","MarkerC08-083"
2.49809501766121e-148,10.8289497499519,1,0.003,4.99619003532243e-144,"C08","MarkerC08-036"
2.49809501766121e-148,10.1767451576213,1,0.004,4.99619003532243e-144,"C08","MarkerC08-008"
2.49816027543161e-148,10.0285456160884,1,0.004,4.99632055086322e-144,"C08","MarkerC08-006"
2.53036502604486e-148,9.42836226298488,1,0.007,5.06073005208971e-144,"C08","MarkerC08-088"
2.53040909136742e-148,10.3577762157821,1,0.003,5.06081818273483e-144,"C08","MarkerC08-147"
2.53049722430007e-148,9.43724318148026,1,0.006,5.06099444860015e-144,"C08","MarkerC08-140"
2.53051925801017e-148,10.607284868093,1,0.003,5.06103851602033e-144,"C08","MarkerC08-108"
2.53065146427553e-148,9.75991918379192,1,0.005,5.06130292855107e-144,"C08","MarkerC08-009"
2.56347532380333e-148,10.2390905167969,1,0.003,5.12695064760666e-144,"C08","MarkerC08-137"
2.56351996400247e-148,9.82580481478433,1,0.005,5.12703992800495e-144,"C08","MarkerC08-145"
2.59690516906445e-148,9.78621809356655,1,0.005,5.1938103381289e-144,"C08","MarkerC08-061"
2.59690516906445e-148,8.94452158232995,1,0.009,5.1938103381289e-144,"C08","MarkerC08-011"
2.59701822205125e-148,9.11461215416329,1,0.006,5.1940364441025e-144,"C08","MarkerC08-118"
2.63065579574121e-148,8.79588725623461,1,0.009,5.26131159148241e-144,"C08","MarkerC08-025"
2.63109099015827e-148,9.85975544497348,1,0.004,5.26218198031654e-144,"C08","MarkerC08-129"
2.70004075260096e-148,9.86319762720751,1,0.005,5.40008150520192e-144,"C08","MarkerC08-069"
2.77079466154357e-148,9.77271165769193,1,0.005,5.54158932308714e-144,"C08","MarkerC08-049"
2.77089114101211e-148,9.98046812903091,1,0.004,5.54178228202423e-144,"C08","MarkerC08-041"
2.9946454733055e-148,9.65448373021475,1,0.005,5.989290946611e-144,"C08","MarkerC08-144"
3.11347032551366e-148,9.78739013263625,1,0.005,6.22694065102731e-144,"C08","MarkerC08-095"
7.28157186731938e-148,10.3931929066421,1,0.003,1.45631437346388e-143,"C08","MarkerC08-062"
7.28163487053665e-148,9.18356612660862,1,0.007,1.45632697410733e-143,"C08","MarkerC08-020"
7.28176087859612e-148,9.01631979373787,1,0.007,1.45635217571922e-143,"C08","MarkerC08-019"
7.28188688882284e-148,9.53237523809243,1,0.005,1.45637737776457e-143,"C08","MarkerC08-080"
7.37584727582847e-148,10.2726028129158,1,0.004,1.47516945516569e-143,"C08","MarkerC08-120"
7.37629400282784e-148,9.78127397920795,1,0.006,1.47525880056557e-143,"C08","MarkerC08-131"
7.37667693308972e-148,9.63773908952456,1,0.005,1.47533538661795e-143,"C08","MarkerC08-039"
7.47211717882921e-148,9.403787425697,1,0.006,1.49442343576584e-143,"C08","MarkerC08-126"
7.47244041903448e-148,9.70843968976364,1,0.006,1.4944880838069e-143,"C08","MarkerC08-084"
7.56892136364843e-148,10.1730806969203,1,0.004,1.51378427272969e-143,"C08","MarkerC08-046"
7.56905232812621e-148,9.62820767458436,1,0.004,1.51381046562524e-143,"C08","MarkerC08-078"
7.56918329485623e-148,9.97062063824135,1,0.005,1.51383665897124e-143,"C08","MarkerC08-125"
7.56944523507385e-148,9.85707535193836,1,0.006,1.51388904701477e-143,"C08","MarkerC08-102"
7.6669778109816e-148,9.00260047832951,1,0.009,1.53339556219632e-143,"C08","MarkerC08-045"
7.66777378168391e-148,9.86221613717155,1,0.006,1.53355475633678e-143,"C08","MarkerC08-096"
7.66810546038666e-148,10.5113669462206,1,0.004,1.53362109207733e-143,"C08","MarkerC08-071"
8.17909314266285e-148,9.3217765664281,1,0.008,1.63581862853257e-143,"C08","MarkerC08-130"
8.61267221870408e-148,10.1615889056953,1,0.005,1.72253444374082e-143,"C08","MarkerC08-143"
9.18674021284232e-148,9.48162938842972,1,0.006,1.83734804256846e-143,"C08","MarkerC08-037"
9.42803434230142e-148,9.57731407511539,1,0.006,1.88560686846028e-143,"C08","MarkerC08-031"
2.09916289829172e-147,9.46416257405779,1,0.007,4.19832579658343e-143,"C08","MarkerC08-075"
2.0991809468652e-147,10.2332578345319,1,0.004,4.1983618937304e-143,"C08","MarkerC08-112"
2.09927119204726e-147,9.25578779143962,1,0.007,4.19854238409451e-143,"C08","MarkerC08-072"
2.1540670993322e-147,9.46452039032642,1,0.006,4.3081341986644e-143,"C08","MarkerC08-077"
2.18197953669107e-147,9.42378211758916,1,0.007,4.36395907338213e-143,"C08","MarkerC08-094"
2.26788294159726e-147,9.66005131631409,1,0.006,4.53576588319452e-143,"C08","MarkerC08-136"
2.31192383908792e-147,9.17361645375735,1,0.006,4.62384767817585e-143,"C08","MarkerC08-015"
5.98653478492517e-147,9.34056714410399,1,0.007,1.19730695698503e-142,"C08","MarkerC08-017"
5.98653478492517e-147,9.23946214886444,1,0.008,1.19730695698503e-142,"C08","MarkerC08-056"
5.98658593553859e-147,9.34561708061742,1,0.007,1.19731718710772e-142,"C08","MarkerC08-058"
5.9866882380691e-147,9.71724799972272,1,0.006,1.19733764761382e-142,"C08","MarkerC08-028"
6.54881716229582e-147,9.31717767723658,1,0.008,1.30976343245916e-142,"C08","MarkerC08-048"
6.00803655546029e-146,8.97809489007337,1,0.01,1.20160731109206e-141,"C08","MarkerC08-146"
9.42418850800754e-150,9.95413945021784,1,0.004,1.88483770160151e-145,"C09","MarkerC09-110"
9.42460684203793e-150,10.9959110930236,1,0.002,1.88492136840759e-145,"C09","MarkerC09-139"
9.42469051105963e-150,10.6641834597404,1,0.004,1.88493810221193e-145,"C09","MarkerC09-142"
9.42477418081866e-150,10.1504344964804,1,0.004,1.88495483616373e-145,"C09","MarkerC09-037"
9.42494152255398e-150,10.5967849266405,1,0.003,1.8849883045108e-145,"C09","MarkerC09-105"
9.42494152255398e-150,10.1600556727016,1,0.005,1.8849883045108e-145,"C09","MarkerC09-043"
9.42502519452854e-150,11.2413248792667,1,0.002,1.88500503890571e-145,"C09","MarkerC09-048"
9.42502519452854e-150,9.88993171647426,1,0.005,1.88500503890571e-145,"C09","MarkerC09-067"
9.4251925406941e-150,9.93161158344542,1,0.004,1.88503850813882e-145,"C09","MarkerC09-020"
9.42527621488513e-150,9.49199352554128,1,0.005,1.88505524297703e-145,"C09","MarkerC09-132"
2.84201880686448e-149,9.50649032431614,1,0.007,5.68403761372897e-145,"C09","MarkerC09-022"
2.84224442038019e-149,10.5802587835478,1,0.003,5.68448884076037e-145,"C09","MarkerC09-001"
2.8422694896477e-149,10.6237704752008,1,0.003,5.68453897929539e-145,"C09","MarkerC09-089"
2.8423196288422e-149,11.1138433737923,1,0.002,5.6846392576844e-145,"C09","MarkerC09-100"
2.8423196288422e-149,10.0432192696961,1,0.004,5.6846392576844e-145,"C09","MarkerC09-123"
2.8423446987692e-149,11.1360319548484,1,0.003,5.68468939753839e-145,"C09","MarkerC09-009"
2.84236976891568e-149,10.5125101169374,1,0.003,5.68473953783135e-145,"C09","MarkerC09-004"
2.84236976891568e-149,10.6251729182265,1,0.003,5.68473953783135e-145,"C09","MarkerC09-093"
2.84236976891568e-149,11.3992621530834,1,0.003,5.68473953783135e-145,"C09","MarkerC09-121"
2.84239483928216e-149,9.5968302488067,1,0.004,5.68478967856433e-145,"C09","MarkerC09-061"
2.84241990986866e-149,11.0120198178779,1,0.002,5.68483981973733e-145,"C09","MarkerC09-045"
2.84241990986866e-149,10.7646187930622,1,0.003,5.68483981973733e-145,"C09","MarkerC09-141"
2.84241990986866e-149,9.88833207920798,1,0.004,5.68483981973733e-145,"C09","MarkerC09-131"
2.84241990986866e-149,9.94292709943477,1,0.005,5.68483981973733e-145,"C09","MarkerC09-147"
2.84244498067492e-149,10.0808379769464,1,0.003,5.68488996134983e-145,"C09","MarkerC09-073"
2.84244498067492e-149,9.99278307838545,1,0.004,5.68488996134983e-145,"C09","MarkerC09-002"
2.84244498067492e-149,9.98802768179404,1,0.004,5.68488996134983e-145,"C09","MarkerC09-039"
2.84244498067492e-149,10.1642637639128,1,0.004,5.68488996134983e-145,"C09","MarkerC09-109"
2.84244498067492e-149,9.93878780774094,1,0.005,5.68488996134983e-145,"C09","MarkerC09-101"
2.84247005170092e-149,10.5579523429726,1,0.003,5.68494010340184e-145,"C09","MarkerC09-117"
2.84247005170092e-149,10.0434424079034,1,0.004,5.68494010340184e-145,"C09","MarkerC09-079"
2.84247005170092e-149,9.89477260320436,1,0.005,5.68494010340184e-145,"C09","MarkerC09-038"
2.84249512294641e-149,10.4163818176439,1,0.003,5.68499024589283e-145,"C09","MarkerC09-041"
2.84252019441219e-149,10.4917710186278,1,0.003,5.68504038882439e-145,"C09","MarkerC09-054"
2.84252019441219e-149,9.26600778082995,1,0.007,5.68504038882439e-145,"C09","MarkerC09-107"
2.84254526609799e-149,9.90433972921448,1,0.004,5.68509053219598e-145,"C09","MarkerC09-113"
2.87970381293283e-149,10.0081969934892,1,0.004,5.75940762586565e-145,"C09","MarkerC09-125"
2.87972921161747e-149,10.198730240238,1,0.003,5.75945842323494e-145,"C09","MarkerC09-063"
2.879754610525e-149,10.1795470697635,1,0.004,5.75950922104999e-145,"C09","MarkerC09-052"
2.879754610525e-149,9.46398200192369,1,0.005,5.75950922104999e-145,"C09","MarkerC09-137"
2.87978000965514e-149,9.23773996541761,1,0.007,5.75956001931029e-145,"C09","MarkerC09-064"
2.87983080858331e-149,10.3268636654038,1,0.003,5.75966161716662e-145,"C09","MarkerC09-119"
2.91737311873585e-149,9.86101918756492,1,0.006,5.83474623747169e-145,"C09","MarkerC09-103"
2.91747603985945e-149,9.49397949117539,1,0.006,5.8349520797189e-145,"C09","MarkerC09-025"
2.91750177070435e-149,10.22486000702,1,0.004,5.83500354140869e-145,"C09","MarkerC09-085"
2.9558211795995e-149,9.32819807185887,1,0.005,5.911642359199e-145,"C09","MarkerC09-008"
3.23821750151653e-149,9.8731822236659,1,0.004,6.47643500303305e-145,"C09","MarkerC09-034"
8.47384258770668e-149,9.71156055979245,1,0.006,1.69476851754134e-144,"C09","MarkerC09-032"
8.47391684851092e-149,9.56841086694293,1,0.006,1.69478336970218e-144,"C09","MarkerC09-062"
8.47399110996342e-149,9.97320098560088,1,0.004,1.69479822199268e-144,"C09","MarkerC09-066"
8.47399110996342e-149,10.0830686194241,1,0.004,1.69479822199268e-144,"C09","MarkerC09-129"
8.47406537206183e-149,10.0194091805364,1,0.005,1.69481307441237e-144,"C09","MarkerC09-014"
8.47406537206183e-149,9.57608051476545,1,0.006,1.69481307441237e-144,"C09","MarkerC09-150"
8.47413963480772e-149,10.251234154838,1,0.004,1.69482792696154e-144,"C09","MarkerC09-012"
8.47421389820112e-149,9.86939441192287,1,0.006,1.69484277964022e-144,"C09","MarkerC09-133"
8.47421389820112e-149,9.37589511682874,1,0.007,1.69484277964022e-144,"C09","MarkerC09-015"
8.47428816224045e-149,10.4396776395598,1,0.004,1.69485763244809e-144,"C09","MarkerC09-088"
8.47443669226162e-149,10.7893431247143,1,0.003,1.69488733845232e-144,"C09","MarkerC09-108"
8.47443669226162e-149,10.0303272083332,1,0.004,1.69488733845232e-144,"C09","MarkerC09-017"
8.47443669226162e-149,9.40181837190591,1,0.005,1.69488733845232e-144,"C09","MarkerC09-036"
8.47451095824191e-149,9.5317793109122,1,0.006,1.69490219164838e-144,"C09","MarkerC09-029"
8.47458522486894e-149,10.2356878535704,1,0.004,1.69491704497379e-144,"C09","MarkerC09-013"
8.47458522486894e-149,9.73841658966524,1,0.006,1.69491704497379e-144,"C09","MarkerC09-056"
8.58493489155873e-149,9.91808350158736,1,0.005,1.71698697831175e-144,"C09","MarkerC09-128"
8.58501012302407e-149,9.58075231230291,1,0.005,1.71700202460481e-144,"C09","MarkerC09-071"
8.58516058792011e-149,10.6112505278767,1,0.003,1.71703211758402e-144,"C09","MarkerC09-070"
8.58516058792011e-149,10.2684298912402,1,0.004,1.71703211758402e-144,"C09","MarkerC09-120"
8.58531105543828e-149,9.79470151495287,1,0.006,1.71706221108766e-144,"C09","MarkerC09-086"
8.58538629018008e-149,10.3020595561349,1,0.004,1.71707725803602e-144,"C09","MarkerC09-099"
8.58583771239475e-149,10.087510423216,1,0.003,1.71716754247895e-144,"C09","MarkerC09-127"
8.69793873184503e-149,10.160774966538,1,0.004,1.73958774636901e-144,"C09","MarkerC09-047"
8.69831983236903e-149,9.58955381897517,1,0.007,1.73966396647381e-144,"C09","MarkerC09-140"
8.8111151755174e-149,10.0672905491093,1,0.004,1.76222303510348e-144,"C09","MarkerC09-050"
8.8112695913744e-149,9.29739648833626,1,0.007,1.76225391827488e-144,"C09","MarkerC09-069"
8.92607492039352e-149,9.6116310460369,1,0.007,1.7852149840787e-144,"C09","MarkerC09-081"
8.92701350865954e-149,9.39886135596407,1,0.006,1.78540270173191e-144,"C09","MarkerC09-046"
9.28156322211974e-149,9.51249720788511,1,0.007,1.85631264442395e-144,"C09","MarkerC09-016"
9.28180717643489e-149,10.0520309863737,1,0.004,1.85636143528698e-144,"C09","MarkerC09-006"
9.40289875732979e-149,9.5725569176452,1,0.005,1.88057975146596e-144,"C09","MarkerC09-023"
9.40298113460864e-149,9.52700756780165,1,0.006,1.88059622692173e-144,"C09","MarkerC09-145"
9.64966565150993e-149,9.04156724335532,1,0.007,1.92993313030199e-144,"C09","MarkerC09-114"
1.09903921826304e-148,9.29158883060404,1,0.005,2.19807843652608e-144,"C09","MarkerC09-090"
1.25146758779078e-148,10.3653898983002,1,0.002,2.50293517558156e-144,"C09","MarkerC09-094"
2.4979210052243e-148,9.59828818080929,1,0.006,4.99584201044861e-144,"C09","MarkerC09-074"
2.49794275612008e-148,9.69892779446655,1,0.005,4.99588551224016e-144,"C09","MarkerC09-058"
2.49796450720382e-148,10.5035804548043,1,0.003,4.99592901440763e-144,"C09","MarkerC09-102"
2.49798625847598e-148,10.9880229362187,1,0.003,4.99597251695196e-144,"C09","MarkerC09-106"
2.49798625847598e-148,10.3197815670948,1,0.004,4.99597251695196e-144,"C09","MarkerC09-042"
2.49800800993658e-148,9.96892067084701,1,0.003,4.99601601987316e-144,"C09","MarkerC09-049"
2.49800800993658e-148,10.0476830335433,1,0.006,4.99601601987316e-144,"C09","MarkerC09-143"
2.49800800993658e-148,9.41575543476342,1,0.007,4.99601601987316e-144,"C09","MarkerC09-077"
2.49802976158537e-148,10.0622390125156,1,0.005,4.99605952317075e-144,"C09","MarkerC09-111"
2.49802976158537e-148,9.71107493756305,1,0.006,4.99605952317075e-144,"C09","MarkerC09-126"
2.49807326544734e-148,9.67648730424682,1,0.005,4.99614653089469e-144,"C09","MarkerC09-087"
2.49807326544734e-148,9.34676385358787,1,0.007,4.99614653089469e-144,"C09","MarkerC09-051"
2.53058536028474e-148,9.82807996985451,1,0.006,5.06117072056947e-144,"C09","MarkerC09-007"
2.53062942942137e-148,9.52474954002146,1,0.007,5.06125885884274e-144,"C09","MarkerC09-138"
2.56356460497428e-148,9.68441828725905,1,0.005,5.12712920994856e-144,"C09","MarkerC09-098"
2.56367621078503e-148,9.45188608465902,1,0.007,5.12735242157005e-144,"C09","MarkerC09-144"
2.56374317658982e-148,9.69911199670343,1,0.007,5.12748635317965e-144,"C09","MarkerC09-057"
2.59690516906445e-148,10.350726234668,1,0.003,5.1938103381289e-144,"C09","MarkerC09-030"
2.59697300026931e-148,10.1223541342007,1,0.004,5.19394600053863e-144,"C09","MarkerC09-146"
2.59697300026931e-148,9.9047500215713,1,0.005,5.19394600053863e-144,"C09","MarkerC09-096"
2.59701822205125e-148,10.3013172871224,1,0.003,5.1940364441025e-144,"C09","MarkerC09-092"
2.59704083323564e-148,9.22111705964673,1,0.007,5.19408166647128e-144,"C09","MarkerC09-095"
2.59706344461565e-148,10.0823357239228,1,0.004,5.19412688923129e-144,"C09","MarkerC09-033"
2.63081612220071e-148,9.48449413677106,1,0.007,5.26163224440141e-144,"C09","MarkerC09-018"
2.6308619315445e-148,9.57206244598797,1,0.006,5.26172386308901e-144,"C09","MarkerC09-035"
2.63095355261111e-148,9.35292712867836,1,0.006,5.26190710522222e-144,"C09","MarkerC09-044"
2.66519242900063e-148,9.76248963396627,1,0.005,5.33038485800126e-144,"C09","MarkerC09-059"
2.69971169770951e-148,9.17127935855932,1,0.007,5.39942339541902e-144,"C09","MarkerC09-148"
2.73505831703119e-148,9.44627260740725,1,0.006,5.47011663406237e-144,"C09","MarkerC09-005"
2.77084290086059e-148,9.75604303906524,1,0.005,5.54168580172118e-144,"C09","MarkerC09-082"
2.77093938199919e-148,10.1256179141703,1,0.004,5.54187876399837e-144,"C09","MarkerC09-028"
2.7888494299754e-148,10.521403243992,1,0.003,5.57769885995079e-144,"C09","MarkerC09-091"
2.84362260753691e-148,9.7024443709947,1,0.004,5.68724521507383e-144,"C09","MarkerC09-065"
2.88047442196542e-148,9.9855804558964,1,0.004,5.76094884393084e-144,"C09","MarkerC09-010"
2.8807000726012e-148,9.67565506544313,1,0.004,5.7614001452024e-144,"C09","MarkerC09-116"
3.88012363651546e-148,9.46602999793889,1,0.006,7.76024727303092e-144,"C09","MarkerC09-130"
7.28138286091935e-148,9.69565194744608,1,0.005,1.45627657218387e-143,"C09","MarkerC09-026"
7.28176087859612e-148,9.90782184688244,1,0.005,1.45635217571922e-143,"C09","MarkerC09-097"
7.28182388343832e-148,9.29983254862122,1,0.007,1.45636477668766e-143,"C09","MarkerC09-124"
7.28188688882284e-148,10.5296303210279,1,0.004,1.45637737776457e-143,"C09","MarkerC09-019"
7.28194989474902e-148,9.18281425692891,1,0.007,1.4563899789498e-143,"C09","MarkerC09-055"
7.37642164405297e-148,10.0680175474191,1,0.005,1.47528432881059e-143,"C09","MarkerC09-027"
7.47244041903448e-148,9.88999620780701,1,0.006,1.4944880838069e-143,"C09","MarkerC09-053"
7.56911781120977e-148,9.65788230095739,1,0.005,1.51382356224195e-143,"C09","MarkerC09-003"
7.56931426383922e-148,9.57261283894116,1,0.005,1.51386285276784e-143,"C09","MarkerC09-031"
7.56937974917438e-148,9.51992340790397,1,0.006,1.51387594983488e-143,"C09","MarkerC09-104"
7.66750844899042e-148,10.605512608407,1,0.003,1.53350168979808e-143,"C09","MarkerC09-076"
7.7674449102401e-148,9.49201414778528,1,0.005,1.55348898204802e-143,"C09","MarkerC09-084"
7.97020225972513e-148,10.7216826196519,1,0.003,1.59404045194503e-143,"C09","MarkerC09-149"
7.97047803534539e-148,9.70963135178052,1,0.005,1.59409560706908e-143,"C09","MarkerC09-115"
8.17923463224857e-148,9.65482975906499,1,0.006,1.63584692644971e-143,"C09","MarkerC09-135"
8.39330528830463e-148,9.62139241301712,1,0.004,1.67866105766093e-143,"C09","MarkerC09-134"
8.50268677770884e-148,9.01493981008771,1,0.008,1.70053735554177e-143,"C09","MarkerC09-083"
1.01867647145713e-147,8.93759627388038,1,0.007,2.03735294291427e-143,"C09","MarkerC09-136"
2.09928924154621e-147,10.1155464314253,1,0.005,4.19857848309243e-143,"C09","MarkerC09-040"
2.09928924154621e-147,9.74230941869113,1,0.005,4.19857848309243e-143,"C09","MarkerC09-075"
2.15404858028119e-147,9.84105113491943,1,0.004,4.30809716056238e-143,"C09","MarkerC09-011"
2.1540856185412e-147,9.55202948018514,1,0.007,4.30817123708239e-143,"C09","MarkerC09-080"
2.18197953669107e-147,9.68059333539864,1,0.007,4.36395907338213e-143,"C09","MarkerC09-118"
2.21019611680885e-147,10.2059789125263,1,0.004,4.42039223361771e-143,"C09","MarkerC09-072"
2.21021511712045e-147,8.98200710849118,1,0.009,4.42043023424091e-143,"C09","MarkerC09-021"
2.41874217704644e-147,9.15594850724126,1,0.007,4.83748435409288e-143,"C09","MarkerC09-024"
2.5464545480069e-147,10.0576790734721,1,0.004,5.09290909601379e-143,"C09","MarkerC09-060"
6.30190132844589e-147,8.98826288957058,1,0.009,1.26038026568918e-142,"C09","MarkerC09-068"
7.35124216982426e-147,9.35905851615657,1,0.007,1.47024843396485e-142,"C09","MarkerC09-122"
1.05281787530299e-146,9.1801554097872,1,0.007,2.10563575060597e-142,"C09","MarkerC09-078"
1.73273609113626e-146,9.79188328676332,1,0.005,3.46547218227252e-142,"C09","MarkerC09-112"
9.42393751644946e-150,10.3907810497402,1,0.004,1.88478750328989e-145,"C10","MarkerC10-128"
9.42402117956312e-150,10.2963487398233,1,0.003,1.88480423591262e-145,"C10","MarkerC10-085"
9.42418850800754e-150,10.2614800077867,1,0.003,1.88483770160151e-145,"C10","MarkerC10-111"
9.42418850800754e-150,10.0891713935281,1,0.004,1.88483770160151e-145,"C10","MarkerC10-086"
9.42443950621087e-150,10.0204714234221,1,0.004,1.88488790124217e-145,"C10","MarkerC10-125"
9.42452317375531e-150,9.698425980023,1,0.004,1.88490463475106e-145,"C10","MarkerC10-091"
9.42452317375531e-150,9.6800497189331,1,0.005,1.88490463475106e-145,"C10","MarkerC10-021"
9.42477418081866e-150,9.84303558804562,1,0.005,1.88495483616373e-145,"C10","MarkerC10-008"
9.42485785131677e-150,10.8276403568191,1,0.003,1.88497157026335e-145,"C10","MarkerC10-134"
9.42485785131677e-150,9.66402406212714,1,0.005,1.88497157026335e-145,"C10","MarkerC10-065"
9.42485785131677e-150,9.35121472380262,1,0.006,1.88497157026335e-145,"C10","MarkerC10-084"
9.4251925406941e-150,10.1738304802868,1,0.003,1.88503850813882e-145,"C10","MarkerC10-110"
2.8421942825049e-149,9.90553596265925,1,0.006,5.6843885650098e-145,"C10","MarkerC10-075"
2.84224442038019e-149,11.145051114497,1,0.003,5.68448884076037e-145,"C10","MarkerC10-089"
2.8422694896477e-149,10.2981631141624,1,0.003,5.68453897929539e-145,"C10","MarkerC10-006"
2.8423196288422e-149,10.025404375746,1,0.004,5.6846392576844e-145,"C10","MarkerC10-103"
2.8423196288422e-149,9.24832042932324,1,0.007,5.6846392576844e-145,"C10","MarkerC10-017"
2.84236976891568e-149,10.5475073934551,1,0.003,5.68473953783135e-145,"C10","MarkerC10-104"
2.84236976891568e-149,10.4471252587179,1,0.003,5.68473953783135e-145,"C10","MarkerC10-122"
2.84239483928216e-149,10.3814016948368,1,0.003,5.68478967856433e-145,"C10","MarkerC10-062"
2.84241990986866e-149,12.2766190191082,1,0.001,5.68483981973733e-145,"C10","MarkerC10-040"
2.84244498067492e-149,10.3861033229136,1,0.003,5.68488996134983e-145,"C10","MarkerC10-079"
2.84244498067492e-149,10.5796795058852,1,0.003,5.68488996134983e-145,"C10","MarkerC10-116"
2.84244498067492e-149,10.8775790790456,1,0.003,5.68488996134983e-145,"C10","MarkerC10-126"
2.84247005170092e-149,10.3182028342511,1,0.004,5.68494010340184e-145,"C10","MarkerC10-052"
2.84247005170092e-149,10.1953770553711,1,0.005,5.68494010340184e-145,"C10","MarkerC10-019"
2.84249512294641e-149,9.64204779104319,1,0.006,5.68499024589283e-145,"C10","MarkerC10-054"
2.84249512294641e-149,9.54880798291403,1,0.007,5.68499024589283e-145,"C10","MarkerC10-024"
2.84252019441219e-149,10.0451832656195,1,0.004,5.68504038882439e-145,"C10","MarkerC10-027"
2.84254526609799e-149,10.5152168235413,1,0.003,5.68509053219598e-145,"C10","MarkerC10-002"
2.84254526609799e-149,10.979554565217,1,0.003,5.68509053219598e-145,"C10","MarkerC10-055"
2.84254526609799e-149,9.82211788536834,1,0.004,5.68509053219598e-145,"C10","MarkerC10-037"
2.86088766560598e-149,9.30112217812564,1,0.006,5.72177533121196e-145,"C10","MarkerC10-147"
2.87985620838186e-149,9.47303739164843,1,0.006,5.75971241676372e-145,"C10","MarkerC10-108"
2.89856683513866e-149,10.5594617299762,1,0.003,5.79713367027733e-145,"C10","MarkerC10-098"
2.91752750177476e-149,9.52935387755956,1,0.005,5.83505500354953e-145,"C10","MarkerC10-043"
3.03381369782416e-149,9.76121878830203,1,0.004,6.06762739564831e-145,"C10","MarkerC10-124"
3.07357716838575e-149,10.7235411025362,1,0.002,6.14715433677151e-145,"C10","MarkerC10-127"
3.07360427181483e-149,10.2040407529571,1,0.003,6.14720854362966e-145,"C10","MarkerC10-022"
3.50169539981779e-149,9.84270896316836,1,0.004,7.00339079963559e-145,"C10","MarkerC10-121"
8.47361980917252e-149,10.6706574654269,1,0.004,1.6947239618345e-144,"C10","MarkerC10-137"
8.47399110996342e-149,11.3023518458563,1,0.003,1.69479822199268e-144,"C10","MarkerC10-081"
8.47413963480772e-149,9.54748932987354,1,0.006,1.69482792696154e-144,"C10","MarkerC10-033"
8.47421389820112e-149,9.72481078286976,1,0.006,1.69484277964022e-144,"C10","MarkerC10-057"
8.47428816224045e-149,10.5146216579204,1,0.002,1.69485763244809e-144,"C10","MarkerC10-076"
8.47428816224045e-149,9.92358554851627,1,0.005,1.69485763244809e-144,"C10","MarkerC10-074"
8.47436242692728e-149,10.321840846916,1,0.003,1.69487248538546e-144,"C10","MarkerC10-039"
8.47436242692728e-149,10.0167898903681,1,0.005,1.69487248538546e-144,"C10","MarkerC10-042"
8.47436242692728e-149,9.42833828310596,1,0.006,1.69487248538546e-144,"C10","MarkerC10-095"
8.47436242692728e-149,9.44004727535092,1,0.006,1.69487248538546e-144,"C10","MarkerC10-109"
8.47443669226162e-149,10.0023895554474,1,0.004,1.69488733845232e-144,"C10","MarkerC10-077"
8.47443669226162e-149,10.2595374104434,1,0.005,1.69488733845232e-144,"C10","MarkerC10-041"
8.47443669226162e-149,9.79278984671787,1,0.005,1.69488733845232e-144,"C10","MarkerC10-093"
8.47458522486894e-149,10.0023791345538,1,0.004,1.69491704497379e-144,"C10","MarkerC10-050"
8.47458522486894e-149,10.1047641432559,1,0.005,1.69491704497379e-144,"C10","MarkerC10-053"
8.47458522486894e-149,9.72537089424955,1,0.005,1.69491704497379e-144,"C10","MarkerC10-143"
8.47480802863445e-149,10.130355304012,1,0.004,1.69496160572689e-144,"C10","MarkerC10-136"
8.58478443059419e-149,9.76595469889767,1,0.004,1.71695688611884e-144,"C10","MarkerC10-123"
8.58493489155873e-149,9.27196590777624,1,0.006,1.71698697831175e-144,"C10","MarkerC10-063"
8.58501012302407e-149,9.63663163921148,1,0.006,1.71700202460481e-144,"C10","MarkerC10-066"
8.58508535514453e-149,9.53029143485024,1,0.005,1.71701707102891e-144,"C10","MarkerC10-049"
8.58523582135163e-149,9.53292542212679,1,0.006,1.71704716427033e-144,"C10","MarkerC10-028"
8.58561199833877e-149,9.66541688298635,1,0.006,1.71712239966775e-144,"C10","MarkerC10-013"
8.69725279272827e-149,9.83488902762515,1,0.006,1.73945055854565e-144,"C10","MarkerC10-001"
8.69732900553044e-149,10.0055956302242,1,0.004,1.73946580110609e-144,"C10","MarkerC10-069"
8.69740521899626e-149,9.56201267196762,1,0.006,1.73948104379925e-144,"C10","MarkerC10-045"
8.69755764791883e-149,10.2042887632714,1,0.003,1.73951152958377e-144,"C10","MarkerC10-141"
8.69755764791883e-149,10.1123693434902,1,0.004,1.73951152958377e-144,"C10","MarkerC10-120"
8.92662241829187e-149,9.41299829680868,1,0.005,1.78532448365837e-144,"C10","MarkerC10-092"
8.98458752973527e-149,10.076300279124,1,0.004,1.79691750594705e-144,"C10","MarkerC10-106"
9.16155032095518e-149,9.74446157769956,1,0.005,1.83231006419104e-144,"C10","MarkerC10-064"
9.16163058998945e-149,9.57514464978575,1,0.005,1.83232611799789e-144,"C10","MarkerC10-007"
9.16171085972341e-149,10.2159018391631,1,0.003,1.83234217194468e-144,"C10","MarkerC10-029"
9.28156322211974e-149,9.77667728444225,1,0.004,1.85631264442395e-144,"C10","MarkerC10-130"
9.28180717643489e-149,9.28833264536668,1,0.008,1.85636143528698e-144,"C10","MarkerC10-148"
9.40298113460864e-149,9.45659655374982,1,0.005,1.88059622692173e-144,"C10","MarkerC10-100"
9.77623421299488e-149,9.65216371816698,1,0.004,1.95524684259898e-144,"C10","MarkerC10-113"
1.00347174606988e-148,10.3918900847613,1,0.003,2.00694349213976e-144,"C10","MarkerC10-061"
1.04334653719343e-148,9.72038170183504,1,0.004,2.08669307438686e-144,"C10","MarkerC10-099"
2.49779050380445e-148,9.71767879879152,1,0.007,4.9955810076089e-144,"C10","MarkerC10-132"
2.49794275612008e-148,10.5806258373888,1,0.003,4.99588551224016e-144,"C10","MarkerC10-071"
2.49796450720382e-148,10.4509630931941,1,0.003,4.99592901440763e-144,"C10","MarkerC10-102"
2.49796450720382e-148,9.6527463881591,1,0.007,4.99592901440763e-144,"C10","MarkerC10-078"
2.49798625847598e-148,10.4084698344171,1,0.004,4.99597251695196e-144,"C10","MarkerC10-012"
2.49800800993658e-148,9.73177926836651,1,0.006,4.99601601987316e-144,"C10","MarkerC10-146"
2.49807326544734e-148,9.46021742002676,1,0.007,4.99614653089469e-144,"C10","MarkerC10-034"
2.49809501766121e-148,10.1247227878147,1,0.005,4.99619003532243e-144,"C10","MarkerC10-087"
2.49811677006306e-148,9.62115171577531,1,0.006,4.99623354012612e-144,"C10","MarkerC10-101"
2.53036502604486e-148,9.38644241743594,1,0.006,5.06073005208971e-144,"C10","MarkerC10-011"
2.53056332600226e-148,9.2447448091727,1,0.007,5.06112665200453e-144,"C10","MarkerC10-139"
2.53062942942137e-148,9.8381242829797,1,0.006,5.06125885884274e-144,"C10","MarkerC10-118"
2.53065146427553e-148,9.3377652784838,1,0.006,5.06130292855107e-144,"C10","MarkerC10-003"
2.5306955345565e-148,9.79255950323234,1,0.005,5.061391069113e-144,"C10","MarkerC10-014"
2.56351996400247e-148,9.86634574687918,1,0.006,5.12703992800495e-144,"C10","MarkerC10-023"
2.56365388923641e-148,9.45625652928196,1,0.007,5.12730777847282e-144,"C10","MarkerC10-117"
2.56367621078503e-148,9.24645898915414,1,0.008,5.12735242157005e-144,"C10","MarkerC10-097"
2.56369853252676e-148,9.59232270348561,1,0.004,5.12739706505352e-144,"C10","MarkerC10-044"
2.596950389672e-148,9.02483282155697,1,0.008,5.19390077934401e-144,"C10","MarkerC10-088"
2.59697300026931e-148,9.47427075952582,1,0.005,5.19394600053863e-144,"C10","MarkerC10-026"
2.59701822205125e-148,9.29364031597617,1,0.007,5.1940364441025e-144,"C10","MarkerC10-133"
2.59708605619151e-148,9.55390124834383,1,0.005,5.19417211238302e-144,"C10","MarkerC10-016"
2.63083902677341e-148,9.5117716226412,1,0.006,5.26167805354682e-144,"C10","MarkerC10-025"
2.63090774168163e-148,10.0621172001238,1,0.003,5.26181548336325e-144,"C10","MarkerC10-083"
2.66528524207397e-148,9.48549035549929,1,0.006,5.33057048414793e-144,"C10","MarkerC10-135"
2.66530844584448e-148,9.12329286658623,1,0.009,5.33061689168896e-144,"C10","MarkerC10-072"
2.69971169770951e-148,9.35345786337916,1,0.007,5.39942339541902e-144,"C10","MarkerC10-038"
2.77086702083216e-148,10.3490925971876,1,0.003,5.54173404166433e-144,"C10","MarkerC10-018"
2.77091526140146e-148,10.2767287436902,1,0.005,5.54183052280293e-144,"C10","MarkerC10-082"
2.91805707212925e-148,9.00138615042858,1,0.009,5.8361141442585e-144,"C10","MarkerC10-070"
2.91818406214987e-148,9.6380939223888,1,0.005,5.83636812429973e-144,"C10","MarkerC10-112"
7.28138286091935e-148,9.03022724438015,1,0.008,1.45627657218387e-143,"C10","MarkerC10-105"
7.28144586251107e-148,9.61143491766808,1,0.006,1.45628917250221e-143,"C10","MarkerC10-115"
7.28157186731938e-148,9.99464695219664,1,0.005,1.45631437346388e-143,"C10","MarkerC10-051"
7.28163487053665e-148,10.3255214555035,1,0.004,1.45632697410733e-143,"C10","MarkerC10-096"
7.2816978742949e-148,9.84059349218899,1,0.005,1.45633957485898e-143,"C10","MarkerC10-067"
7.28176087859612e-148,9.40893328626441,1,0.008,1.45635217571922e-143,"C10","MarkerC10-009"
7.28201290121686e-148,9.95459193515971,1,0.005,1.45640258024337e-143,"C10","MarkerC10-140"
7.37629400282784e-148,9.61560977763943,1,0.007,1.47525880056557e-143,"C10","MarkerC10-035"
7.37642164405297e-148,9.83981319368793,1,0.005,1.47528432881059e-143,"C10","MarkerC10-131"
7.37648546548918e-148,9.88269641518451,1,0.006,1.47529709309784e-143,"C10","MarkerC10-032"
7.47166466589284e-148,9.29814725169307,1,0.006,1.49433293317857e-143,"C10","MarkerC10-015"
7.47263436982915e-148,9.47228608218515,1,0.007,1.49452687396583e-143,"C10","MarkerC10-036"
7.56826657505021e-148,9.27503910496703,1,0.007,1.51365331501004e-143,"C10","MarkerC10-119"
7.66744211724282e-148,9.67339722120224,1,0.005,1.53348842344856e-143,"C10","MarkerC10-058"
7.66750844899042e-148,9.34150090140855,1,0.007,1.53350168979808e-143,"C10","MarkerC10-056"
7.66777378168391e-148,9.84924462395161,1,0.004,1.53355475633678e-143,"C10","MarkerC10-005"
7.66790645145456e-148,9.22744008594503,1,0.007,1.53358129029091e-143,"C10","MarkerC10-046"
7.76710894749353e-148,9.60368974685978,1,0.006,1.55342178949871e-143,"C10","MarkerC10-142"
7.97123646721074e-148,9.74294609342259,1,0.005,1.59424729344215e-143,"C10","MarkerC10-020"
8.07407793650507e-148,9.94699167134089,1,0.004,1.61481558730101e-143,"C10","MarkerC10-149"
8.07414777535847e-148,9.35533018415574,1,0.007,1.61482955507169e-143,"C10","MarkerC10-010"
8.28540050668309e-148,9.97970266465795,1,0.005,1.65708010133662e-143,"C10","MarkerC10-094"
2.09919899559306e-147,9.25410901047775,1,0.008,4.19839799118612e-143,"C10","MarkerC10-080"
2.09934339096956e-147,9.50703475228484,1,0.007,4.19868678193912e-143,"C10","MarkerC10-129"
2.09936144108566e-147,9.16752080483911,1,0.007,4.19872288217132e-143,"C10","MarkerC10-047"
2.15393746930009e-147,9.31068096406538,1,0.007,4.30787493860019e-143,"C10","MarkerC10-145"
2.15397450566075e-147,9.44828324814044,1,0.006,4.30794901132149e-143,"C10","MarkerC10-060"
2.15399302407864e-147,9.67074103117356,1,0.004,4.30798604815727e-143,"C10","MarkerC10-150"
2.15403006138876e-147,9.56715463500242,1,0.006,4.30806012277751e-143,"C10","MarkerC10-030"
2.15403006138876e-147,9.4327004973391,1,0.007,4.30806012277751e-143,"C10","MarkerC10-048"
2.15404858028119e-147,9.77521725636132,1,0.006,4.30809716056238e-143,"C10","MarkerC10-144"
2.15404858028119e-147,9.21371066005452,1,0.008,4.30809716056238e-143,"C10","MarkerC10-004"
2.23879628067722e-147,8.88719148893989,1,0.008,4.47759256135445e-143,"C10","MarkerC10-059"
2.29732717897005e-147,9.28990266180845,1,0.007,4.59465435794009e-143,"C10","MarkerC10-090"
2.48184219333093e-147,9.11999963856045,1,0.007,4.96368438666187e-143,"C10","MarkerC10-031"
3.10850121369721e-147,9.46484395206116,1,0.006,6.21700242739442e-143,"C10","MarkerC10-114"
5.98673938998566e-147,9.18107186866194,1,0.007,1.19734787799713e-142,"C10","MarkerC10-138"
6.14209242784632e-147,9.4978218104108,1,0.006,1.22841848556926e-142,"C10","MarkerC10-068"
1.80061369188988e-146,9.17099976685976,1,0.007,3.60122738377976e-142,"C10","MarkerC10-107"
2.57596324898616e-146,9.01057459751024,1,0.008,5.15192649797233e-142,"C10","MarkerC10-073"
9.42410484341669e-150,10.2836847425112,1,0.003,1.88482096868334e-145,"C11","MarkerC11-122"
9.42427217333743e-150,9.86118784098333,1,0.004,1.88485443466749e-145,"C11","MarkerC11-005"
9.42427217333743e-150,9.25866353344934,1,0.006,1.88485443466749e-145,"C11","MarkerC11-072"
9.42427217333743e-150,9.15820459845483,1,0.007,1.88485443466749e-145,"C11","MarkerC11-037"
9.42443950621087e-150,10.573338471758,1,0.004,1.88488790124217e-145,"C11","MarkerC11-104"
9.42452317375531e-150,10.2471095411654,1,0.004,1.88490463475106e-145,"C11","MarkerC11-038"
9.42460684203793e-150,10.1533767430699,1,0.004,1.88492136840759e-145,"C11","MarkerC11-120"
9.42485785131677e-150,10.1872052107708,1,0.004,1.88497157026335e-145,"C11","MarkerC11-014"
9.42485785131677e-150,10.1122956107666,1,0.004,1.88497157026335e-145,"C11","MarkerC11-061"
9.42494152255398e-150,9.7830421087833,1,0.005,1.8849883045108e-145,"C11","MarkerC11-045"
9.4251925406941e-150,10.3643550283448,1,0.005,1.88503850813882e-145,"C11","MarkerC11-056"
2.84206894166278e-149,10.5682223857127,1,0.003,5.68413788332556e-145,"C11","MarkerC11-064"
2.84209400939164e-149,10.1607174892861,1,0.004,5.68418801878328e-145,"C11","MarkerC11-036"
2.84214414550881e-149,9.73350468664814,1,0.005,5.68428829101762e-145,"C11","MarkerC11-146"
2.84224442038019e-149,10.7129972133883,1,0.003,5.68448884076037e-145,"C11","MarkerC11-124"
2.84224442038019e-149,10.1653081423166,1,0.004,5.68448884076037e-145,"C11","MarkerC11-115"
2.84224442038019e-149,10.2174814189145,1,0.004,5.68448884076037e-145,"C11","MarkerC11-117"
2.84224442038019e-149,9.2180842952059,1,0.007,5.68448884076037e-145,"C11","MarkerC11-059"
2.84224442038019e-149,9.62513281798337,1,0.007,5.68448884076037e-145,"C11","MarkerC11-135"
2.8422694896477e-149,10.230671453674,1,0.003,5.68453897929539e-145,"C11","MarkerC11-074"
2.8422694896477e-149,10.0336374098806,1,0.004,5.68453897929539e-145,"C11","MarkerC11-019"
2.84229455913495e-149,9.50416046355763,1,0.006,5.68458911826989e-145,"C11","MarkerC11-009"
2.8423196288422e-149,10.3503287956192,1,0.003,5.6846392576844e-145,"C11","MarkerC11-063"
2.8423196288422e-149,10.0293996539104,1,0.005,5.6846392576844e-145,"C11","MarkerC11-043"
2.8423446987692e-149,9.95642234415399,1,0.004,5.68468939753839e-145,"C11","MarkerC11-088"
2.8423446987692e-149,9.6574100874078,1,0.005,5.68468939753839e-145,"C11","MarkerC11-022"
2.8423446987692e-149,9.78017924099878,1,0.005,5.68468939753839e-145,"C11","MarkerC11-090"
2.84236976891568e-149,10.3036095262838,1,0.004,5.68473953783135e-145,"C11","MarkerC11-073"
2.84236976891568e-149,10.0168189237922,1,0.005,5.68473953783135e-145,"C11","MarkerC11-143"
2.84239483928216e-149,13.2062465760415,1,0,5.68478967856433e-145,"C11","MarkerC11-030"
2.84239483928216e-149,11.9770093472378,1,0.002,5.68478967856433e-145,"C11","MarkerC11-048"
2.84239483928216e-149,10.5975437187627,1,0.003,5.68478967856433e-145,"C11","MarkerC11-007"
2.84239483928216e-149,10.107691300403,1,0.003,5.68478967856433e-145,"C11","MarkerC11-017"
2.84239483928216e-149,10.2367257168306,1,0.003,5.68478967856433e-145,"C11","MarkerC11-102"
2.84239483928216e-149,10.1038310525578,1,0.005,5.68478967856433e-145,"C11","MarkerC11-087"
2.84241990986866e-149,10.7312803468438,1,0.003,5.68483981973733e-145,"C11","MarkerC11-128"
2.84244498067492e-149,10.9609169996478,1,0.002,5.68488996134983e-145,"C11","MarkerC11-012"
2.84244498067492e-149,10.707156402803,1,0.003,5.68488996134983e-145,"C11","MarkerC11-138"
2.84244498067492e-149,10.4266363181808,1,0.004,5.68488996134983e-145,"C11","MarkerC11-078"
2.84247005170092e-149,10.0626874098817,1,0.005,5.68494010340184e-145,"C11","MarkerC11-046"
2.84249512294641e-149,9.85144098524549,1,0.005,5.68499024589283e-145,"C11","MarkerC11-008"
2.84249512294641e-149,9.27839634897633,1,0.007,5.68499024589283e-145,"C11","MarkerC11-093"
2.87957682284934e-149,10.5888935851681,1,0.003,5.75915364569868e-145,"C11","MarkerC11-015"
2.87960222042092e-149,10.046733127973,1,0.004,5.75920444084185e-145,"C11","MarkerC11-065"
2.87965301623165e-149,11.5006513555707,1,0.002,5.7593060324633e-145,"C11","MarkerC11-148"
2.879754610525e-149,9.91916518633935,1,0.004,5.75950922104999e-145,"C11","MarkerC11-026"
2.91737311873585e-149,9.86140212860273,1,0.006,5.83474623747169e-145,"C11","MarkerC11-099"
2.91739884867841e-149,9.49336993119388,1,0.006,5.83479769735682e-145,"C11","MarkerC11-032"
2.91747603985945e-149,9.53461801425575,1,0.006,5.8349520797189e-145,"C11","MarkerC11-077"
2.91765616051161e-149,10.1202631409076,1,0.004,5.83531232102322e-145,"C11","MarkerC11-114"
2.95566477623026e-149,9.58869363638502,1,0.005,5.91132955246052e-145,"C11","MarkerC11-139"
3.19635542080703e-149,9.5567394424187,1,0.006,6.39271084161406e-145,"C11","MarkerC11-082"
3.68887387004689e-149,9.83687417703909,1,0.003,7.37774774009378e-145,"C11","MarkerC11-054"
8.47347129338494e-149,9.79867570262255,1,0.006,1.69469425867699e-144,"C11","MarkerC11-029"
8.47369406803749e-149,10.0581803468134,1,0.004,1.6947388136075e-144,"C11","MarkerC11-149"
8.47369406803749e-149,9.9423220166809,1,0.005,1.6947388136075e-144,"C11","MarkerC11-070"
8.47376832754835e-149,10.5022381457162,1,0.003,1.69475366550967e-144,"C11","MarkerC11-075"
8.47384258770668e-149,9.78509269109543,1,0.006,1.69476851754134e-144,"C11","MarkerC11-150"
8.47406537206183e-149,10.0395904080428,1,0.004,1.69481307441237e-144,"C11","MarkerC11-050"
8.47406537206183e-149,9.93746396728804,1,0.005,1.69481307441237e-144,"C11","MarkerC11-024"
8.47406537206183e-149,9.71404220592984,1,0.005,1.69481307441237e-144,"C11","MarkerC11-096"
8.47413963480772e-149,11.496556975418,1,0.002,1.69482792696154e-144,"C11","MarkerC11-028"
8.47413963480772e-149,10.5173360552076,1,0.004,1.69482792696154e-144,"C11","MarkerC11-109"
8.47413963480772e-149,9.85251625169012,1,0.005,1.69482792696154e-144,"C11","MarkerC11-068"
8.47421389820112e-149,10.1202039061204,1,0.004,1.69484277964022e-144,"C11","MarkerC11-089"
8.47421389820112e-149,9.9536424420632,1,0.006,1.69484277964022e-144,"C11","MarkerC11-116"
8.47421389820112e-149,9.321558537832,1,0.007,1.69484277964022e-144,"C11","MarkerC11-094"
8.47428816224045e-149,10.5772294882303,1,0.003,1.69485763244809e-144,"C11","MarkerC11-039"
8.47428816224045e-149,9.6286031276779,1,0.005,1.69485763244809e-144,"C11","MarkerC11-105"
8.47436242692728e-149,10.3685367033809,1,0.004,1.69487248538546e-144,"C11","MarkerC11-125"
8.47443669226162e-149,10.3589050117838,1,0.004,1.69488733845232e-144,"C11","MarkerC11-080"
8.47443669226162e-149,9.43207961063003,1,0.007,1.69488733845232e-144,"C11","MarkerC11-002"
8.47451095824191e-149,9.60320695838753,1,0.005,1.69490219164838e-144,"C11","MarkerC11-033"
8.47458522486894e-149,10.8546793928331,1,0.003,1.69491704497379e-144,"C11","MarkerC11-051"
8.47458522486894e-149,10.575398450998,1,0.003,1.69491704497379e-144,"C11","MarkerC11-136"
8.58403216509508e-149,9.51297899961809,1,0.007,1.71680643301902e-144,"C11","MarkerC11-134"
8.58523582135163e-149,9.71684399085439,1,0.005,1.71704716427033e-144,"C11","MarkerC11-123"
8.69679552986021e-149,9.95195090504519,1,0.004,1.73935910597204e-144,"C11","MarkerC11-095"
8.69748143312572e-149,10.5083151709336,1,0.003,1.73949628662514e-144,"C11","MarkerC11-020"
8.69755764791883e-149,10.4338524273277,1,0.003,1.73951152958377e-144,"C11","MarkerC11-010"
8.81088355677514e-149,9.92578894442707,1,0.004,1.76217671135503e-144,"C11","MarkerC11-110"
8.8111151755174e-149,9.51314475565333,1,0.005,1.76222303510348e-144,"C11","MarkerC11-144"
8.81119238310935e-149,9.90582585696417,1,0.004,1.76223847662187e-144,"C11","MarkerC11-040"
8.92693528922308e-149,9.94653888991729,1,0.003,1.78538705784462e-144,"C11","MarkerC11-041"
9.04261155958251e-149,10.3257725723408,1,0.003,1.8085223119165e-144,"C11","MarkerC11-106"
9.04324541912042e-149,10.5470229865484,1,0.003,1.80864908382408e-144,"C11","MarkerC11-091"
9.16155032095518e-149,10.0335013080976,1,0.004,1.83231006419104e-144,"C11","MarkerC11-057"
9.16171085972341e-149,10.2181139049334,1,0.003,1.83234217194468e-144,"C11","MarkerC11-111"
9.16179113015623e-149,9.9466801721489,1,0.004,1.83235822603125e-144,"C11","MarkerC11-066"
9.16179113015623e-149,9.17540301324994,1,0.007,1.83235822603125e-144,"C11","MarkerC11-092"
9.28115664575877e-149,10.6026159019638,1,0.003,1.85623132915175e-144,"C11","MarkerC11-013"
9.4021573941049e-149,10.1575202054349,1,0.004,1.88043147882098e-144,"C11","MarkerC11-129"
1.08481289705673e-148,9.32944618019425,1,0.006,2.16962579411345e-144,"C11","MarkerC11-053"
2.4979210052243e-148,9.9612331787317,1,0.004,4.99584201044861e-144,"C11","MarkerC11-133"
2.4979210052243e-148,9.55807576481928,1,0.006,4.99584201044861e-144,"C11","MarkerC11-004"
2.49796450720382e-148,10.1439162514189,1,0.004,4.99592901440763e-144,"C11","MarkerC11-034"
2.49800800993658e-148,10.2245245448166,1,0.004,4.99601601987316e-144,"C11","MarkerC11-011"
2.49802976158537e-148,8.89502107098542,1,0.008,4.99605952317075e-144,"C11","MarkerC11-107"
2.49807326544734e-148,10.4686921524305,1,0.004,4.99614653089469e-144,"C11","MarkerC11-145"
2.49807326544734e-148,9.92960976026908,1,0.006,4.99614653089469e-144,"C11","MarkerC11-006"
2.49809501766121e-148,9.81445461313508,1,0.006,4.99619003532243e-144,"C11","MarkerC11-126"
2.49813852265311e-148,9.96855996338186,1,0.004,4.99627704530623e-144,"C11","MarkerC11-025"
2.53032096148549e-148,9.32703441040602,1,0.006,5.06064192297099e-144,"C11","MarkerC11-047"
2.53032096148549e-148,9.56795011953918,1,0.006,5.06064192297099e-144,"C11","MarkerC11-131"
2.53049722430007e-148,9.47687123315642,1,0.005,5.06099444860015e-144,"C11","MarkerC11-132"
2.53056332600226e-148,9.84250013869914,1,0.005,5.06112665200453e-144,"C11","MarkerC11-127"
2.53058536028474e-148,9.58573700679875,1,0.005,5.06117072056947e-144,"C11","MarkerC11-142"
2.53058536028474e-148,9.95159095395183,1,0.006,5.06117072056947e-144,"C11","MarkerC11-062"
2.53058536028474e-148,9.28472881475661,1,0.007,5.06117072056947e-144,"C11","MarkerC11-001"
2.53062942942137e-148,9.61709842150565,1,0.004,5.06125885884274e-144,"C11","MarkerC11-042"
2.53065146427553e-148,9.5513813623334,1,0.007,5.06130292855107e-144,"C11","MarkerC11-121"
2.59690516906445e-148,9.40120736658604,1,0.006,5.1938103381289e-144,"C11","MarkerC11-137"
2.5969277792703e-148,9.77145478399277,1,0.004,5.1938555585406e-144,"C11","MarkerC11-003"
2.59713127993034e-148,9.46285062660002,1,0.005,5.19426255986067e-144,"C11","MarkerC11-035"
2.63079321782591e-148,10.164494687736,1,0.003,5.26158643565181e-144,"C11","MarkerC11-084"
2.63093064704717e-148,9.00423085199215,1,0.009,5.26186129409434e-144,"C11","MarkerC11-086"
2.66514602366853e-148,9.58226110996823,1,0.006,5.33029204733705e-144,"C11","MarkerC11-119"
2.69997023748229e-148,9.03795666500632,1,0.007,5.39994047496457e-144,"C11","MarkerC11-103"
2.73508212642147e-148,9.76867039611923,1,0.006,5.47016425284294e-144,"C11","MarkerC11-023"
2.80689950216425e-148,9.80620366971431,1,0.004,5.61379900432851e-144,"C11","MarkerC11-130"
2.80694836818909e-148,9.99715855181726,1,0.004,5.61389673637818e-144,"C11","MarkerC11-058"
2.91815866370628e-148,9.6858382857679,1,0.006,5.83631732741256e-144,"C11","MarkerC11-021"
3.11338904747563e-148,9.19083097709581,1,0.005,6.22677809495125e-144,"C11","MarkerC11-018"
3.34324034019856e-148,9.78781562100932,1,0.005,6.68648068039712e-144,"C11","MarkerC11-027"
7.28087886769623e-148,9.48757952686638,1,0.006,1.45617577353925e-143,"C11","MarkerC11-049"
7.28131985987059e-148,10.2537980316732,1,0.005,1.45626397197412e-143,"C11","MarkerC11-069"
7.28131985987059e-148,9.58244481909339,1,0.006,1.45626397197412e-143,"C11","MarkerC11-085"
7.28144586251107e-148,9.62881090277509,1,0.006,1.45628917250221e-143,"C11","MarkerC11-016"
7.37591109232432e-148,9.88010771784736,1,0.005,1.47518221846486e-143,"C11","MarkerC11-100"
7.37623018303823e-148,9.88929616605855,1,0.004,1.47524603660765e-143,"C11","MarkerC11-140"
7.47192324137763e-148,9.48149680073941,1,0.006,1.49438464827552e-143,"C11","MarkerC11-031"
7.47237576988154e-148,10.1096742445669,1,0.005,1.49447515397631e-143,"C11","MarkerC11-083"
7.56865944145224e-148,10.1907099279774,1,0.003,1.51373188829045e-143,"C11","MarkerC11-076"
7.56905232812621e-148,9.61718984185634,1,0.006,1.51381046562524e-143,"C11","MarkerC11-060"
7.56905232812621e-148,9.62088418105082,1,0.006,1.51381046562524e-143,"C11","MarkerC11-081"
7.766772999193e-148,10.6025871007327,1,0.003,1.5533545998386e-143,"C11","MarkerC11-055"
8.28532884606519e-148,9.63504376814854,1,0.004,1.65706576921304e-143,"C11","MarkerC11-067"
9.61115429488472e-148,9.13424883625286,1,0.007,1.92223085897694e-143,"C11","MarkerC11-098"
2.09916289829172e-147,9.48932283681875,1,0.006,4.19832579658343e-143,"C11","MarkerC11-071"
2.09927119204726e-147,9.13851903889531,1,0.009,4.19854238409451e-143,"C11","MarkerC11-101"
2.12641978732204e-147,9.6315857235937,1,0.006,4.25283957464408e-143,"C11","MarkerC11-079"
2.12643806954494e-147,9.60256933359456,1,0.006,4.25287613908989e-143,"C11","MarkerC11-052"
2.15377081351053e-147,9.71368272088678,1,0.005,4.30754162702106e-143,"C11","MarkerC11-113"
2.15401154265471e-147,10.0828466550453,1,0.005,4.30802308530941e-143,"C11","MarkerC11-097"
2.2101581166725e-147,9.37915029329846,1,0.005,4.420316233345e-143,"C11","MarkerC11-118"
2.26782445841784e-147,9.19489394112382,1,0.007,4.53564891683569e-143,"C11","MarkerC11-141"
2.2968927861707e-147,10.2875367822111,1,0.004,4.5937855723414e-143,"C11","MarkerC11-147"
7.07309176852982e-147,9.95741195851083,1,0.004,1.41461835370596e-142,"C11","MarkerC11-108"
1.80055254682513e-146,9.51773957061645,1,0.007,3.60110509365026e-142,"C11","MarkerC11-044"
5.0253198751057e-146,9.22037709262675,1,0.007,1.00506397502114e-141,"C11","MarkerC11-112"
9.42460684203793e-150,10.5269092729482,1,0.003,1.88492136840759e-145,"C12","MarkerC12-073"
9.42469051105963e-150,10.5263018726194,1,0.003,1.88493810221193e-145,"C12","MarkerC12-146"
9.42477418081866e-150,11.0988704154364,1,0.003,1.88495483616373e-145,"C12","MarkerC12-032"
9.42485785131677e-150,10.182929374177,1,0.003,1.88497157026335e-145,"C12","MarkerC12-080"
9.42485785131677e-150,10.0174800549275,1,0.004,1.88497157026335e-145,"C12","MarkerC12-040"
9.42485785131677e-150,9.5184231444222,1,0.005,1.88497157026335e-145,"C12","MarkerC12-076"
9.42494152255398e-150,10.2592462819107,1,0.003,1.8849883045108e-145,"C12","MarkerC12-098"
9.42502519452854e-150,10.1660495831054,1,0.004,1.88500503890571e-145,"C12","MarkerC12-103"
9.4251088672422e-150,11.0749928324381,1,0.002,1.88502177344844e-145,"C12","MarkerC12-044"
9.4251088672422e-150,10.4704275802316,1,0.003,1.88502177344844e-145,"C12","MarkerC12-129"
9.42527621488513e-150,10.2038989782293,1,0.003,1.88505524297703e-145,"C12","MarkerC12-039"
2.84214414550881e-149,12.2820157066525,1,0.001,5.68428829101762e-145,"C12","MarkerC12-001"
2.84224442038019e-149,10.537355409158,1,0.004,5.68448884076037e-145,"C12","MarkerC12-105"
2.84224442038019e-149,9.68101354594466,1,0.004,5.68448884076037e-145,"C12","MarkerC12-121"
2.8422694896477e-149,9.87107071390431,1,0.005,5.68453897929539e-145,"C12","MarkerC12-074"
2.84229455913495e-149,10.503424655272,1,0.003,5.68458911826989e-145,"C12","MarkerC12-079"
2.84229455913495e-149,9.93211641346366,1,0.004,5.68458911826989e-145,"C12","MarkerC12-024"
2.8423446987692e-149,10.0775008151874,1,0.003,5.68468939753839e-145,"C12","MarkerC12-138"
2.8423446987692e-149,9.66294458568573,1,0.005,5.68468939753839e-145,"C12","MarkerC12-090"
2.8423446987692e-149,9.89367908995589,1,0.005,5.68468939753839e-145,"C12","MarkerC12-133"
2.84239483928216e-149,10.1242867782091,1,0.004,5.68478967856433e-145,"C12","MarkerC12-037"
2.84239483928216e-149,9.85388662722387,1,0.005,5.68478967856433e-145,"C12","MarkerC12-123"
2.84239483928216e-149,9.66642953552546,1,0.005,5.68478967856433e-145,"C12","MarkerC12-127"
2.84241990986866e-149,9.96843485070269,1,0.005,5.68483981973733e-145,"C12","MarkerC12-052"
2.84241990986866e-149,9.46483760307932,1,0.006,5.68483981973733e-145,"C12","MarkerC12-034"
2.84247005170092e-149,10.7247012728953,1,0.003,5.68494010340184e-145,"C12","MarkerC12-046"
2.84247005170092e-149,10.6412860017314,1,0.003,5.68494010340184e-145,"C12","MarkerC12-075"
2.84247005170092e-149,10.0488476771192,1,0.004,5.68494010340184e-145,"C12","MarkerC12-132"
2.84252019441219e-149,10.4629302689883,1,0.003,5.68504038882439e-145,"C12","MarkerC12-142"
2.84254526609799e-149,10.5208809751109,1,0.004,5.68509053219598e-145,"C12","MarkerC12-085"
2.87962761821485e-149,10.7541224348123,1,0.002,5.7592552364297e-145,"C12","MarkerC12-061"
2.8796784144708e-149,10.8134034277781,1,0.003,5.7593568289416e-145,"C12","MarkerC12-069"
2.87978000965514e-149,9.4153745507157,1,0.005,5.75956001931029e-145,"C12","MarkerC12-055"
2.87983080858331e-149,10.1524304641678,1,0.005,5.75966161716662e-145,"C12","MarkerC12-107"
2.91745030924035e-149,9.23894880688531,1,0.006,5.83490061848069e-145,"C12","MarkerC12-013"
2.91747603985945e-149,10.1938029449219,1,0.004,5.8349520797189e-145,"C12","MarkerC12-131"
2.91752750177476e-149,10.3972329025657,1,0.002,5.83505500354953e-145,"C12","MarkerC12-054"
2.91768189293546e-149,9.40831987601745,1,0.006,5.83536378587092e-145,"C12","MarkerC12-119"
2.95584724762773e-149,10.2569433466166,1,0.004,5.91169449525546e-145,"C12","MarkerC12-094"
2.99456391034476e-149,10.4847651325415,1,0.003,5.98912782068951e-145,"C12","MarkerC12-091"
3.19646815371268e-149,9.29042413547597,1,0.005,6.39293630742536e-145,"C12","MarkerC12-139"
3.59416313720806e-149,9.62696095088926,1,0.005,7.18832627441612e-145,"C12","MarkerC12-047"
8.47376832754835e-149,9.66646598588357,1,0.006,1.69475366550967e-144,"C12","MarkerC12-110"
8.47384258770668e-149,10.0592648936686,1,0.004,1.69476851754134e-144,"C12","MarkerC12-092"
8.47384258770668e-149,9.90433264807432,1,0.005,1.69476851754134e-144,"C12","MarkerC12-108"
8.47391684851092e-149,10.0949361131058,1,0.005,1.69478336970218e-144,"C12","MarkerC12-020"
8.47399110996342e-149,10.1759025805682,1,0.004,1.69479822199268e-144,"C12","MarkerC12-043"
8.47406537206183e-149,10.2952004485576,1,0.004,1.69481307441237e-144,"C12","MarkerC12-026"
8.47406537206183e-149,9.71008306749091,1,0.006,1.69481307441237e-144,"C12","MarkerC12-005"
8.47406537206183e-149,9.23523526577623,1,0.007,1.69481307441237e-144,"C12","MarkerC12-038"
8.47413963480772e-149,9.56333645398258,1,0.006,1.69482792696154e-144,"C12","MarkerC12-125"
8.47421389820112e-149,10.6878400849569,1,0.003,1.69484277964022e-144,"C12","MarkerC12-011"
8.47421389820112e-149,9.62522344837082,1,0.006,1.69484277964022e-144,"C12","MarkerC12-095"
8.47436242692728e-149,9.93413433508088,1,0.003,1.69487248538546e-144,"C12","MarkerC12-014"
8.47436242692728e-149,10.1120766830572,1,0.005,1.69487248538546e-144,"C12","MarkerC12-004"
8.47436242692728e-149,9.79856098637612,1,0.005,1.69487248538546e-144,"C12","MarkerC12-122"
8.47436242692728e-149,9.7658448896759,1,0.006,1.69487248538546e-144,"C12","MarkerC12-017"
8.47443669226162e-149,11.4304441639053,1,0.003,1.69488733845232e-144,"C12","MarkerC12-010"
8.47443669226162e-149,10.4091943780638,1,0.004,1.69488733845232e-144,"C12","MarkerC12-084"
8.47458522486894e-149,9.99738381450559,1,0.003,1.69491704497379e-144,"C12","MarkerC12-112"
8.47458522486894e-149,10.2461766127812,1,0.004,1.69491704497379e-144,"C12","MarkerC12-042"
8.58478443059419e-149,9.2008078701969,1,0.007,1.71695688611884e-144,"C12","MarkerC12-051"
8.58493489155873e-149,10.8742312104174,1,0.003,1.71698697831175e-144,"C12","MarkerC12-145"
8.58508535514453e-149,10.3984272823748,1,0.003,1.71701707102891e-144,"C12","MarkerC12-140"
8.58508535514453e-149,10.0180705939862,1,0.004,1.71701707102891e-144,"C12","MarkerC12-135"
8.58516058792011e-149,9.83578223364528,1,0.004,1.71703211758402e-144,"C12","MarkerC12-007"
8.58516058792011e-149,10.0524019960126,1,0.004,1.71703211758402e-144,"C12","MarkerC12-148"
8.58531105543828e-149,10.9929867441245,1,0.003,1.71706221108766e-144,"C12","MarkerC12-009"
8.58553676162992e-149,10.0858699944792,1,0.004,1.71710735232598e-144,"C12","MarkerC12-033"
8.58561199833877e-149,10.7766180321916,1,0.003,1.71712239966775e-144,"C12","MarkerC12-118"
8.69725279272827e-149,9.83495199010797,1,0.005,1.73945055854565e-144,"C12","MarkerC12-029"
8.69740521899626e-149,10.1142175086731,1,0.004,1.73948104379925e-144,"C12","MarkerC12-048"
8.69748143312572e-149,10.1906818984974,1,0.003,1.73949628662514e-144,"C12","MarkerC12-149"
8.69755764791883e-149,9.52845300672001,1,0.005,1.73951152958377e-144,"C12","MarkerC12-086"
8.69771007949765e-149,9.45751932244449,1,0.005,1.73954201589953e-144,"C12","MarkerC12-104"
8.8112695913744e-149,10.1221527154194,1,0.004,1.76225391827488e-144,"C12","MarkerC12-101"
8.81150122020408e-149,9.6926418142876,1,0.006,1.76230024404082e-144,"C12","MarkerC12-053"
8.81165564278644e-149,10.2452356341974,1,0.003,1.76233112855729e-144,"C12","MarkerC12-082"
8.92576207943753e-149,9.50844139862606,1,0.005,1.78515241588751e-144,"C12","MarkerC12-066"
8.92654420226229e-149,10.3811112013423,1,0.003,1.78530884045246e-144,"C12","MarkerC12-088"
8.92654420226229e-149,9.41329551647249,1,0.006,1.78530884045246e-144,"C12","MarkerC12-077"
8.92685707046851e-149,10.1150780859478,1,0.005,1.7853714140937e-144,"C12","MarkerC12-049"
9.04292848383056e-149,9.23639541546835,1,0.007,1.80858569676611e-144,"C12","MarkerC12-036"
9.04324541912042e-149,9.32921301028631,1,0.005,1.80864908382408e-144,"C12","MarkerC12-120"
9.04356236545248e-149,9.78561815668912,1,0.004,1.8087124730905e-144,"C12","MarkerC12-130"
9.04356236545248e-149,9.67872960646997,1,0.005,1.8087124730905e-144,"C12","MarkerC12-041"
9.16122925180908e-149,10.1261727364716,1,0.003,1.83224585036182e-144,"C12","MarkerC12-136"
9.28164453951712e-149,9.77817999168849,1,0.005,1.85632890790342e-144,"C12","MarkerC12-003"
9.40273400492439e-149,9.98893691270443,1,0.003,1.88054680098488e-144,"C12","MarkerC12-030"
9.40289875732979e-149,9.25127459942022,1,0.006,1.88057975146596e-144,"C12","MarkerC12-023"
9.52631883019582e-149,8.9841937366109,1,0.007,1.90526376603916e-144,"C12","MarkerC12-111"
9.77657677014059e-149,10.096099579184,1,0.005,1.95531535402812e-144,"C12","MarkerC12-050"
9.90437364161648e-149,9.63225096019938,1,0.005,1.9808747283233e-144,"C12","MarkerC12-068"
2.497660009162e-148,9.58152922352854,1,0.007,4.995320018324e-144,"C12","MarkerC12-002"
2.49785575366729e-148,10.2153037752466,1,0.003,4.99571150733459e-144,"C12","MarkerC12-028"
2.4979210052243e-148,10.2223449042623,1,0.005,4.99584201044861e-144,"C12","MarkerC12-109"
2.49794275612008e-148,9.81667594709823,1,0.006,4.99588551224016e-144,"C12","MarkerC12-137"
2.49798625847598e-148,9.56024674253376,1,0.005,4.99597251695196e-144,"C12","MarkerC12-141"
2.49807326544734e-148,9.99782220111857,1,0.005,4.99614653089469e-144,"C12","MarkerC12-147"
2.49809501766121e-148,9.44483917055816,1,0.008,4.99619003532243e-144,"C12","MarkerC12-059"
2.49813852265311e-148,9.57808057319286,1,0.006,4.99627704530623e-144,"C12","MarkerC12-096"
2.53034299366963e-148,9.73500225097813,1,0.005,5.06068598733926e-144,"C12","MarkerC12-045"
2.53049722430007e-148,9.28330220298835,1,0.007,5.06099444860015e-144,"C12","MarkerC12-134"
2.5305412919109e-148,9.69740219177982,1,0.005,5.06108258382179e-144,"C12","MarkerC12-070"
2.5307396056003e-148,10.1928486633515,1,0.004,5.06147921120059e-144,"C12","MarkerC12-035"
2.56311823002726e-148,9.73513792153802,1,0.004,5.12623646005453e-144,"C12","MarkerC12-144"
2.56360924671924e-148,9.53844651796083,1,0.006,5.12721849343848e-144,"C12","MarkerC12-087"
2.59708605619151e-148,9.73842430627963,1,0.006,5.19417211238302e-144,"C12","MarkerC12-072"
2.73512974581988e-148,9.75257838085022,1,0.005,5.47025949163977e-144,"C12","MarkerC12-089"
2.73512974581988e-148,9.63334510734848,1,0.006,5.47025949163977e-144,"C12","MarkerC12-097"
2.95633517083418e-148,10.3277212662212,1,0.003,5.91267034166835e-144,"C12","MarkerC12-008"
3.03379469579251e-148,9.13012839852212,1,0.007,6.06758939158502e-144,"C12","MarkerC12-078"
3.49836436775592e-148,10.0546620749627,1,0.004,6.99672873551184e-144,"C12","MarkerC12-062"
7.28094186495312e-148,9.6679759635513,1,0.005,1.45618837299062e-143,"C12","MarkerC12-060"
7.28119385939724e-148,9.88665520201249,1,0.005,1.45623877187945e-143,"C12","MarkerC12-006"
7.28138286091935e-148,9.05282312631907,1,0.007,1.45627657218387e-143,"C12","MarkerC12-099"
7.28157186731938e-148,10.1933055475843,1,0.005,1.45631437346388e-143,"C12","MarkerC12-081"
7.28176087859612e-148,10.1394970333137,1,0.005,1.45635217571922e-143,"C12","MarkerC12-064"
7.28176087859612e-148,9.43922815778503,1,0.007,1.45635217571922e-143,"C12","MarkerC12-124"
7.28188688882284e-148,9.57596186323284,1,0.007,1.45637737776457e-143,"C12","MarkerC12-057"
7.56898684560622e-148,9.72438051940457,1,0.005,1.51379736912124e-143,"C12","MarkerC12-126"
7.5697071843016e-148,9.30231755588421,1,0.008,1.51394143686032e-143,"C12","MarkerC12-022"
7.66777378168391e-148,9.9837186569521,1,0.006,1.53355475633678e-143,"C12","MarkerC12-106"
7.86779712627453e-148,9.6169354911537,1,0.006,1.57355942525491e-143,"C12","MarkerC12-065"
7.86827355732394e-148,8.92116396601975,1,0.008,1.57365471146479e-143,"C12","MarkerC12-019"
7.86847775083859e-148,9.86831419522422,1,0.005,1.57369555016772e-143,"C12","MarkerC12-100"
7.97075382045096e-148,10.0716762224739,1,0.003,1.59415076409019e-143,"C12","MarkerC12-115"
8.07379858709576e-148,10.5112985964918,1,0.003,1.61475971741915e-143,"C12","MarkerC12-016"
8.07414777535847e-148,9.92766127681146,1,0.005,1.61482955507169e-143,"C12","MarkerC12-113"
8.50165735565078e-148,9.40583909261328,1,0.006,1.70033147113016e-143,"C12","MarkerC12-114"
8.61229981203273e-148,9.48821490434943,1,0.006,1.72245996240655e-143,"C12","MarkerC12-031"
8.95347049353522e-148,9.56231274199095,1,0.005,1.79069409870704e-143,"C12","MarkerC12-027"
1.14412205327025e-147,8.81392346316261,1,0.007,2.2882441065405e-143,"C12","MarkerC12-143"
2.09921704447509e-147,9.91241241975209,1,0.005,4.19843408895019e-143,"C12","MarkerC12-128"
2.0992350935115e-147,10.7049161357861,1,0.004,4.19847018702301e-143,"C12","MarkerC12-083"
2.12643806954494e-147,9.8197801866419,1,0.006,4.25287613908989e-143,"C12","MarkerC12-058"
2.12645635192441e-147,9.71800271321641,1,0.005,4.25291270384882e-143,"C12","MarkerC12-056"
2.21023411759454e-147,9.75157718022933,1,0.006,4.42046823518908e-143,"C12","MarkerC12-018"
2.21029111999091e-147,9.86874438497536,1,0.005,4.42058223998182e-143,"C12","MarkerC12-012"
2.23868081148827e-147,9.3733225165449,1,0.006,4.47736162297653e-143,"C12","MarkerC12-025"
2.26778547046449e-147,9.30994751748482,1,0.007,4.53557094092898e-143,"C12","MarkerC12-071"
2.26780496435782e-147,9.53611696704124,1,0.007,4.53560992871564e-143,"C12","MarkerC12-067"
2.29720870010826e-147,9.39284970104947,1,0.007,4.59441740021652e-143,"C12","MarkerC12-021"
2.32681309657376e-147,9.76140352674277,1,0.006,4.65362619314752e-143,"C12","MarkerC12-063"
2.32705310503022e-147,8.90749386759924,1,0.008,4.65410621006045e-143,"C12","MarkerC12-116"
2.35722386657255e-147,9.55287656752363,1,0.007,4.71444773314509e-143,"C12","MarkerC12-015"
2.48152229250226e-147,9.24564130728552,1,0.007,4.96304458500452e-143,"C12","MarkerC12-093"
2.48182086533365e-147,8.92670456704523,1,0.008,4.9636417306673e-143,"C12","MarkerC12-117"
6.22175031239585e-147,9.33868577803203,1,0.007,1.24435006247917e-142,"C12","MarkerC12-102"
6.30141681672572e-147,9.3883446502253,1,0.007,1.26028336334514e-142,"C12","MarkerC12-150"
