"p_val","avg_log2FC","pct.1","pct.2","p_val_adj","cluster","gene"
3.13521057159357e-188,9.95794216451893,1,0.005,6.27042114318713e-184,"C01","MarkerC01-023"
3.13526586294045e-188,9.84976484951953,1,0.005,6.2705317258809e-184,"C01","MarkerC01-020"
3.13530272437652e-188,9.81800949845208,1,0.005,6.27060544875304e-184,"C01","MarkerC01-046"
3.13540409555197e-188,9.80379610755574,1,0.005,6.27080819110393e-184,"C01","MarkerC01-144"
3.13545017443723e-188,9.81984137722907,1,0.005,6.27090034887447e-184,"C01","MarkerC01-035"
3.13547782209222e-188,9.87192939498816,1,0.005,6.27095564418443e-184,"C01","MarkerC01-114"
3.13548703803121e-188,9.93926261931401,1,0.005,6.27097407606243e-184,"C01","MarkerC01-081"
3.13552390205581e-188,9.8252046841287,1,0.005,6.27104780411163e-184,"C01","MarkerC01-030"
3.13552390205581e-188,9.85267028522586,1,0.005,6.27104780411163e-184,"C01","MarkerC01-119"
3.13554233423013e-188,9.72973514391311,1,0.005,6.27108466846025e-184,"C01","MarkerC01-059"
3.13554233423013e-188,9.79508346834494,1,0.005,6.27108466846025e-184,"C01","MarkerC01-112"
3.13556076651201e-188,9.8556070940265,1,0.005,6.27112153302403e-184,"C01","MarkerC01-021"
3.13560684768925e-188,9.79647905736854,1,0.005,6.27121369537851e-184,"C01","MarkerC01-071"
3.13569901206554e-188,9.70107664218909,1,0.005,6.27139802413108e-184,"C01","MarkerC01-089"
3.13575431198599e-188,9.9476986016336,1,0.005,6.27150862397198e-184,"C01","MarkerC01-054"
4.5223558560865e-188,9.88195463884934,1,0.005,9.04471171217301e-184,"C01","MarkerC01-099"
4.52239566506627e-188,9.81959548345628,1,0.005,9.04479133013254e-184,"C01","MarkerC01-067"
4.52264779670754e-188,9.87233850353958,1,0.005,9.04529559341509e-184,"C01","MarkerC01-105"
4.52274069083813e-188,9.70764920856854,1,0.005,9.04548138167626e-184,"C01","MarkerC01-138"
4.52283358686887e-188,9.68088098128037,1,0.005,9.04566717373775e-184,"C01","MarkerC01-124"
4.52287340003448e-188,9.71457140546044,1,0.006,9.04574680006895e-184,"C01","MarkerC01-133"
4.52289994233935e-188,9.71300751491966,1,0.005,9.04579988467871e-184,"C01","MarkerC01-005"
4.5229397560865e-188,9.8863886759229,1,0.005,9.045879512173e-184,"C01","MarkerC01-042"
4.52300611310715e-188,9.85714553399233,1,0.005,9.0460122262143e-184,"C01","MarkerC01-075"
4.52303265618618e-188,10.0474892512507,1,0.004,9.04606531237235e-184,"C01","MarkerC01-079"
4.52304592778451e-188,10.0289875750553,1,0.005,9.04609185556901e-184,"C01","MarkerC01-038"
4.52305919942126e-188,9.86471589651533,1,0.005,9.04611839884252e-184,"C01","MarkerC01-055"
4.52305919942126e-188,9.8451239800408,1,0.005,9.04611839884252e-184,"C01","MarkerC01-126"
4.52312555818566e-188,9.55515637957478,1,0.006,9.04625111637132e-184,"C01","MarkerC01-094"
4.52317864589535e-188,9.75961859539938,1,0.005,9.0463572917907e-184,"C01","MarkerC01-037"
4.52319191792061e-188,9.74309369054145,1,0.005,9.04638383584121e-184,"C01","MarkerC01-052"
4.55385195389902e-188,10.0188961451273,1,0.004,9.10770390779805e-184,"C01","MarkerC01-048"
4.55390540140977e-188,9.89077816742163,1,0.005,9.10781080281954e-184,"C01","MarkerC01-072"
4.5539989360544e-188,9.87343883275028,1,0.005,9.1079978721088e-184,"C01","MarkerC01-056"
4.5540791101297e-188,9.67331249943814,1,0.006,9.10815822025939e-184,"C01","MarkerC01-139"
4.55423946249419e-188,9.88961957460084,1,0.005,9.10847892498839e-184,"C01","MarkerC01-090"
4.58515006861029e-188,10.0102455876936,1,0.004,9.17030013722057e-184,"C01","MarkerC01-130"
4.58515006861029e-188,9.74584618639612,1,0.005,9.17030013722057e-184,"C01","MarkerC01-091"
4.58537878240798e-188,9.7773809751054,1,0.005,9.17075756481597e-184,"C01","MarkerC01-120"
4.61682559053445e-188,9.94432641440444,1,0.005,9.23365118106891e-184,"C01","MarkerC01-041"
4.61713716222626e-188,9.84275209355559,1,0.005,9.23427432445251e-184,"C01","MarkerC01-122"
4.64846053360204e-188,10.1063761451513,1,0.004,9.29692106720407e-184,"C01","MarkerC01-143"
4.64850145001148e-188,9.68533360660609,1,0.005,9.29700290002296e-184,"C01","MarkerC01-069"
4.68032572193423e-188,9.78760834285746,1,0.005,9.36065144386846e-184,"C01","MarkerC01-101"
4.6804355793678e-188,10.0530106020022,1,0.004,9.3608711587356e-184,"C01","MarkerC01-026"
4.77726438409967e-188,9.90444500560148,1,0.005,9.55452876819934e-184,"C01","MarkerC01-127"
5.01243275709602e-188,9.72801091256418,1,0.005,1.0024865514192e-183,"C01","MarkerC01-006"
5.55548429325348e-188,9.8742800304537,1,0.005,1.1110968586507e-183,"C01","MarkerC01-016"
6.51006992037545e-188,9.81133586688207,1,0.005,1.30201398407509e-183,"C01","MarkerC01-027"
6.51020340846685e-188,9.80758535575473,1,0.005,1.30204068169337e-183,"C01","MarkerC01-004"
6.51026061848241e-188,9.92526216942027,1,0.005,1.30205212369648e-183,"C01","MarkerC01-007"
6.51027968859897e-188,9.81364718490177,1,0.005,1.30205593771979e-183,"C01","MarkerC01-074"
6.51039411046662e-188,9.93186054911993,1,0.005,1.30207882209332e-183,"C01","MarkerC01-001"
6.51048946355076e-188,9.80004417455459,1,0.005,1.30209789271015e-183,"C01","MarkerC01-093"
6.51052760517337e-188,9.63160378427563,1,0.005,1.30210552103467e-183,"C01","MarkerC01-051"
6.51054667606905e-188,9.72569430744015,1,0.005,1.30210933521381e-183,"C01","MarkerC01-002"
6.51056574701917e-188,9.82301540325094,1,0.005,1.30211314940383e-183,"C01","MarkerC01-118"
6.51058481802509e-188,9.79316878407421,1,0.005,1.30211696360502e-183,"C01","MarkerC01-148"
6.51069924522968e-188,9.80083732516403,1,0.005,1.30213984904594e-183,"C01","MarkerC01-085"
6.51075645958188e-188,9.72755760503593,1,0.005,1.30215129191638e-183,"C01","MarkerC01-029"
6.51077553114444e-188,9.85511447406356,1,0.005,1.30215510622889e-183,"C01","MarkerC01-064"
6.51077553114444e-188,9.90599192678874,1,0.005,1.30215510622889e-183,"C01","MarkerC01-141"
6.51085181794929e-188,9.81779000710425,1,0.005,1.30217036358986e-183,"C01","MarkerC01-060"
6.51096624982484e-188,9.78060159925196,1,0.005,1.30219324996497e-183,"C01","MarkerC01-082"
6.55506314728798e-188,9.7066544838302,1,0.006,1.3110126294576e-183,"C01","MarkerC01-070"
6.55508234833228e-188,9.65439471212629,1,0.005,1.31101646966646e-183,"C01","MarkerC01-013"
6.55513995180701e-188,9.96382335142141,1,0.004,1.3110279903614e-183,"C01","MarkerC01-107"
6.5552551602658e-188,9.73939917148219,1,0.005,1.31105103205316e-183,"C01","MarkerC01-084"
6.55537037073956e-188,9.70318085573563,1,0.005,1.31107407414791e-183,"C01","MarkerC01-108"
6.55548558322967e-188,9.80642148486118,1,0.005,1.31109711664593e-183,"C01","MarkerC01-032"
6.60001897552762e-188,9.76528881868866,1,0.005,1.32000379510552e-183,"C01","MarkerC01-106"
6.60013497090776e-188,9.66682678359429,1,0.005,1.32002699418155e-183,"C01","MarkerC01-104"
6.60019296935799e-188,9.93144417914806,1,0.005,1.3200385938716e-183,"C01","MarkerC01-083"
6.60027030141546e-188,9.70287710948228,1,0.005,1.32005406028309e-183,"C01","MarkerC01-040"
6.60038630119103e-188,9.80389322733747,1,0.005,1.32007726023821e-183,"C01","MarkerC01-065"
6.60059897271696e-188,10.0402385683899,1,0.004,1.32011979454339e-183,"C01","MarkerC01-031"
6.62274803161494e-188,9.76529942140688,1,0.005,1.32454960632299e-183,"C01","MarkerC01-033"
6.64578885900915e-188,9.89385556902637,1,0.005,1.32915777180183e-183,"C01","MarkerC01-135"
6.69118977477112e-188,9.77860902644873,1,0.005,1.33823795495422e-183,"C01","MarkerC01-137"
6.69124857148082e-188,9.91832015350972,1,0.005,1.33824971429616e-183,"C01","MarkerC01-073"
6.69132696789396e-188,9.85361856177362,1,0.005,1.33826539357879e-183,"C01","MarkerC01-015"
6.73697941837008e-188,9.91650514292922,1,0.005,1.34739588367402e-183,"C01","MarkerC01-008"
6.7833800647472e-188,9.85020441713943,1,0.005,1.35667601294944e-183,"C01","MarkerC01-098"
6.78371783273907e-188,10.0210928856373,1,0.004,1.35674356654781e-183,"C01","MarkerC01-121"
6.80658033610712e-188,9.84872223512577,1,0.005,1.36131606722142e-183,"C01","MarkerC01-043"
6.97158414059939e-188,9.7131604024072,1,0.005,1.39431682811988e-183,"C01","MarkerC01-078"
7.21466566673981e-188,9.89839693787158,1,0.005,1.44293313334796e-183,"C01","MarkerC01-061"
7.36404177481015e-188,9.694021862063,1,0.005,1.47280835496203e-183,"C01","MarkerC01-110"
7.36473188092103e-188,9.91763325521973,1,0.005,1.47294637618421e-183,"C01","MarkerC01-117"
7.4149514101775e-188,9.69993961191933,1,0.006,1.4829902820355e-183,"C01","MarkerC01-062"
9.35147063251394e-188,9.68317778092244,1,0.005,1.87029412650279e-183,"C01","MarkerC01-019"
9.35190818418542e-188,9.73696399012039,1,0.005,1.87038163683708e-183,"C01","MarkerC01-049"
9.35190818418542e-188,9.79409335219903,1,0.005,1.87038163683708e-183,"C01","MarkerC01-080"
9.35207227131608e-188,9.88072597579415,1,0.005,1.87041445426322e-183,"C01","MarkerC01-100"
9.35223636131269e-188,9.59952865849253,1,0.005,1.87044727226254e-183,"C01","MarkerC01-086"
9.35237310516519e-188,9.61164435753063,1,0.006,1.87047462103304e-183,"C01","MarkerC01-088"
9.41599148666136e-188,9.78350949012662,1,0.005,1.88319829733227e-183,"C01","MarkerC01-012"
9.41640451430959e-188,9.80821827339608,1,0.005,1.88328090286192e-183,"C01","MarkerC01-066"
9.41651465806043e-188,9.84058705242067,1,0.005,1.88330293161209e-183,"C01","MarkerC01-147"
9.41659726671634e-188,9.75210117522921,1,0.005,1.88331945334327e-183,"C01","MarkerC01-077"
9.41665233955348e-188,9.78442287332281,1,0.005,1.8833304679107e-183,"C01","MarkerC01-039"
9.48081835724121e-188,9.71111123317437,1,0.005,1.89616367144824e-183,"C01","MarkerC01-109"
9.48104014941352e-188,9.82069448071569,1,0.005,1.8962080298827e-183,"C01","MarkerC01-003"
9.48131739688896e-188,9.79704317484121,1,0.005,1.89626347937779e-183,"C01","MarkerC01-103"
9.48142829814043e-188,9.83608049282778,1,0.005,1.89628565962809e-183,"C01","MarkerC01-129"
9.481456023655e-188,9.73039086667272,1,0.006,1.896291204731e-183,"C01","MarkerC01-102"
9.61181253081407e-188,9.74060945621054,1,0.005,1.92236250616281e-183,"C01","MarkerC01-014"
9.61181253081407e-188,9.92510331434956,1,0.005,1.92236250616281e-183,"C01","MarkerC01-022"
9.61217791373347e-188,9.76253788584846,1,0.005,1.92243558274669e-183,"C01","MarkerC01-024"
9.74404461689734e-188,9.76143953294183,1,0.005,1.94880892337947e-183,"C01","MarkerC01-068"
9.74447200018564e-188,9.70911954909941,1,0.005,1.94889440003713e-183,"C01","MarkerC01-096"
1.01521288469896e-187,9.7775389429011,1,0.005,2.03042576939792e-183,"C01","MarkerC01-087"
1.01522475756481e-187,9.53123408157215,1,0.006,2.03044951512962e-183,"C01","MarkerC01-058"
1.05056437811187e-187,10.1435733759854,1,0.004,2.10112875622373e-183,"C01","MarkerC01-097"
1.05059816307559e-187,9.9059646923511,1,0.005,2.10119632615118e-183,"C01","MarkerC01-011"
1.05409865947534e-187,9.76006430432429,1,0.005,2.10819731895067e-183,"C01","MarkerC01-132"
1.0578087040404e-187,9.64280410038932,1,0.005,2.1156174080808e-183,"C01","MarkerC01-115"
1.18819932210497e-187,9.61096359947054,1,0.005,2.37639864420995e-183,"C01","MarkerC01-036"
1.22951287165141e-187,9.70095739499499,1,0.005,2.45902574330282e-183,"C01","MarkerC01-136"
1.32095644145596e-187,9.94779563062066,1,0.005,2.64191288291191e-183,"C01","MarkerC01-095"
1.34060545745662e-187,9.78896623002625,1,0.005,2.68121091491324e-183,"C01","MarkerC01-113"
1.34530085937187e-187,9.71915104884751,1,0.005,2.69060171874373e-183,"C01","MarkerC01-025"
1.3590691967903e-187,9.7985623377643,1,0.005,2.71813839358059e-183,"C01","MarkerC01-131"
1.35914458110709e-187,9.82266379916784,1,0.005,2.71828916221419e-183,"C01","MarkerC01-050"
1.3684140732022e-187,9.70712239211179,1,0.005,2.73682814640441e-183,"C01","MarkerC01-140"
1.36843804162389e-187,9.71121230659725,1,0.006,2.73687608324778e-183,"C01","MarkerC01-142"
1.37768638367072e-187,9.9176658593106,1,0.005,2.75537276734143e-183,"C01","MarkerC01-146"
1.38237025808352e-187,9.79800943227687,1,0.005,2.76474051616704e-183,"C01","MarkerC01-123"
1.38251957400552e-187,9.88855064855052,1,0.005,2.76503914801104e-183,"C01","MarkerC01-047"
1.38740614889869e-187,9.98548878408727,1,0.005,2.77481229779737e-183,"C01","MarkerC01-009"
1.43071907452268e-187,9.93143474614994,1,0.005,2.86143814904537e-183,"C01","MarkerC01-010"
1.43562912981273e-187,9.73158098161914,1,0.005,2.87125825962546e-183,"C01","MarkerC01-092"
1.45519186606399e-187,9.81418493646175,1,0.005,2.91038373212798e-183,"C01","MarkerC01-145"
1.49540341703708e-187,9.81159786031684,1,0.005,2.99080683407416e-183,"C01","MarkerC01-028"
1.53711504331993e-187,9.8981452051616,1,0.005,3.07423008663987e-183,"C01","MarkerC01-134"
1.61789395902438e-187,9.83999248540425,1,0.005,3.23578791804877e-183,"C01","MarkerC01-018"
1.91788907376845e-187,9.84775139384884,1,0.005,3.8357781475369e-183,"C01","MarkerC01-150"
1.93114425808948e-187,9.80816919240291,1,0.005,3.86228851617896e-183,"C01","MarkerC01-063"
1.97093858581859e-187,9.7798976365389,1,0.005,3.94187717163719e-183,"C01","MarkerC01-044"
1.97780096822181e-187,9.98594200980319,1,0.005,3.95560193644362e-183,"C01","MarkerC01-125"
1.98450214036789e-187,9.61057757001962,1,0.006,3.96900428073578e-183,"C01","MarkerC01-057"
1.99816474848089e-187,9.60956839400355,1,0.006,3.99632949696178e-183,"C01","MarkerC01-017"
2.02563078750229e-187,9.6821934219747,1,0.005,4.05126157500459e-183,"C01","MarkerC01-111"
2.0392850072155e-187,9.90448203195061,1,0.005,4.078570014431e-183,"C01","MarkerC01-116"
2.08165078347758e-187,9.81710656488994,1,0.005,4.16330156695517e-183,"C01","MarkerC01-034"
2.85251415762249e-187,9.76880193503777,1,0.005,5.70502831524498e-183,"C01","MarkerC01-045"
2.8720775834841e-187,9.94226292870431,1,0.005,5.7441551669682e-183,"C01","MarkerC01-128"
3.18148784158509e-187,9.77588761400412,1,0.005,6.36297568317019e-183,"C01","MarkerC01-076"
4.23389352093477e-187,9.65640446111271,1,0.005,8.46778704186955e-183,"C01","MarkerC01-053"
6.64439448452283e-187,9.69367338192446,1,0.005,1.32887889690457e-182,"C01","MarkerC01-149"
3.13526586294045e-188,9.74583860719231,1,0.005,6.2705317258809e-184,"C02","MarkerC02-086"
3.13536723292939e-188,9.70825399725286,1,0.005,6.27073446585877e-184,"C02","MarkerC02-106"
3.1354225270251e-188,9.92660273501557,1,0.005,6.2708450540502e-184,"C02","MarkerC02-075"
3.13547782209222e-188,9.84138227417863,1,0.005,6.27095564418443e-184,"C02","MarkerC02-111"
3.13548703803121e-188,9.79356922932978,1,0.005,6.27097407606243e-184,"C02","MarkerC02-027"
3.13549625399662e-188,9.84661691988867,1,0.005,6.27099250799323e-184,"C02","MarkerC02-001"
3.13554233423013e-188,9.87348538979428,1,0.005,6.27108466846025e-184,"C02","MarkerC02-080"
3.13554233423013e-188,9.6497312927011,1,0.006,6.27108466846025e-184,"C02","MarkerC02-119"
3.13562528034896e-188,9.87559429009407,1,0.005,6.27125056069793e-184,"C02","MarkerC02-077"
3.13565292954032e-188,9.809121026988,1,0.005,6.27130585908063e-184,"C02","MarkerC02-126"
4.52256817467802e-188,9.70657877075431,1,0.005,9.04513634935604e-184,"C02","MarkerC02-127"
4.52267433769378e-188,9.85767255782821,1,0.005,9.04534867538756e-184,"C02","MarkerC02-103"
4.52270087883512e-188,9.88564735664612,1,0.005,9.04540175767024e-184,"C02","MarkerC02-138"
4.52272742013251e-188,9.85579604454695,1,0.005,9.04545484026502e-184,"C02","MarkerC02-022"
4.52274069083813e-188,9.83646953698275,1,0.005,9.04548138167626e-184,"C02","MarkerC02-070"
4.52282031589099e-188,9.82510487476264,1,0.005,9.04564063178198e-184,"C02","MarkerC02-068"
4.52284685788518e-188,9.68291295058697,1,0.005,9.04569371577036e-184,"C02","MarkerC02-150"
4.52291321354919e-188,9.70827599322383,1,0.006,9.04582642709839e-184,"C02","MarkerC02-114"
4.5229397560865e-188,9.78698182319025,1,0.005,9.045879512173e-184,"C02","MarkerC02-031"
4.52312555818566e-188,9.85765646905062,1,0.005,9.04625111637132e-184,"C02","MarkerC02-097"
4.55369161511571e-188,9.88911506252284,1,0.005,9.10738323023141e-184,"C02","MarkerC02-058"
4.55374506075295e-188,9.94283520019079,1,0.005,9.10749012150589e-184,"C02","MarkerC02-109"
4.55379850701342e-188,9.76549870501681,1,0.005,9.10759701402683e-184,"C02","MarkerC02-098"
4.55397221167482e-188,9.89630246833245,1,0.005,9.10794442334964e-184,"C02","MarkerC02-026"
4.55409247261225e-188,9.83746554402664,1,0.005,9.10818494522451e-184,"C02","MarkerC02-140"
4.5541058351335e-188,9.75058177513644,1,0.005,9.10821167026699e-184,"C02","MarkerC02-030"
4.58525769721806e-188,9.69316869368992,1,0.005,9.17051539443611e-184,"C02","MarkerC02-105"
4.58532496637494e-188,9.72065283357447,1,0.005,9.17064993274988e-184,"C02","MarkerC02-048"
4.58537878240798e-188,9.90603085132058,1,0.005,9.17075756481597e-184,"C02","MarkerC02-072"
4.58568823679603e-188,9.84336753054049,1,0.005,9.17137647359207e-184,"C02","MarkerC02-045"
4.6168933217309e-188,10.1305404687226,1,0.004,9.23378664346179e-184,"C02","MarkerC02-084"
4.61696105391599e-188,9.92822096363736,1,0.005,9.23392210783198e-184,"C02","MarkerC02-013"
4.61700169370191e-188,9.6700970078109,1,0.005,9.23400338740382e-184,"C02","MarkerC02-141"
4.68050424156677e-188,10.0618417724253,1,0.005,9.36100848313353e-184,"C02","MarkerC02-021"
4.71276857928856e-188,9.90700894022543,1,0.005,9.42553715857712e-184,"C02","MarkerC02-039"
4.84379272372477e-188,9.73218681834305,1,0.005,9.68758544744953e-184,"C02","MarkerC02-095"
4.94428710766731e-188,9.9679544160117,1,0.004,9.88857421533462e-184,"C02","MarkerC02-057"
5.04662710701938e-188,9.85355670914494,1,0.005,1.00932542140388e-183,"C02","MarkerC02-062"
5.15188378592587e-188,9.54661111144627,1,0.006,1.03037675718517e-183,"C02","MarkerC02-120"
6.50993643500849e-188,9.96457853584061,1,0.005,1.3019872870017e-183,"C02","MarkerC02-067"
6.51041318097104e-188,10.0227871339418,1,0.005,1.30208263619421e-183,"C02","MarkerC02-053"
6.51043225153329e-188,10.003760057185,1,0.004,1.30208645030666e-183,"C02","MarkerC02-032"
6.51043225153329e-188,9.79973561413163,1,0.005,1.30208645030666e-183,"C02","MarkerC02-107"
6.51071831662484e-188,9.77617006147295,1,0.005,1.30214366332497e-183,"C02","MarkerC02-100"
6.51081367443628e-188,9.84390148216481,1,0.005,1.30216273488726e-183,"C02","MarkerC02-081"
6.51087088978882e-188,9.80522102382601,1,0.005,1.30217417795776e-183,"C02","MarkerC02-056"
6.55481353878401e-188,9.94743480513211,1,0.005,1.3109627077568e-183,"C02","MarkerC02-012"
6.55519755578394e-188,9.773042671003,1,0.005,1.31103951115679e-183,"C02","MarkerC02-038"
6.55537037073956e-188,9.83377339459751,1,0.005,1.31107407414791e-183,"C02","MarkerC02-065"
6.55544717884317e-188,9.90685996927521,1,0.005,1.31108943576863e-183,"C02","MarkerC02-110"
6.55546638100901e-188,10.0260901881196,1,0.004,1.3110932762018e-183,"C02","MarkerC02-146"
6.55546638100901e-188,9.81192170855257,1,0.005,1.3110932762018e-183,"C02","MarkerC02-135"
6.59920706468152e-188,9.88255998519875,1,0.005,1.3198414129363e-183,"C02","MarkerC02-049"
6.60050230299605e-188,9.84099297804194,1,0.005,1.32010046059921e-183,"C02","MarkerC02-116"
6.60050230299605e-188,9.87658716494665,1,0.005,1.32010046059921e-183,"C02","MarkerC02-148"
6.62272863283042e-188,9.87190536320493,1,0.005,1.32454572656608e-183,"C02","MarkerC02-023"
6.64565259739428e-188,9.9899012002974,1,0.005,1.32913051947886e-183,"C02","MarkerC02-149"
6.64588619043649e-188,9.84330005973747,1,0.005,1.3291772380873e-183,"C02","MarkerC02-071"
6.64594458997397e-188,9.87562529936378,1,0.005,1.32918891799479e-183,"C02","MarkerC02-147"
6.69128776957306e-188,9.79682849155822,1,0.005,1.33825755391461e-183,"C02","MarkerC02-069"
6.69150336316559e-188,9.75347768933694,1,0.005,1.33830067263312e-183,"C02","MarkerC02-002"
6.78343966964666e-188,9.81011279762327,1,0.005,1.35668793392933e-183,"C02","MarkerC02-037"
6.78351914365781e-188,9.71363517493755,1,0.005,1.35670382873156e-183,"C02","MarkerC02-079"
6.78357874977369e-188,9.8470952713453,1,0.005,1.35671574995474e-183,"C02","MarkerC02-011"
6.78369796356993e-188,9.79131176437094,1,0.005,1.35673959271399e-183,"C02","MarkerC02-133"
6.92430322114599e-188,9.68827579603379,1,0.005,1.3848606442292e-183,"C02","MarkerC02-122"
6.97199251551464e-188,9.93496039057079,1,0.005,1.39439850310293e-183,"C02","MarkerC02-041"
7.51718932491018e-188,9.59148347133399,1,0.006,1.50343786498204e-183,"C02","MarkerC02-051"
7.80589624537725e-188,9.80999621742589,1,0.005,1.56117924907545e-183,"C02","MarkerC02-016"
8.73928320091065e-188,9.81925274522447,1,0.005,1.74785664018213e-183,"C02","MarkerC02-028"
9.10549320081711e-188,9.78434921905493,1,0.005,1.82109864016342e-183,"C02","MarkerC02-136"
9.35163471200258e-188,9.7658390745947,1,0.005,1.87032694240052e-183,"C02","MarkerC02-092"
9.35190818418542e-188,9.7717090686566,1,0.005,1.87038163683708e-183,"C02","MarkerC02-047"
9.35209961945044e-188,9.73996808812248,1,0.005,1.87041992389009e-183,"C02","MarkerC02-129"
9.35220901278184e-188,9.70692080602602,1,0.005,1.87044180255637e-183,"C02","MarkerC02-102"
9.35220901278184e-188,9.74361568757252,1,0.005,1.87044180255637e-183,"C02","MarkerC02-104"
9.35220901278184e-188,9.73192840386044,1,0.005,1.87044180255637e-183,"C02","MarkerC02-145"
9.35253720041653e-188,9.64077341787998,1,0.006,1.87050744008331e-183,"C02","MarkerC02-124"
9.35267394864803e-188,9.83202105640858,1,0.005,1.87053478972961e-183,"C02","MarkerC02-115"
9.41645958602465e-188,9.81624145490349,1,0.005,1.88329191720493e-183,"C02","MarkerC02-082"
9.41654219419994e-188,9.66962925012275,1,0.006,1.88330843883999e-183,"C02","MarkerC02-064"
9.4167900230504e-188,9.86214814415564,1,0.005,1.88335800461008e-183,"C02","MarkerC02-112"
9.4802084553958e-188,10.1438778817317,1,0.004,1.89604169107916e-183,"C02","MarkerC02-137"
9.48076291000518e-188,9.76844468926147,1,0.005,1.89615258200104e-183,"C02","MarkerC02-085"
9.48090152869913e-188,9.8952394739625,1,0.005,1.89618030573983e-183,"C02","MarkerC02-088"
9.48140057270683e-188,9.99637729815329,1,0.005,1.89628011454137e-183,"C02","MarkerC02-087"
9.48148374925056e-188,9.72015424510847,1,0.005,1.89629674985011e-183,"C02","MarkerC02-099"
9.51832251135508e-188,9.82904731282864,1,0.005,1.90366450227102e-183,"C02","MarkerC02-006"
9.54572814130417e-188,10.0194049334028,1,0.004,1.90914562826083e-183,"C02","MarkerC02-130"
9.54572814130417e-188,9.77864756548318,1,0.005,1.90914562826083e-183,"C02","MarkerC02-060"
9.54625850417276e-188,9.74604514715566,1,0.005,1.90925170083455e-183,"C02","MarkerC02-010"
9.55206588791197e-188,9.53534432916297,1,0.006,1.91041317758239e-183,"C02","MarkerC02-083"
9.61153147643819e-188,9.8968129669134,1,0.005,1.92230629528764e-183,"C02","MarkerC02-093"
9.67764639786967e-188,9.79827108369641,1,0.005,1.93552927957393e-183,"C02","MarkerC02-003"
9.74393065117055e-188,9.95705700792077,1,0.005,1.94878613023411e-183,"C02","MarkerC02-029"
9.74398763386853e-188,10.0432266210048,1,0.004,1.94879752677371e-183,"C02","MarkerC02-131"
9.74452898603462e-188,9.74291555377559,1,0.005,1.94890579720692e-183,"C02","MarkerC02-035"
9.81046756869975e-188,9.88209530706397,1,0.005,1.96209351373995e-183,"C02","MarkerC02-113"
9.81072574037335e-188,9.80456557959339,1,0.005,1.96214514807467e-183,"C02","MarkerC02-101"
9.94589464785336e-188,9.91980134734471,1,0.005,1.98917892957067e-183,"C02","MarkerC02-121"
9.94638902713974e-188,9.78998552548202,1,0.005,1.98927780542795e-183,"C02","MarkerC02-019"
1.00145410539013e-187,9.99357790898055,1,0.004,2.00290821078027e-183,"C02","MarkerC02-073"
1.00147753018641e-187,9.64292639264736,1,0.005,2.00295506037282e-183,"C02","MarkerC02-050"
1.00830710652086e-187,9.87996832457482,1,0.005,2.01661421304172e-183,"C02","MarkerC02-052"
1.02221969847069e-187,9.93236469974067,1,0.005,2.04443939694138e-183,"C02","MarkerC02-036"
1.06505933395513e-187,9.53432010400433,1,0.006,2.13011866791026e-183,"C02","MarkerC02-040"
1.07235646936749e-187,9.76243107818788,1,0.005,2.14471293873498e-183,"C02","MarkerC02-091"
1.29424742401176e-187,9.93202932090566,1,0.005,2.58849484802351e-183,"C02","MarkerC02-018"
1.34066416439733e-187,9.76628433571794,1,0.005,2.68132832879466e-183,"C02","MarkerC02-128"
1.34067199218274e-187,9.83084884399916,1,0.005,2.68134398436548e-183,"C02","MarkerC02-089"
1.34976441946201e-187,9.7159339261176,1,0.006,2.69952883892402e-183,"C02","MarkerC02-061"
1.35904935950385e-187,9.73534425116583,1,0.005,2.7180987190077e-183,"C02","MarkerC02-066"
1.35916045201972e-187,9.81005092282217,1,0.005,2.71832090403944e-183,"C02","MarkerC02-044"
1.36833817595706e-187,9.67689248402006,1,0.005,2.73667635191411e-183,"C02","MarkerC02-042"
1.36836613761223e-187,9.88346271955704,1,0.005,2.73673227522447e-183,"C02","MarkerC02-144"
1.3684779899218e-187,9.79724063949409,1,0.005,2.7369559798436e-183,"C02","MarkerC02-015"
1.40640283648829e-187,9.71757685797882,1,0.005,2.81280567297657e-183,"C02","MarkerC02-117"
1.42576336555237e-187,9.81533290293724,1,0.005,2.85152673110475e-183,"C02","MarkerC02-096"
1.44534368897125e-187,9.9588509977504,1,0.005,2.89068737794249e-183,"C02","MarkerC02-132"
1.45530230302811e-187,9.76260029272166,1,0.005,2.91060460605621e-183,"C02","MarkerC02-076"
1.47021652962164e-187,9.79529375465076,1,0.005,2.94043305924328e-183,"C02","MarkerC02-033"
1.47527919840288e-187,9.81579021949312,1,0.005,2.95055839680577e-183,"C02","MarkerC02-143"
1.5058383787803e-187,9.89775205590781,1,0.005,3.0116767575606e-183,"C02","MarkerC02-008"
1.52653934055624e-187,9.8909045199547,1,0.005,3.05307868111248e-183,"C02","MarkerC02-142"
1.52656161654395e-187,9.87993827001744,1,0.005,3.0531232330879e-183,"C02","MarkerC02-005"
1.54769165579565e-187,9.93627512357906,1,0.005,3.0953833115913e-183,"C02","MarkerC02-123"
1.56886656487373e-187,9.86120616378478,1,0.005,3.13773312974746e-183,"C02","MarkerC02-017"
1.57953693441717e-187,9.67086048155325,1,0.005,3.15907386883434e-183,"C02","MarkerC02-054"
1.63451533226212e-187,9.90318266308299,1,0.005,3.26903066452424e-183,"C02","MarkerC02-090"
1.6457085026848e-187,9.6778783044858,1,0.005,3.29141700536959e-183,"C02","MarkerC02-020"
1.64579494297592e-187,9.71991885281829,1,0.005,3.29158988595185e-183,"C02","MarkerC02-063"
1.67986710865584e-187,9.65265772644249,1,0.005,3.35973421731169e-183,"C02","MarkerC02-055"
1.83592394088493e-187,9.71214255571859,1,0.005,3.67184788176985e-183,"C02","MarkerC02-118"
1.84836523518985e-187,9.69443811188624,1,0.005,3.6967304703797e-183,"C02","MarkerC02-004"
1.91796733020706e-187,9.85979244196646,1,0.005,3.83593466041412e-183,"C02","MarkerC02-014"
1.94425294527069e-187,9.90521744491503,1,0.005,3.88850589054139e-183,"C02","MarkerC02-139"
1.97107644366625e-187,9.91284480919509,1,0.005,3.94215288733251e-183,"C02","MarkerC02-024"
1.98450214036789e-187,9.79761551602374,1,0.005,3.96900428073578e-183,"C02","MarkerC02-094"
2.0257075264774e-187,9.95585535996673,1,0.005,4.0514150529548e-183,"C02","MarkerC02-108"
2.05345596623795e-187,9.6639978487917,1,0.005,4.1069119324759e-183,"C02","MarkerC02-134"
2.08179636649083e-187,9.76776026183703,1,0.005,4.16359273298165e-183,"C02","MarkerC02-078"
2.11028761036021e-187,9.93474630458037,1,0.005,4.22057522072043e-183,"C02","MarkerC02-074"
2.2592856464986e-187,9.83432480846223,1,0.005,4.5185712929972e-183,"C02","MarkerC02-125"
2.25931197504812e-187,9.72384819427279,1,0.005,4.51862395009624e-183,"C02","MarkerC02-025"
2.37008971220293e-187,9.72900754787461,1,0.005,4.74017942440585e-183,"C02","MarkerC02-059"
2.52025371007755e-187,9.79019410330436,1,0.005,5.0405074201551e-183,"C02","MarkerC02-046"
2.79478963816026e-187,9.85033033399275,1,0.005,5.58957927632052e-183,"C02","MarkerC02-034"
2.85257225064096e-187,9.78646837921341,1,0.005,5.70514450128191e-183,"C02","MarkerC02-043"
5.05471569097373e-187,9.65646864585347,1,0.005,1.01094313819475e-182,"C02","MarkerC02-009"
5.44825844980559e-187,9.85638665222689,1,0.005,1.08965168996112e-182,"C02","MarkerC02-007"
3.13531193980342e-188,9.74614597356314,1,0.005,6.27062387960684e-184,"C03","MarkerC03-132"
3.13543174280274e-188,9.65575596201451,1,0.006,6.27086348560548e-184,"C03","MarkerC03-077"
3.13545939029539e-188,9.90661136177555,1,0.005,6.27091878059078e-184,"C03","MarkerC03-058"
3.13553311812944e-188,9.89645259660947,1,0.005,6.27106623625888e-184,"C03","MarkerC03-010"
3.13563449671924e-188,9.7403979301966,1,0.005,6.27126899343848e-184,"C03","MarkerC03-126"
3.13570822865196e-188,9.89327902751168,1,0.005,6.27141645730391e-184,"C03","MarkerC03-014"
4.52266106718027e-188,9.77247674243373,1,0.005,9.04532213436055e-184,"C03","MarkerC03-079"
4.52274069083813e-188,9.80301228366805,1,0.005,9.04548138167626e-184,"C03","MarkerC03-086"
4.52280704495247e-188,9.9036136913758,1,0.005,9.04561408990495e-184,"C03","MarkerC03-061"
4.52283358686887e-188,9.82546974321753,1,0.005,9.04566717373775e-184,"C03","MarkerC03-104"
4.52289994233935e-188,9.86592578604622,1,0.005,9.04579988467871e-184,"C03","MarkerC03-045"
4.52292648479793e-188,9.7800477899847,1,0.005,9.04585296959586e-184,"C03","MarkerC03-037"
4.5229397560865e-188,10.0493994797532,1,0.004,9.045879512173e-184,"C03","MarkerC03-116"
4.52296629877845e-188,9.88573812468445,1,0.005,9.0459325975569e-184,"C03","MarkerC03-114"
4.52304592778451e-188,9.88548110704466,1,0.005,9.04609185556901e-184,"C03","MarkerC03-057"
4.52304592778451e-188,9.73578881106477,1,0.005,9.04609185556901e-184,"C03","MarkerC03-119"
4.52305919942126e-188,9.77751408031603,1,0.005,9.04611839884252e-184,"C03","MarkerC03-131"
4.52313883005579e-188,9.95746852866101,1,0.005,9.04627766011159e-184,"C03","MarkerC03-049"
4.55395884954425e-188,9.7655061294367,1,0.005,9.10791769908849e-184,"C03","MarkerC03-146"
4.5539989360544e-188,9.76277781770963,1,0.005,9.1079978721088e-184,"C03","MarkerC03-123"
4.55401229830246e-188,9.94485944680525,1,0.005,9.10802459660491e-184,"C03","MarkerC03-036"
4.55414592293173e-188,9.83680843179925,1,0.005,9.10829184586345e-184,"C03","MarkerC03-139"
4.55415928560962e-188,9.97252186852647,1,0.005,9.10831857121924e-184,"C03","MarkerC03-005"
4.55435973045536e-188,9.94231447735489,1,0.005,9.10871946091072e-184,"C03","MarkerC03-100"
4.58453125291247e-188,9.72721148958347,1,0.005,9.16906250582493e-184,"C03","MarkerC03-149"
4.58524424350468e-188,9.68179505054937,1,0.005,9.17048848700936e-184,"C03","MarkerC03-097"
4.58525769721806e-188,10.059981758627,1,0.004,9.17051539443611e-184,"C03","MarkerC03-027"
4.58529805859476e-188,9.79010973526119,1,0.005,9.17059611718952e-184,"C03","MarkerC03-081"
4.58529805859476e-188,9.80582512296721,1,0.005,9.17059611718952e-184,"C03","MarkerC03-136"
4.58555368885609e-188,9.89096555529187,1,0.005,9.17110737771219e-184,"C03","MarkerC03-018"
4.61709652125314e-188,9.7981993124363,1,0.005,9.23419304250629e-184,"C03","MarkerC03-002"
4.66467387738945e-188,9.77215556945234,1,0.005,9.32934775477891e-184,"C03","MarkerC03-075"
4.68044931172779e-188,9.62769035545503,1,0.006,9.36089862345558e-184,"C03","MarkerC03-038"
4.68066903493548e-188,9.8834150107271,1,0.005,9.36133806987097e-184,"C03","MarkerC03-019"
4.68069650105769e-188,9.80731965395961,1,0.005,9.36139300211538e-184,"C03","MarkerC03-127"
4.68086130116334e-188,9.79285310524905,1,0.005,9.36172260232667e-184,"C03","MarkerC03-101"
4.71296216098052e-188,9.91315785853291,1,0.005,9.42592432196104e-184,"C03","MarkerC03-090"
4.71297598854744e-188,9.89842581373502,1,0.005,9.42595197709488e-184,"C03","MarkerC03-078"
5.70942195102977e-188,9.70561502177355,1,0.005,1.14188439020595e-183,"C03","MarkerC03-053"
6.51016526873387e-188,9.93676722696222,1,0.005,1.30203305374677e-183,"C03","MarkerC03-106"
6.51047039282179e-188,9.84496271368337,1,0.005,1.30209407856436e-183,"C03","MarkerC03-111"
6.51052760517337e-188,9.76357584316116,1,0.005,1.30210552103467e-183,"C03","MarkerC03-113"
6.51058481802509e-188,9.73082141006089,1,0.005,1.30211696360502e-183,"C03","MarkerC03-087"
6.51058481802509e-188,9.86747949979848,1,0.005,1.30211696360502e-183,"C03","MarkerC03-142"
6.51062296020501e-188,9.82012011772314,1,0.005,1.302124592041e-183,"C03","MarkerC03-099"
6.51066110260608e-188,9.82565753693697,1,0.005,1.30213222052122e-183,"C03","MarkerC03-085"
6.51071831662484e-188,9.75834192429487,1,0.005,1.30214366332497e-183,"C03","MarkerC03-040"
6.51083274616421e-188,9.94571366276203,1,0.004,1.30216654923284e-183,"C03","MarkerC03-072"
6.55508234833228e-188,9.9749095751547,1,0.004,1.31101646966646e-183,"C03","MarkerC03-009"
6.55519755578394e-188,9.84160296620216,1,0.005,1.31103951115679e-183,"C03","MarkerC03-025"
6.55527436187257e-188,9.71637965996898,1,0.005,1.31105487237451e-183,"C03","MarkerC03-108"
6.55548558322967e-188,9.74126866799441,1,0.005,1.31109711664593e-183,"C03","MarkerC03-068"
6.55590804626978e-188,9.80437947165059,1,0.005,1.31118160925396e-183,"C03","MarkerC03-033"
6.59969033297067e-188,9.69035629561239,1,0.005,1.31993806659413e-183,"C03","MarkerC03-052"
6.59998031085157e-188,9.60875320292561,1,0.006,1.31999606217031e-183,"C03","MarkerC03-147"
6.60021230228785e-188,9.81763875652811,1,0.005,1.32004246045757e-183,"C03","MarkerC03-054"
6.60027030141546e-188,9.74845168964335,1,0.005,1.32005406028309e-183,"C03","MarkerC03-120"
6.60032830104939e-188,9.80275378071267,1,0.005,1.32006566020988e-183,"C03","MarkerC03-055"
6.60036696775483e-188,9.68604619689521,1,0.005,1.32007339355097e-183,"C03","MarkerC03-138"
6.6004056346831e-188,9.76216696993195,1,0.005,1.32008112693662e-183,"C03","MarkerC03-137"
6.60075364720144e-188,9.79821399035206,1,0.005,1.32015072944029e-183,"C03","MarkerC03-107"
6.64555526937088e-188,9.77053245763305,1,0.005,1.32911105387418e-183,"C03","MarkerC03-145"
6.64565259739428e-188,9.7234398798228,1,0.005,1.32913051947886e-183,"C03","MarkerC03-008"
6.64574992683384e-188,9.93342923934449,1,0.004,1.32914998536677e-183,"C03","MarkerC03-143"
6.69075861461197e-188,9.85235430153094,1,0.005,1.33815172292239e-183,"C03","MarkerC03-060"
6.69134656714008e-188,9.85578610738517,1,0.005,1.33826931342802e-183,"C03","MarkerC03-046"
6.6916209625849e-188,9.74113097019752,1,0.005,1.33832419251698e-183,"C03","MarkerC03-001"
6.69167976306519e-188,9.90534237561258,1,0.005,1.33833595261304e-183,"C03","MarkerC03-082"
6.73731488130257e-188,9.83469584246975,1,0.005,1.34746297626051e-183,"C03","MarkerC03-050"
6.78377744059171e-188,9.82115938038524,1,0.005,1.35675548811834e-183,"C03","MarkerC03-070"
6.87762459616912e-188,9.97370869984833,1,0.004,1.37552491923382e-183,"C03","MarkerC03-023"
6.90098512155431e-188,9.87470262600668,1,0.005,1.38019702431086e-183,"C03","MarkerC03-034"
6.92432350117241e-188,9.99445318967274,1,0.004,1.38486470023448e-183,"C03","MarkerC03-102"
6.97180874385641e-188,9.72228334105938,1,0.005,1.39436174877128e-183,"C03","MarkerC03-042"
6.97211503263302e-188,9.81168147536959,1,0.005,1.3944230065266e-183,"C03","MarkerC03-089"
7.0196809230287e-188,9.78106218224857,1,0.005,1.40393618460574e-183,"C03","MarkerC03-083"
7.06829543514316e-188,9.80972540773858,1,0.005,1.41365908702863e-183,"C03","MarkerC03-074"
7.09213666926175e-188,9.84646823450526,1,0.005,1.41842733385235e-183,"C03","MarkerC03-095"
7.11678767562834e-188,9.86419954932433,1,0.005,1.42335753512567e-183,"C03","MarkerC03-091"
7.11697525979107e-188,9.79823500204285,1,0.005,1.42339505195821e-183,"C03","MarkerC03-032"
7.26416090128343e-188,9.74171744757171,1,0.005,1.45283218025669e-183,"C03","MarkerC03-031"
7.41471256504262e-188,9.90348327945164,1,0.004,1.48294251300852e-183,"C03","MarkerC03-133"
7.72563705404181e-188,9.80107005310691,1,0.005,1.54512741080836e-183,"C03","MarkerC03-144"
7.99497763809437e-188,9.90591855029749,1,0.005,1.59899552761887e-183,"C03","MarkerC03-130"
9.23117225233209e-188,9.76813932539865,1,0.005,1.84623445046642e-183,"C03","MarkerC03-128"
9.35166205886181e-188,9.7845987431844,1,0.005,1.87033241177236e-183,"C03","MarkerC03-129"
9.35182614169555e-188,9.765739298882,1,0.005,1.87036522833911e-183,"C03","MarkerC03-098"
9.35196287957839e-188,9.75203195832984,1,0.005,1.87039257591568e-183,"C03","MarkerC03-118"
9.35212696766371e-188,9.98122820729367,1,0.005,1.87042539353274e-183,"C03","MarkerC03-096"
9.35218166432893e-188,9.96821929516463,1,0.004,1.87043633286579e-183,"C03","MarkerC03-035"
9.35223636131269e-188,9.70831136968253,1,0.006,1.87044727226254e-183,"C03","MarkerC03-140"
9.3524825016802e-188,9.82089259624314,1,0.005,1.87049650033604e-183,"C03","MarkerC03-115"
9.35261924911578e-188,9.88301782024073,1,0.005,1.87052384982316e-183,"C03","MarkerC03-030"
9.4164871220033e-188,9.7041375244752,1,0.005,1.88329742440066e-183,"C03","MarkerC03-080"
9.48140057270683e-188,9.73257299265724,1,0.005,1.89628011454137e-183,"C03","MarkerC03-141"
9.54592353473773e-188,9.69915382025411,1,0.005,1.90918470694755e-183,"C03","MarkerC03-059"
9.54653765430476e-188,9.84039925930059,1,0.005,1.90930753086095e-183,"C03","MarkerC03-093"
9.61119422198448e-188,9.7559292933134,1,0.005,1.9222388443969e-183,"C03","MarkerC03-084"
9.61200927374593e-188,9.76189101383999,1,0.005,1.92240185474919e-183,"C03","MarkerC03-135"
9.64460285357464e-188,9.78458541166337,1,0.005,1.92892057071493e-183,"C03","MarkerC03-048"
9.81118472893612e-188,9.97813383763704,1,0.004,1.96223694578722e-183,"C03","MarkerC03-028"
9.81121341642999e-188,9.94987916200228,1,0.004,1.962242683286e-183,"C03","MarkerC03-117"
9.91216812581047e-188,9.72451814253893,1,0.005,1.98243362516209e-183,"C03","MarkerC03-066"
9.94595280885278e-188,9.92136006342505,1,0.005,1.98919056177056e-183,"C03","MarkerC03-029"
1.00150974017167e-187,9.8528032940949,1,0.005,2.00301948034334e-183,"C03","MarkerC03-047"
1.00154487951341e-187,9.97224772999384,1,0.004,2.00308975902683e-183,"C03","MarkerC03-041"
1.02221670983823e-187,9.95490197242231,1,0.005,2.04443341967645e-183,"C03","MarkerC03-112"
1.02925375024448e-187,9.99814423788974,1,0.005,2.05850750048896e-183,"C03","MarkerC03-020"
1.03275567132125e-187,9.76737489195565,1,0.005,2.06551134264251e-183,"C03","MarkerC03-051"
1.03629373075527e-187,9.7331192919619,1,0.005,2.07258746151054e-183,"C03","MarkerC03-073"
1.13265294734132e-187,9.64406940939833,1,0.006,2.26530589468264e-183,"C03","MarkerC03-103"
1.17211961041172e-187,9.86888056301566,1,0.005,2.34423922082345e-183,"C03","MarkerC03-065"
1.34060937117292e-187,9.60807567191051,1,0.006,2.68121874234584e-183,"C03","MarkerC03-006"
1.34062502615252e-187,9.72829275277775,1,0.005,2.68125005230504e-183,"C03","MarkerC03-069"
1.34066807828426e-187,9.8570478915384,1,0.005,2.68133615656852e-183,"C03","MarkerC03-022"
1.34069938979014e-187,9.79153278046965,1,0.005,2.68139877958027e-183,"C03","MarkerC03-026"
1.34069938979014e-187,9.76407239487027,1,0.005,2.68139877958027e-183,"C03","MarkerC03-056"
1.34071504581594e-187,9.74735732350175,1,0.005,2.68143009163188e-183,"C03","MarkerC03-067"
1.3407307020238e-187,9.88340285817544,1,0.005,2.6814614040476e-183,"C03","MarkerC03-011"
1.34988657694797e-187,10.1064560415308,1,0.004,2.69977315389595e-183,"C03","MarkerC03-015"
1.35906126184118e-187,9.83371160900426,1,0.005,2.71812252368237e-183,"C03","MarkerC03-088"
1.35917235532559e-187,9.7239787274349,1,0.005,2.71834471065119e-183,"C03","MarkerC03-071"
1.3684779899218e-187,9.98506355899187,1,0.005,2.7369559798436e-183,"C03","MarkerC03-148"
1.36850195945788e-187,9.71775132101811,1,0.005,2.73700391891575e-183,"C03","MarkerC03-024"
1.36850195945788e-187,9.86533256299436,1,0.005,2.73700391891575e-183,"C03","MarkerC03-076"
1.38727655452122e-187,9.69740609656932,1,0.005,2.77455310904244e-183,"C03","MarkerC03-110"
1.38730085254941e-187,9.855034708009,1,0.005,2.77460170509882e-183,"C03","MarkerC03-007"
1.41596118643175e-187,10.0498387126228,1,0.004,2.8319223728635e-183,"C03","MarkerC03-004"
1.44534790771387e-187,9.88264437583523,1,0.005,2.89069581542773e-183,"C03","MarkerC03-044"
1.46522253236522e-187,9.77922482110975,1,0.005,2.93044506473043e-183,"C03","MarkerC03-016"
1.48547851130175e-187,9.65770680081823,1,0.005,2.9709570226035e-183,"C03","MarkerC03-039"
1.49551689851023e-187,9.95251817378522,1,0.004,2.99103379702046e-183,"C03","MarkerC03-105"
1.49553435795908e-187,9.87056957667895,1,0.005,2.99106871591817e-183,"C03","MarkerC03-121"
1.49564784932236e-187,9.76026959240447,1,0.005,2.99129569864472e-183,"C03","MarkerC03-124"
1.82339074812432e-187,9.73495703972587,1,0.005,3.64678149624864e-183,"C03","MarkerC03-134"
1.9179393811143e-187,9.91624746733422,1,0.005,3.8358787622286e-183,"C03","MarkerC03-063"
1.93100918665154e-187,9.82470319123366,1,0.005,3.86201837330309e-183,"C03","MarkerC03-062"
1.93112174553037e-187,9.90205890740241,1,0.005,3.86224349106073e-183,"C03","MarkerC03-013"
2.0534858853611e-187,9.89432138790167,1,0.005,4.1069717707222e-183,"C03","MarkerC03-003"
2.09610967878145e-187,9.91973310176221,1,0.005,4.19221935756289e-183,"C03","MarkerC03-092"
2.12486468608744e-187,9.84748496727664,1,0.005,4.24972937217488e-183,"C03","MarkerC03-021"
2.13937402195081e-187,9.96652893135963,1,0.005,4.27874804390163e-183,"C03","MarkerC03-017"
2.39453620332284e-187,9.66216541219482,1,0.005,4.78907240664567e-183,"C03","MarkerC03-094"
2.73812834629813e-187,9.76048580120994,1,0.005,5.47625669259626e-183,"C03","MarkerC03-150"
2.7381442801345e-187,9.97803152253736,1,0.005,5.47628856026901e-183,"C03","MarkerC03-109"
2.95162910230118e-187,9.82098381984843,1,0.005,5.90325820460236e-183,"C03","MarkerC03-064"
2.95885492040369e-187,9.76388498637028,1,0.005,5.91770984080739e-183,"C03","MarkerC03-122"
3.56086854575358e-187,9.7572391819314,1,0.005,7.12173709150716e-183,"C03","MarkerC03-012"
4.23393040970326e-187,9.83673149978646,1,0.005,8.46786081940651e-183,"C03","MarkerC03-125"
8.40456417241814e-187,9.61356262776357,1,0.006,1.68091283448363e-182,"C03","MarkerC03-043"
3.13540409555197e-188,9.76533150271592,1,0.005,6.27080819110393e-184,"C04","MarkerC04-105"
3.13545939029539e-188,9.7362943725413,1,0.005,6.27091878059078e-184,"C04","MarkerC04-003"
3.13548703803121e-188,9.70046986379852,1,0.005,6.27097407606243e-184,"C04","MarkerC04-122"
3.13549625399662e-188,9.77162895333275,1,0.005,6.27099250799323e-184,"C04","MarkerC04-096"
3.13552390205581e-188,9.76901990702577,1,0.005,6.27104780411163e-184,"C04","MarkerC04-123"
3.13554233423013e-188,10.0510249639152,1,0.004,6.27108466846025e-184,"C04","MarkerC04-050"
3.13556076651201e-188,9.8729905545748,1,0.005,6.27112153302403e-184,"C04","MarkerC04-066"
3.13556076651201e-188,9.83414751698222,1,0.005,6.27112153302403e-184,"C04","MarkerC04-095"
3.13556998269387e-188,10.0554029429125,1,0.004,6.27113996538774e-184,"C04","MarkerC04-143"
3.13558841513777e-188,9.80463691447206,1,0.005,6.27117683027555e-184,"C04","MarkerC04-015"
3.13558841513777e-188,9.75528063659441,1,0.005,6.27117683027555e-184,"C04","MarkerC04-097"
3.13565292954032e-188,9.81884104419929,1,0.005,6.27130585908063e-184,"C04","MarkerC04-043"
3.13571744526445e-188,9.83192523306787,1,0.005,6.2714348905289e-184,"C04","MarkerC04-089"
3.13571744526445e-188,9.83073009889951,1,0.005,6.2714348905289e-184,"C04","MarkerC04-108"
4.52266106718027e-188,9.72497172004363,1,0.005,9.04532213436055e-184,"C04","MarkerC04-004"
4.52271414946484e-188,10.0171013179441,1,0.004,9.04542829892968e-184,"C04","MarkerC04-121"
4.52272742013251e-188,10.0007250024589,1,0.004,9.04545484026502e-184,"C04","MarkerC04-046"
4.52274069083813e-188,9.86982651699984,1,0.005,9.04548138167626e-184,"C04","MarkerC04-084"
4.52275396158312e-188,9.937678884022,1,0.005,9.04550792316624e-184,"C04","MarkerC04-098"
4.52278050319024e-188,9.77807982417043,1,0.005,9.04556100638049e-184,"C04","MarkerC04-040"
4.52279377405191e-188,10.0822771136841,1,0.004,9.04558754810382e-184,"C04","MarkerC04-026"
4.52280704495247e-188,9.63260038833816,1,0.006,9.04561408990495e-184,"C04","MarkerC04-072"
4.52284685788518e-188,9.96684175066571,1,0.005,9.04569371577036e-184,"C04","MarkerC04-114"
4.52286012894085e-188,9.87531550184056,1,0.005,9.0457202578817e-184,"C04","MarkerC04-111"
4.52288667116794e-188,9.5879257609623,1,0.006,9.04577334233588e-184,"C04","MarkerC04-041"
4.52292648479793e-188,9.74453343867549,1,0.005,9.04585296959586e-184,"C04","MarkerC04-069"
4.5229397560865e-188,9.88878771198062,1,0.005,9.045879512173e-184,"C04","MarkerC04-077"
4.52296629877845e-188,9.97292751703765,1,0.005,9.0459325975569e-184,"C04","MarkerC04-130"
4.52297957018277e-188,9.81629394340892,1,0.005,9.04595914036553e-184,"C04","MarkerC04-019"
4.52299284162551e-188,9.89075410722348,1,0.005,9.04598568325102e-184,"C04","MarkerC04-023"
4.52301938462769e-188,10.0164284377449,1,0.005,9.04603876925537e-184,"C04","MarkerC04-073"
4.52303265618618e-188,9.6095052350142,1,0.006,9.04606531237235e-184,"C04","MarkerC04-014"
4.52309901456443e-188,9.69500291304211,1,0.005,9.04619802912887e-184,"C04","MarkerC04-049"
4.52312555818566e-188,9.80966014759412,1,0.005,9.04625111637132e-184,"C04","MarkerC04-116"
4.52316537390993e-188,9.92151548184953,1,0.005,9.04633074781987e-184,"C04","MarkerC04-117"
4.55366489253133e-188,9.87251025201195,1,0.005,9.10732978506266e-184,"C04","MarkerC04-093"
4.55394548745141e-188,9.90497520360317,1,0.005,9.10789097490282e-184,"C04","MarkerC04-115"
4.55397221167482e-188,9.70692311746679,1,0.005,9.10794442334964e-184,"C04","MarkerC04-138"
4.5539855738455e-188,10.0093157642053,1,0.005,9.107971147691e-184,"C04","MarkerC04-051"
4.5541058351335e-188,9.99216683809329,1,0.005,9.10821167026699e-184,"C04","MarkerC04-126"
4.55419937387638e-188,9.94098039732851,1,0.005,9.10839874775277e-184,"C04","MarkerC04-118"
4.58515006861029e-188,9.88947480924156,1,0.005,9.17030013722057e-184,"C04","MarkerC04-010"
4.64843325619511e-188,9.83149383110239,1,0.005,9.29686651239021e-184,"C04","MarkerC04-107"
4.64874695599508e-188,9.71161514825102,1,0.005,9.29749391199016e-184,"C04","MarkerC04-076"
4.67999616503387e-188,9.83526667634605,1,0.005,9.35999233006774e-184,"C04","MarkerC04-136"
4.68050424156677e-188,9.96843872555139,1,0.005,9.36100848313353e-184,"C04","MarkerC04-083"
4.68080636715344e-188,9.73405817684141,1,0.005,9.36161273430688e-184,"C04","MarkerC04-104"
4.71283771469876e-188,9.70701446050534,1,0.005,9.42567542939752e-184,"C04","MarkerC04-017"
5.44235880704969e-188,9.80245225209816,1,0.005,1.08847176140994e-183,"C04","MarkerC04-131"
5.82805776730429e-188,9.71443407715681,1,0.006,1.16561155346086e-183,"C04","MarkerC04-137"
6.51005085087061e-188,9.77440753857598,1,0.005,1.30201017017412e-183,"C04","MarkerC04-110"
6.51016526873387e-188,9.72176893761212,1,0.005,1.30203305374677e-183,"C04","MarkerC04-061"
6.51024154842165e-188,9.77279001547941,1,0.005,1.30204830968433e-183,"C04","MarkerC04-054"
6.51026061848241e-188,9.92165104647168,1,0.005,1.30205212369648e-183,"C04","MarkerC04-133"
6.51045132214998e-188,9.83701173220139,1,0.005,1.30209026443e-183,"C04","MarkerC04-088"
6.51062296020501e-188,10.0708998522674,1,0.004,1.302124592041e-183,"C04","MarkerC04-124"
6.51062296020501e-188,9.77216516287546,1,0.005,1.302124592041e-183,"C04","MarkerC04-037"
6.51064203137629e-188,9.78960770480188,1,0.005,1.30212840627526e-183,"C04","MarkerC04-132"
6.51071831662484e-188,9.74291735308946,1,0.005,1.30214366332497e-183,"C04","MarkerC04-134"
6.51079460276212e-188,10.083461377548,1,0.004,1.30215892055242e-183,"C04","MarkerC04-090"
6.51083274616421e-188,9.93100867587676,1,0.005,1.30216654923284e-183,"C04","MarkerC04-062"
6.55506314728798e-188,10.0228483942287,1,0.004,1.3110126294576e-183,"C04","MarkerC04-068"
6.55513995180701e-188,9.88776039949775,1,0.005,1.3110279903614e-183,"C04","MarkerC04-052"
6.55517835440326e-188,9.79743952805099,1,0.005,1.31103567088065e-183,"C04","MarkerC04-021"
6.55531276525123e-188,9.87246465794133,1,0.005,1.31106255305025e-183,"C04","MarkerC04-060"
6.5554279767335e-188,9.84582866252156,1,0.005,1.3110855953467e-183,"C04","MarkerC04-102"
6.55552398784158e-188,9.79431948873272,1,0.005,1.31110479756832e-183,"C04","MarkerC04-038"
6.59994164640245e-188,9.93027245959316,1,0.005,1.31998832928049e-183,"C04","MarkerC04-036"
6.60017363648468e-188,9.87880404428893,1,0.005,1.32003472729694e-183,"C04","MarkerC04-106"
6.60019296935799e-188,9.93693898937733,1,0.004,1.3200385938716e-183,"C04","MarkerC04-022"
6.60032830104939e-188,9.89734782081753,1,0.005,1.32006566020988e-183,"C04","MarkerC04-120"
6.60044430183968e-188,9.92860939497951,1,0.005,1.32008886036794e-183,"C04","MarkerC04-064"
6.60052163682683e-188,9.8163230279857,1,0.005,1.32010432736537e-183,"C04","MarkerC04-055"
6.64561366601489e-188,9.58767101422993,1,0.006,1.32912273320298e-183,"C04","MarkerC04-024"
6.69150336316559e-188,9.85884027152374,1,0.005,1.33830067263312e-183,"C04","MarkerC04-053"
6.78316151790668e-188,9.90364514445092,1,0.005,1.35663230358134e-183,"C04","MarkerC04-030"
6.78367809445893e-188,9.76765013553001,1,0.005,1.35673561889179e-183,"C04","MarkerC04-141"
6.83013992601414e-188,9.88488712369091,1,0.005,1.36602798520283e-183,"C04","MarkerC04-029"
6.83052002866572e-188,10.093632559671,1,0.004,1.36610400573314e-183,"C04","MarkerC04-085"
6.87685918187147e-188,9.74887129004982,1,0.005,1.37537183637429e-183,"C04","MarkerC04-032"
6.92422210163501e-188,9.79127916572936,1,0.005,1.384844420327e-183,"C04","MarkerC04-145"
7.31410238729224e-188,10.0760219844069,1,0.004,1.46282047745845e-183,"C04","MarkerC04-078"
7.36432212265522e-188,9.79429402758222,1,0.005,1.47286442453104e-183,"C04","MarkerC04-042"
7.62065671856675e-188,9.69536394812811,1,0.006,1.52413134371335e-183,"C04","MarkerC04-071"
7.9403462180521e-188,9.91759651059813,1,0.005,1.58806924361042e-183,"C04","MarkerC04-139"
8.38668025537217e-188,9.77053059846319,1,0.005,1.67733605107443e-183,"C04","MarkerC04-144"
8.38680301647738e-188,9.90820998497362,1,0.005,1.67736060329548e-183,"C04","MarkerC04-101"
8.41577580637932e-188,9.88290420592411,1,0.005,1.68315516127586e-183,"C04","MarkerC04-065"
9.35166205886181e-188,9.96714175657219,1,0.005,1.87033241177236e-183,"C04","MarkerC04-013"
9.35185348911197e-188,9.81648801284114,1,0.005,1.87037069782239e-183,"C04","MarkerC04-091"
9.35204492326256e-188,9.81539179236831,1,0.005,1.87040898465251e-183,"C04","MarkerC04-045"
9.35207227131608e-188,9.9343847436418,1,0.005,1.87041445426322e-183,"C04","MarkerC04-047"
9.35215431595687e-188,9.9801578621084,1,0.005,1.87043086319137e-183,"C04","MarkerC04-016"
9.35229105861599e-188,9.80174570637756,1,0.005,1.8704582117232e-183,"C04","MarkerC04-075"
9.35253720041653e-188,9.98961156212345,1,0.005,1.87050744008331e-183,"C04","MarkerC04-142"
9.35261924911578e-188,9.63357240254899,1,0.005,1.87052384982316e-183,"C04","MarkerC04-112"
9.41637697857221e-188,9.6921389736096,1,0.005,1.88327539571444e-183,"C04","MarkerC04-146"
9.41643205012642e-188,9.79217944823707,1,0.005,1.88328641002528e-183,"C04","MarkerC04-067"
9.41645958602465e-188,9.67695092413728,1,0.005,1.88329191720493e-183,"C04","MarkerC04-001"
9.48084608097921e-188,9.89983292578917,1,0.005,1.89616921619584e-183,"C04","MarkerC04-086"
9.48115104743472e-188,9.87839743257096,1,0.005,1.89623020948694e-183,"C04","MarkerC04-048"
9.54547692702409e-188,9.7731389318455,1,0.005,1.90909538540482e-183,"C04","MarkerC04-005"
9.54586770763649e-188,9.80323680387591,1,0.005,1.9091735415273e-183,"C04","MarkerC04-020"
9.54712389602708e-188,9.64910563589997,1,0.005,1.90942477920542e-183,"C04","MarkerC04-012"
9.57885346107002e-188,9.89656231976543,1,0.005,1.915770692214e-183,"C04","MarkerC04-080"
9.61133474324171e-188,9.80913922470463,1,0.005,1.92226694864834e-183,"C04","MarkerC04-011"
9.61164389720849e-188,9.83284677449383,1,0.005,1.9223287794417e-183,"C04","MarkerC04-125"
9.61181253081407e-188,9.8050176985957,1,0.005,1.92236250616281e-183,"C04","MarkerC04-087"
9.64474386212711e-188,9.76621434976472,1,0.005,1.92894877242542e-183,"C04","MarkerC04-008"
9.7436742331384e-188,9.82916691414573,1,0.005,1.94873484662768e-183,"C04","MarkerC04-149"
9.74438652203579e-188,9.68383436926577,1,0.006,1.94887730440716e-183,"C04","MarkerC04-035"
9.87870026016399e-188,9.72366029680217,1,0.005,1.9757400520328e-183,"C04","MarkerC04-150"
1.00144824927624e-187,9.76504610605579,1,0.005,2.00289649855247e-183,"C04","MarkerC04-074"
1.0014570334598e-187,9.93377251114303,1,0.005,2.00291406691961e-183,"C04","MarkerC04-028"
1.02225855148427e-187,9.83389814289588,1,0.005,2.04451710296855e-183,"C04","MarkerC04-113"
1.03630584957749e-187,9.76751241864895,1,0.005,2.07261169915498e-183,"C04","MarkerC04-070"
1.11724244095244e-187,9.73076929221717,1,0.005,2.23448488190487e-183,"C04","MarkerC04-034"
1.34057806175983e-187,9.86889569734969,1,0.005,2.68115612351967e-183,"C04","MarkerC04-059"
1.34059371637522e-187,9.80382619559085,1,0.005,2.68118743275044e-183,"C04","MarkerC04-056"
1.34062111239043e-187,9.97902510139193,1,0.005,2.68124222478087e-183,"C04","MarkerC04-058"
1.34067590609263e-187,9.79124378196962,1,0.005,2.68135181218527e-183,"C04","MarkerC04-025"
1.34978018109997e-187,9.92651657393792,1,0.005,2.69956036219994e-183,"C04","MarkerC04-063"
1.3498117049256e-187,9.71778318574943,1,0.005,2.69962340985119e-183,"C04","MarkerC04-006"
1.34982352654929e-187,9.85371916368991,1,0.005,2.69964705309857e-183,"C04","MarkerC04-148"
1.34986687338331e-187,9.82480840173224,1,0.005,2.69973374676663e-183,"C04","MarkerC04-033"
1.3498708140734e-187,9.75539269242847,1,0.005,2.69974162814681e-183,"C04","MarkerC04-127"
1.3498983992241e-187,9.85249125968849,1,0.005,2.6997967984482e-183,"C04","MarkerC04-109"
1.36837812135327e-187,9.92175755222906,1,0.005,2.73675624270653e-183,"C04","MarkerC04-094"
1.37777486405909e-187,9.66117579483246,1,0.005,2.75554972811818e-183,"C04","MarkerC04-027"
1.40629610177335e-187,9.93898847201721,1,0.005,2.8125922035467e-183,"C04","MarkerC04-103"
1.40631662705396e-187,9.71495826684636,1,0.005,2.81263325410793e-183,"C04","MarkerC04-002"
1.41602731873135e-187,9.62321732761007,1,0.006,2.8320546374627e-183,"C04","MarkerC04-057"
1.50584277367683e-187,9.83753965209038,1,0.005,3.01168554735366e-183,"C04","MarkerC04-018"
1.50587353830989e-187,9.85757610930847,1,0.005,3.01174707661979e-183,"C04","MarkerC04-044"
1.53711504331993e-187,9.83285581532816,1,0.005,3.07423008663987e-183,"C04","MarkerC04-092"
1.83601499143913e-187,9.86192608807903,1,0.005,3.67202998287826e-183,"C04","MarkerC04-140"
1.91792261185323e-187,9.68946957035141,1,0.005,3.83584522370646e-183,"C04","MarkerC04-147"
1.95771864939242e-187,9.78904570871964,1,0.005,3.91543729878485e-183,"C04","MarkerC04-009"
1.97108218795133e-187,9.89588029073796,1,0.005,3.94216437590267e-183,"C04","MarkerC04-119"
1.99801335530428e-187,9.91630107247038,1,0.005,3.99602671060857e-183,"C04","MarkerC04-135"
1.99805411388287e-187,9.7498814383796,1,0.005,3.99610822776575e-183,"C04","MarkerC04-100"
2.08169324414325e-187,9.71237711024766,1,0.005,4.16338648828649e-183,"C04","MarkerC04-081"
2.08178423418617e-187,9.7533717068899,1,0.005,4.16356846837235e-183,"C04","MarkerC04-039"
2.11023841896085e-187,9.68650583869793,1,0.005,4.22047683792171e-183,"C04","MarkerC04-129"
2.11034910121432e-187,9.64905609710173,1,0.005,4.22069820242863e-183,"C04","MarkerC04-079"
2.12469133474827e-187,9.68954536622577,1,0.006,4.24938266949654e-183,"C04","MarkerC04-128"
2.73823988509339e-187,9.97706370296092,1,0.005,5.47647977018677e-183,"C04","MarkerC04-031"
2.75709268068088e-187,9.83214495455818,1,0.005,5.51418536136176e-183,"C04","MarkerC04-099"
2.87203580528132e-187,9.9682132624519,1,0.005,5.74407161056265e-183,"C04","MarkerC04-082"
2.95172355628687e-187,9.8466270223125,1,0.005,5.90344711257373e-183,"C04","MarkerC04-007"
3.13536723292939e-188,9.97966515726646,1,0.005,6.27073446585877e-184,"C05","MarkerC05-004"
3.13540409555197e-188,9.73312161652849,1,0.005,6.27080819110393e-184,"C05","MarkerC05-124"
3.13543174280274e-188,9.61954773818167,1,0.006,6.27086348560548e-184,"C05","MarkerC05-073"
3.13545017443723e-188,9.92224304648965,1,0.005,6.27090034887447e-184,"C05","MarkerC05-121"
3.13547782209222e-188,9.89477069965875,1,0.005,6.27095564418443e-184,"C05","MarkerC05-146"
3.13548703803121e-188,9.76051489162447,1,0.005,6.27097407606243e-184,"C05","MarkerC05-114"
3.13549625399662e-188,9.90386276126399,1,0.005,6.27099250799323e-184,"C05","MarkerC05-032"
3.13553311812944e-188,9.93502814884639,1,0.005,6.27106623625888e-184,"C05","MarkerC05-049"
3.13554233423013e-188,9.79616938624741,1,0.005,6.27108466846025e-184,"C05","MarkerC05-024"
3.13555155035754e-188,9.73483445106975,1,0.005,6.27110310071508e-184,"C05","MarkerC05-125"
3.13555155035754e-188,9.8504795003191,1,0.005,6.27110310071508e-184,"C05","MarkerC05-133"
3.13556998269387e-188,9.90892079234724,1,0.005,6.27113996538774e-184,"C05","MarkerC05-132"
3.13561606400574e-188,9.95458830303838,1,0.004,6.27123212801149e-184,"C05","MarkerC05-149"
3.13562528034896e-188,9.92086324487519,1,0.005,6.27125056069793e-184,"C05","MarkerC05-036"
3.13585569769369e-188,10.0412361565377,1,0.004,6.27171139538737e-184,"C05","MarkerC05-046"
4.5224752840735e-188,10.1366154284931,1,0.004,9.044950568147e-184,"C05","MarkerC05-018"
4.52248855404345e-188,9.74494909563392,1,0.005,9.04497710808691e-184,"C05","MarkerC05-085"
4.52260798551753e-188,9.89188598816781,1,0.005,9.04521597103506e-184,"C05","MarkerC05-045"
4.52267433769378e-188,9.96681760403407,1,0.004,9.04534867538756e-184,"C05","MarkerC05-105"
4.52276723236747e-188,9.82918227409004,1,0.005,9.04553446473494e-184,"C05","MarkerC05-104"
4.52282031589099e-188,9.6005140321757,1,0.006,9.04564063178198e-184,"C05","MarkerC05-015"
4.52288667116794e-188,9.92090587162954,1,0.005,9.04577334233588e-184,"C05","MarkerC05-108"
4.52289994233935e-188,9.74634304551322,1,0.006,9.04579988467871e-184,"C05","MarkerC05-115"
4.52297957018277e-188,9.72980191986096,1,0.005,9.04595914036553e-184,"C05","MarkerC05-017"
4.5532507124322e-188,9.76783586337925,1,0.005,9.1065014248644e-184,"C05","MarkerC05-020"
4.55350456030204e-188,9.86461420133804,1,0.005,9.10700912060408e-184,"C05","MarkerC05-130"
4.55379850701342e-188,9.72802801575557,1,0.005,9.10759701402683e-184,"C05","MarkerC05-144"
4.55390540140977e-188,9.80261499510249,1,0.005,9.10781080281954e-184,"C05","MarkerC05-093"
4.55395884954425e-188,9.75842475378641,1,0.005,9.10791769908849e-184,"C05","MarkerC05-123"
4.55397221167482e-188,9.70856477755238,1,0.005,9.10794442334964e-184,"C05","MarkerC05-100"
4.55415928560962e-188,9.73076176678409,1,0.005,9.10831857121924e-184,"C05","MarkerC05-148"
4.58490791343668e-188,9.67395442975533,1,0.005,9.16981582687336e-184,"C05","MarkerC05-013"
4.58501553638693e-188,9.92324717972382,1,0.004,9.17003107277385e-184,"C05","MarkerC05-069"
4.58515006861029e-188,9.92760078220793,1,0.005,9.17030013722057e-184,"C05","MarkerC05-147"
4.58524424350468e-188,9.82762662217302,1,0.005,9.17048848700936e-184,"C05","MarkerC05-127"
4.58527115097134e-188,9.95684815850274,1,0.004,9.17054230194268e-184,"C05","MarkerC05-051"
4.58535187431284e-188,9.91196284786452,1,0.005,9.17070374862568e-184,"C05","MarkerC05-140"
4.5853653283407e-188,9.95286159270651,1,0.005,9.1707306566814e-184,"C05","MarkerC05-102"
4.58547296197779e-188,9.75585120599345,1,0.005,9.17094592395558e-184,"C05","MarkerC05-134"
4.64839234038424e-188,9.67824071944812,1,0.005,9.29678468076847e-184,"C05","MarkerC05-072"
4.64850145001148e-188,9.91344784844716,1,0.005,9.29700290002296e-184,"C05","MarkerC05-023"
4.64859692302668e-188,9.8604580550458,1,0.005,9.29719384605336e-184,"C05","MarkerC05-014"
4.71269944488696e-188,9.66991495597006,1,0.006,9.42539888977392e-184,"C05","MarkerC05-087"
4.8773100980428e-188,9.71857720942903,1,0.005,9.7546201960856e-184,"C05","MarkerC05-117"
5.13450623254422e-188,9.74347991466439,1,0.005,1.02690124650884e-183,"C05","MarkerC05-077"
5.78826969925704e-188,9.57055234140729,1,0.006,1.15765393985141e-183,"C05","MarkerC05-119"
6.50970760928886e-188,9.72511398638182,1,0.005,1.30194152185777e-183,"C05","MarkerC05-070"
6.509898296833e-188,9.97600092376244,1,0.005,1.3019796593666e-183,"C05","MarkerC05-150"
6.51016526873387e-188,9.90615247595035,1,0.005,1.30203305374677e-183,"C05","MarkerC05-089"
6.5101843385728e-188,9.82190622383477,1,0.005,1.30203686771456e-183,"C05","MarkerC05-118"
6.5101843385728e-188,9.64136463307469,1,0.006,1.30203686771456e-183,"C05","MarkerC05-092"
6.51037504001664e-188,9.75768470653243,1,0.005,1.30207500800333e-183,"C05","MarkerC05-106"
6.51054667606905e-188,9.89668054651167,1,0.005,1.30210933521381e-183,"C05","MarkerC05-129"
6.51058481802509e-188,9.87187433472925,1,0.005,1.30211696360502e-183,"C05","MarkerC05-053"
6.51058481802509e-188,9.93372796007899,1,0.005,1.30211696360502e-183,"C05","MarkerC05-136"
6.51064203137629e-188,9.83055111913156,1,0.005,1.30212840627526e-183,"C05","MarkerC05-043"
6.51064203137629e-188,9.91934789224344,1,0.005,1.30212840627526e-183,"C05","MarkerC05-054"
6.51066110260608e-188,9.84400465203487,1,0.005,1.30213222052122e-183,"C05","MarkerC05-028"
6.51073738807648e-188,9.69521346368797,1,0.005,1.3021474776153e-183,"C05","MarkerC05-026"
6.55504394629781e-188,9.72888541144377,1,0.005,1.31100878925956e-183,"C05","MarkerC05-040"
6.5553511688553e-188,9.85813394150437,1,0.005,1.31107023377106e-183,"C05","MarkerC05-128"
6.55537037073956e-188,9.88870672177143,1,0.005,1.31107407414791e-183,"C05","MarkerC05-120"
6.55554319023147e-188,9.82263446248652,1,0.005,1.31110863804629e-183,"C05","MarkerC05-122"
6.60003830794981e-188,9.9658163920103,1,0.005,1.32000766158996e-183,"C05","MarkerC05-009"
6.60015430366863e-188,9.88120973095761,1,0.005,1.32003086073373e-183,"C05","MarkerC05-126"
6.60036696775483e-188,9.71113058722328,1,0.005,1.32007339355097e-183,"C05","MarkerC05-142"
6.6004056346831e-188,9.70899753032925,1,0.005,1.32008112693662e-183,"C05","MarkerC05-065"
6.62286442552013e-188,9.69803744357501,1,0.005,1.32457288510403e-183,"C05","MarkerC05-143"
6.62315541919025e-188,9.85030441664959,1,0.005,1.32463108383805e-183,"C05","MarkerC05-103"
6.64518543582236e-188,9.65491250456003,1,0.006,1.32903708716447e-183,"C05","MarkerC05-086"
6.64569152899939e-188,9.85755545279289,1,0.005,1.32913830579988e-183,"C05","MarkerC05-037"
6.69071941960482e-188,9.83307758099686,1,0.005,1.33814388392096e-183,"C05","MarkerC05-066"
6.69095459307467e-188,9.94017215620065,1,0.004,1.33819091861493e-183,"C05","MarkerC05-107"
6.69107218289498e-188,9.78274644254062,1,0.005,1.338214436579e-183,"C05","MarkerC05-027"
6.73725568075326e-188,9.89559361186182,1,0.005,1.34745113615065e-183,"C05","MarkerC05-064"
6.73727541421267e-188,9.89803839103795,1,0.005,1.34745508284253e-183,"C05","MarkerC05-145"
6.82973984070386e-188,9.66649647515598,1,0.006,1.36594796814077e-183,"C05","MarkerC05-059"
6.83029996666985e-188,9.69379246587265,1,0.005,1.36605999333397e-183,"C05","MarkerC05-067"
6.92403958619257e-188,9.81928533209346,1,0.005,1.38480791723851e-183,"C05","MarkerC05-083"
6.92456686608896e-188,9.73152565571388,1,0.005,1.38491337321779e-183,"C05","MarkerC05-038"
7.06808843090478e-188,9.7620627401488,1,0.005,1.41361768618096e-183,"C05","MarkerC05-042"
7.26399071929732e-188,9.89403328743984,1,0.005,1.45279814385946e-183,"C05","MarkerC05-039"
7.62079060669979e-188,9.85187883076511,1,0.005,1.52415812133996e-183,"C05","MarkerC05-079"
7.80502777993243e-188,9.64769186551384,1,0.005,1.56100555598649e-183,"C05","MarkerC05-047"
9.35174409992069e-188,9.65723385996785,1,0.005,1.87034881998414e-183,"C05","MarkerC05-080"
9.35209961945044e-188,9.82999764574903,1,0.005,1.87041992389009e-183,"C05","MarkerC05-061"
9.35250985100891e-188,9.78016758271715,1,0.005,1.87050197020178e-183,"C05","MarkerC05-019"
9.41610162560427e-188,9.81192766754066,1,0.005,1.88322032512085e-183,"C05","MarkerC05-113"
9.41615669555778e-188,9.72328935855422,1,0.005,1.88323133911156e-183,"C05","MarkerC05-008"
9.48098470088582e-188,9.73563951389556,1,0.005,1.89619694017716e-183,"C05","MarkerC05-131"
9.48101242510869e-188,9.7158954460863,1,0.005,1.89620248502174e-183,"C05","MarkerC05-021"
9.48106787379637e-188,9.69734046482544,1,0.005,1.89621357475927e-183,"C05","MarkerC05-041"
9.54583979420816e-188,10.0103433532144,1,0.005,1.90916795884163e-183,"C05","MarkerC05-031"
9.54603518991557e-188,9.90789577856337,1,0.005,1.90920703798311e-183,"C05","MarkerC05-088"
9.54614684639391e-188,9.8387524707217,1,0.005,1.90922936927878e-183,"C05","MarkerC05-084"
9.54639807822159e-188,9.9102293068512,1,0.005,1.90927961564432e-183,"C05","MarkerC05-035"
9.6110818064486e-188,9.83866251351975,1,0.005,1.92221636128972e-183,"C05","MarkerC05-025"
9.67727853212094e-188,9.75383110800106,1,0.005,1.93545570642419e-183,"C05","MarkerC05-048"
9.67727853212094e-188,9.76236381710637,1,0.005,1.93545570642419e-183,"C05","MarkerC05-050"
9.74307595051546e-188,9.69638981642117,1,0.005,1.94861519010309e-183,"C05","MarkerC05-007"
1.00147167393622e-187,9.83014091330137,1,0.005,2.00294334787243e-183,"C05","MarkerC05-057"
1.01516242656144e-187,9.77697173540612,1,0.005,2.03032485312288e-183,"C05","MarkerC05-112"
1.01525147201799e-187,9.81426898499478,1,0.005,2.03050294403599e-183,"C05","MarkerC05-090"
1.02920560490513e-187,9.67914964831873,1,0.005,2.05841120981026e-183,"C05","MarkerC05-116"
1.04336350574227e-187,9.9825580762976,1,0.005,2.08672701148454e-183,"C05","MarkerC05-091"
1.07229690849204e-187,9.89645961657207,1,0.005,2.14459381698408e-183,"C05","MarkerC05-082"
1.08707546974063e-187,9.79784099603919,1,0.005,2.17415093948127e-183,"C05","MarkerC05-098"
1.1020155915101e-187,9.80018817510661,1,0.005,2.2040311830202e-183,"C05","MarkerC05-062"
1.12484406713587e-187,9.60213831775632,1,0.005,2.24968813427173e-183,"C05","MarkerC05-139"
1.34058197539667e-187,10.0132237981092,1,0.005,2.68116395079333e-183,"C05","MarkerC05-071"
1.34062502615252e-187,9.68085397212804,1,0.005,2.68125005230504e-183,"C05","MarkerC05-063"
1.34064459513276e-187,9.80116973877209,1,0.005,2.68128919026551e-183,"C05","MarkerC05-030"
1.34065633665743e-187,9.80842120845567,1,0.005,2.68131267331486e-183,"C05","MarkerC05-006"
1.34985111073785e-187,9.94821708892524,1,0.005,2.69970222147571e-183,"C05","MarkerC05-078"
1.3498826362122e-187,9.72790283303287,1,0.005,2.6997652724244e-183,"C05","MarkerC05-022"
1.35912077508368e-187,9.81031995795362,1,0.005,2.71824155016736e-183,"C05","MarkerC05-141"
1.37774268871775e-187,9.95563925980174,1,0.005,2.7554853774355e-183,"C05","MarkerC05-095"
1.39057270228658e-187,9.7803321496949,1,0.005,2.78114540457316e-183,"C05","MarkerC05-001"
1.39656237541204e-187,9.64667871963475,1,0.006,2.79312475082408e-183,"C05","MarkerC05-109"
1.39671729782235e-187,9.88628648064734,1,0.005,2.7934345956447e-183,"C05","MarkerC05-005"
1.41601491869086e-187,9.82579972755493,1,0.005,2.83202983738172e-183,"C05","MarkerC05-068"
1.41602318537267e-187,9.78460034331345,1,0.005,2.83204637074533e-183,"C05","MarkerC05-012"
1.48527475173155e-187,9.65854337240422,1,0.006,2.9705495034631e-183,"C05","MarkerC05-010"
1.48530943224721e-187,9.7884143231852,1,0.005,2.97061886449442e-183,"C05","MarkerC05-099"
1.50585595844299e-187,9.84972158922495,1,0.005,3.01171191688598e-183,"C05","MarkerC05-074"
1.51103238464046e-187,9.77866220653821,1,0.005,3.02206476928093e-183,"C05","MarkerC05-056"
1.51609383559551e-187,9.71888299556157,1,0.005,3.03218767119102e-183,"C05","MarkerC05-016"
1.51613808375442e-187,9.99942309423747,1,0.005,3.03227616750885e-183,"C05","MarkerC05-097"
1.51623985939792e-187,10.0075983408203,1,0.005,3.03247971879583e-183,"C05","MarkerC05-076"
1.56883909469516e-187,9.70981679271557,1,0.005,3.13767818939033e-183,"C05","MarkerC05-052"
1.60135262494248e-187,9.68858126971886,1,0.005,3.20270524988497e-183,"C05","MarkerC05-002"
1.61224368327682e-187,9.74464700521011,1,0.005,3.22448736655363e-183,"C05","MarkerC05-033"
1.61239424036681e-187,10.074886407642,1,0.004,3.22478848073362e-183,"C05","MarkerC05-110"
1.65143736639348e-187,9.91608541992749,1,0.005,3.30287473278697e-183,"C05","MarkerC05-135"
1.91774933803241e-187,9.77952439929831,1,0.005,3.83549867606482e-183,"C05","MarkerC05-003"
1.91777728436897e-187,9.97884098043688,1,0.005,3.83555456873794e-183,"C05","MarkerC05-034"
1.91787230494493e-187,9.83456222464659,1,0.005,3.83574460988986e-183,"C05","MarkerC05-094"
1.93102044224572e-187,9.82403044258416,1,0.005,3.86204088449143e-183,"C05","MarkerC05-111"
1.94421894783914e-187,9.85459947625546,1,0.005,3.88843789567827e-183,"C05","MarkerC05-058"
1.9442472789911e-187,9.61371799149531,1,0.005,3.8884945579822e-183,"C05","MarkerC05-044"
1.9442472789911e-187,9.79682675189439,1,0.005,3.8884945579822e-183,"C05","MarkerC05-137"
1.97097304938053e-187,9.73512648033227,1,0.005,3.94194609876107e-183,"C05","MarkerC05-029"
1.9777202762643e-187,9.78669811581935,1,0.005,3.9554405525286e-183,"C05","MarkerC05-075"
1.98450214036789e-187,9.73740443286211,1,0.005,3.96900428073578e-183,"C05","MarkerC05-081"
1.99807740487036e-187,9.79245936560561,1,0.005,3.99615480974072e-183,"C05","MarkerC05-055"
2.41907247618677e-187,9.68084565379932,1,0.005,4.83814495237354e-183,"C05","MarkerC05-096"
2.75694026795651e-187,9.76028767143352,1,0.005,5.51388053591302e-183,"C05","MarkerC05-101"
2.87195225068964e-187,9.8868806357582,1,0.005,5.74390450137927e-183,"C05","MarkerC05-138"
2.9087233381823e-187,9.85294102847494,1,0.005,5.8174466763646e-183,"C05","MarkerC05-060"
2.9919391616575e-187,9.7048616946721,1,0.005,5.98387832331501e-183,"C05","MarkerC05-011"
3.13522900193464e-188,9.96124899904141,1,0.004,6.27045800386927e-184,"C06","MarkerC06-037"
3.13528429360487e-188,9.86246892849747,1,0.005,6.27056858720973e-184,"C06","MarkerC06-133"
3.135293508977e-188,9.90937704413461,1,0.005,6.27058701795401e-184,"C06","MarkerC06-029"
3.13533958624482e-188,9.78915446655077,1,0.005,6.27067917248964e-184,"C06","MarkerC06-064"
3.13540409555197e-188,9.65888678966442,1,0.005,6.27080819110393e-184,"C06","MarkerC06-074"
3.13543174280274e-188,9.96826648153278,1,0.005,6.27086348560548e-184,"C06","MarkerC06-097"
3.13544095860679e-188,9.63556727604606,1,0.005,6.27088191721357e-184,"C06","MarkerC06-062"
3.13545939029539e-188,9.8471275974868,1,0.005,6.27091878059078e-184,"C06","MarkerC06-016"
3.13546860618027e-188,9.89333635716915,1,0.005,6.27093721236055e-184,"C06","MarkerC06-039"
3.13547782209222e-188,9.6868798367533,1,0.005,6.27095564418443e-184,"C06","MarkerC06-117"
3.13550546998973e-188,9.865531563629,1,0.005,6.27101093997945e-184,"C06","MarkerC06-095"
3.13553311812944e-188,9.72496978716452,1,0.005,6.27106623625888e-184,"C06","MarkerC06-006"
3.13556998269387e-188,9.72828236555542,1,0.005,6.27113996538774e-184,"C06","MarkerC06-105"
4.52263452627182e-188,10.005506279316,1,0.004,9.04526905254364e-184,"C06","MarkerC06-011"
4.52268760824477e-188,9.80354429314027,1,0.005,9.04537521648954e-184,"C06","MarkerC06-059"
4.52268760824477e-188,9.72775438605474,1,0.006,9.04537521648954e-184,"C06","MarkerC06-019"
4.52270087883512e-188,10.0304893493826,1,0.005,9.04540175767024e-184,"C06","MarkerC06-013"
4.52272742013251e-188,9.69123227603062,1,0.005,9.04545484026502e-184,"C06","MarkerC06-076"
4.52278050319024e-188,9.85000203148167,1,0.005,9.04556100638049e-184,"C06","MarkerC06-035"
4.52279377405191e-188,9.85788830158436,1,0.005,9.04558754810382e-184,"C06","MarkerC06-034"
4.52286012894085e-188,9.92564810905581,1,0.005,9.0457202578817e-184,"C06","MarkerC06-008"
4.52287340003448e-188,9.78146765285916,1,0.005,9.04574680006895e-184,"C06","MarkerC06-138"
4.52291321354919e-188,9.84955596170709,1,0.005,9.04582642709839e-184,"C06","MarkerC06-025"
4.52292648479793e-188,9.73753795435843,1,0.005,9.04585296959586e-184,"C06","MarkerC06-001"
4.52292648479793e-188,9.93039172690024,1,0.005,9.04585296959586e-184,"C06","MarkerC06-014"
4.52292648479793e-188,9.8393621608573,1,0.005,9.04585296959586e-184,"C06","MarkerC06-021"
4.5229397560865e-188,9.77440741621942,1,0.005,9.045879512173e-184,"C06","MarkerC06-042"
4.52296629877845e-188,9.67290211969663,1,0.006,9.0459325975569e-184,"C06","MarkerC06-142"
4.52313883005579e-188,9.77477217737076,1,0.005,9.04627766011159e-184,"C06","MarkerC06-003"
4.52315210196342e-188,9.75401089648578,1,0.005,9.04630420392683e-184,"C06","MarkerC06-060"
4.52317864589535e-188,9.9519977754321,1,0.005,9.0463572917907e-184,"C06","MarkerC06-036"
4.5536248089468e-188,9.88280573453428,1,0.005,9.10724961789359e-184,"C06","MarkerC06-144"
4.55370497646592e-188,9.62584802309829,1,0.005,9.10740995293184e-184,"C06","MarkerC06-092"
4.55382523037908e-188,9.75512899429386,1,0.005,9.10765046075817e-184,"C06","MarkerC06-127"
4.55397221167482e-188,9.73059856149467,1,0.005,9.10794442334964e-184,"C06","MarkerC06-005"
4.55417264832573e-188,9.83883183076534,1,0.005,9.10834529665146e-184,"C06","MarkerC06-136"
4.55418601108148e-188,9.68833642657769,1,0.005,9.10837202216295e-184,"C06","MarkerC06-061"
4.58519042904356e-188,9.70328686620071,1,0.005,9.17038085808712e-184,"C06","MarkerC06-103"
4.58535187431284e-188,9.82812674005642,1,0.005,9.17070374862568e-184,"C06","MarkerC06-012"
4.58541914484499e-188,9.75428343523965,1,0.005,9.17083828968999e-184,"C06","MarkerC06-091"
4.58549987077982e-188,9.71841263653993,1,0.005,9.17099974155963e-184,"C06","MarkerC06-098"
4.58562096233412e-188,9.75888217810606,1,0.005,9.17124192466824e-184,"C06","MarkerC06-096"
4.63290153840116e-188,9.79586414783709,1,0.005,9.26580307680233e-184,"C06","MarkerC06-086"
4.68033945397325e-188,9.72015959645333,1,0.005,9.36067890794649e-184,"C06","MarkerC06-149"
4.68053170672748e-188,9.76489603282586,1,0.005,9.36106341345495e-184,"C06","MarkerC06-099"
4.71298981615439e-188,9.84030678131483,1,0.005,9.42597963230879e-184,"C06","MarkerC06-101"
4.77775496102102e-188,9.94000275156758,1,0.005,9.55550992204204e-184,"C06","MarkerC06-067"
4.92746444487837e-188,9.91207138468009,1,0.005,9.85492888975675e-184,"C06","MarkerC06-134"
5.01200635729291e-188,9.69088233742362,1,0.005,1.00240127145858e-183,"C06","MarkerC06-010"
5.01247686948211e-188,9.77848780207308,1,0.005,1.00249537389642e-183,"C06","MarkerC06-129"
6.51012712922407e-188,9.89186651552858,1,0.004,1.30202542584481e-183,"C06","MarkerC06-028"
6.51020340846685e-188,9.67320184012763,1,0.005,1.30204068169337e-183,"C06","MarkerC06-100"
6.51022247841601e-188,9.75168045474622,1,0.005,1.3020444956832e-183,"C06","MarkerC06-110"
6.51031782899946e-188,9.88300011207257,1,0.005,1.30206356579989e-183,"C06","MarkerC06-080"
6.51037504001664e-188,9.82951922771363,1,0.005,1.30207500800333e-183,"C06","MarkerC06-002"
6.51047039282179e-188,9.83102280404227,1,0.005,1.30209407856436e-183,"C06","MarkerC06-041"
6.51047039282179e-188,9.61326265765328,1,0.006,1.30209407856436e-183,"C06","MarkerC06-146"
6.51060388908749e-188,9.85858837179457,1,0.005,1.3021207778175e-183,"C06","MarkerC06-015"
6.51060388908749e-188,9.65078797491281,1,0.006,1.3021207778175e-183,"C06","MarkerC06-058"
6.51066110260608e-188,9.96888561296736,1,0.004,1.30213222052122e-183,"C06","MarkerC06-145"
6.51077553114444e-188,9.84347147637309,1,0.005,1.30215510622889e-183,"C06","MarkerC06-143"
6.51079460276212e-188,9.82533486196323,1,0.005,1.30215892055242e-183,"C06","MarkerC06-106"
6.51079460276212e-188,9.75512190561162,1,0.005,1.30215892055242e-183,"C06","MarkerC06-118"
6.51081367443628e-188,9.78227282544689,1,0.005,1.30216273488726e-183,"C06","MarkerC06-009"
6.55492874153314e-188,10.0061663170008,1,0.005,1.31098574830663e-183,"C06","MarkerC06-032"
6.55494794218624e-188,9.87395838904433,1,0.005,1.31098958843725e-183,"C06","MarkerC06-031"
6.55498634366302e-188,9.8409643105487,1,0.005,1.3109972687326e-183,"C06","MarkerC06-122"
6.55508234833228e-188,9.56065897065484,1,0.006,1.31101646966646e-183,"C06","MarkerC06-077"
6.55527436187257e-188,9.83924999944578,1,0.005,1.31105487237451e-183,"C06","MarkerC06-081"
6.55552398784158e-188,9.83187934862583,1,0.005,1.31110479756832e-183,"C06","MarkerC06-083"
6.55554319023147e-188,9.92570347289833,1,0.005,1.31110863804629e-183,"C06","MarkerC06-075"
6.59996097859908e-188,9.75059308262889,1,0.005,1.31999219571982e-183,"C06","MarkerC06-022"
6.60032830104939e-188,9.6601194088257,1,0.006,1.32006566020988e-183,"C06","MarkerC06-056"
6.64545794276569e-188,9.99926449314403,1,0.005,1.32909158855314e-183,"C06","MarkerC06-109"
6.64555526937088e-188,9.72024505584468,1,0.005,1.32911105387418e-183,"C06","MarkerC06-148"
6.64557473486124e-188,9.59309090438051,1,0.006,1.32911494697225e-183,"C06","MarkerC06-104"
6.69166016284845e-188,9.6019206447226,1,0.006,1.33833203256969e-183,"C06","MarkerC06-072"
6.73697941837008e-188,9.67725706905132,1,0.006,1.34739588367402e-183,"C06","MarkerC06-150"
6.78320125317487e-188,9.72415888534658,1,0.005,1.35664025063497e-183,"C06","MarkerC06-102"
6.7838767881749e-188,9.85465813528986,1,0.005,1.35677535763498e-183,"C06","MarkerC06-089"
6.83017993582834e-188,9.92483976765608,1,0.005,1.36603598716567e-183,"C06","MarkerC06-049"
6.83029996666985e-188,9.98917266683758,1,0.004,1.36605999333397e-183,"C06","MarkerC06-053"
7.11637083955558e-188,9.98535606740579,1,0.004,1.42327416791112e-183,"C06","MarkerC06-040"
7.16548629965084e-188,9.81652301231034,1,0.005,1.43309725993017e-183,"C06","MarkerC06-128"
7.21462341008876e-188,9.71717672473276,1,0.005,1.44292468201775e-183,"C06","MarkerC06-094"
7.31403813085411e-188,9.90127342900789,1,0.005,1.46280762617082e-183,"C06","MarkerC06-007"
9.35209961945044e-188,9.93502817184704,1,0.005,1.87041992389009e-183,"C06","MarkerC06-027"
9.3522637099244e-188,9.77453912743776,1,0.005,1.87045274198488e-183,"C06","MarkerC06-087"
9.4158813490023e-188,9.83437534162941,1,0.005,1.88317626980046e-183,"C06","MarkerC06-023"
9.4158813490023e-188,9.82426059803351,1,0.005,1.88317626980046e-183,"C06","MarkerC06-043"
9.48018073351129e-188,9.64747692637224,1,0.005,1.89603614670226e-183,"C06","MarkerC06-093"
9.48037478838943e-188,9.96212127218442,1,0.005,1.89607495767789e-183,"C06","MarkerC06-078"
9.48062429332574e-188,9.61742818903405,1,0.006,1.89612485866515e-183,"C06","MarkerC06-020"
9.4807906335832e-188,9.92448844317409,1,0.005,1.89615812671664e-183,"C06","MarkerC06-125"
9.48098470088582e-188,9.77254484080254,1,0.005,1.89619694017716e-183,"C06","MarkerC06-107"
9.54564440247973e-188,9.75424738041294,1,0.005,1.90912888049595e-183,"C06","MarkerC06-130"
9.54567231534034e-188,9.74547465179484,1,0.005,1.90913446306807e-183,"C06","MarkerC06-085"
9.61133474324171e-188,9.84409718841533,1,0.005,1.92226694864834e-183,"C06","MarkerC06-052"
9.61181253081407e-188,9.86181588274166,1,0.005,1.92236250616281e-183,"C06","MarkerC06-120"
9.64451824942875e-188,9.84872089072466,1,0.005,1.92890364988575e-183,"C06","MarkerC06-112"
9.7433893320904e-188,9.59167444456601,1,0.006,1.94867786641808e-183,"C06","MarkerC06-057"
9.87774712068768e-188,9.70455000105197,1,0.005,1.97554942413754e-183,"C06","MarkerC06-004"
9.87789152987647e-188,9.67144172225116,1,0.005,1.97557830597529e-183,"C06","MarkerC06-116"
9.8780648236761e-188,9.78907022900574,1,0.005,1.97561296473522e-183,"C06","MarkerC06-123"
1.05052752302109e-187,9.70162654226934,1,0.005,2.10105504604219e-183,"C06","MarkerC06-111"
1.06497838375207e-187,9.75758285856544,1,0.005,2.12995676750413e-183,"C06","MarkerC06-139"
1.06498461047335e-187,9.68889731075298,1,0.005,2.1299692209467e-183,"C06","MarkerC06-066"
1.22111196504239e-187,9.66208894797168,1,0.005,2.44222393008478e-183,"C06","MarkerC06-113"
1.24633164029436e-187,9.86910227605255,1,0.005,2.49266328058873e-183,"C06","MarkerC06-108"
1.34066807828426e-187,9.91657669966436,1,0.005,2.68133615656852e-183,"C06","MarkerC06-030"
1.3498117049256e-187,9.82852221542851,1,0.005,2.69962340985119e-183,"C06","MarkerC06-054"
1.35910093704795e-187,9.65066910950885,1,0.006,2.71820187409589e-183,"C06","MarkerC06-068"
1.36226270569994e-187,10.1230043742221,1,0.004,2.72452541139988e-183,"C06","MarkerC06-140"
1.36839409983643e-187,9.90528527948239,1,0.005,2.73678819967286e-183,"C06","MarkerC06-045"
1.37773062315794e-187,9.75643584044288,1,0.005,2.75546124631588e-183,"C06","MarkerC06-046"
1.37775877629511e-187,9.72829842457798,1,0.005,2.75551755259021e-183,"C06","MarkerC06-141"
1.3778070401481e-187,9.79409962853904,1,0.005,2.75561408029619e-183,"C06","MarkerC06-024"
1.37782312847313e-187,10.0176570707794,1,0.005,2.75564625694625e-183,"C06","MarkerC06-147"
1.38714697219279e-187,9.88072699694705,1,0.005,2.77429394438558e-183,"C06","MarkerC06-069"
1.38720366297899e-187,9.82311880440828,1,0.005,2.77440732595798e-183,"C06","MarkerC06-026"
1.39677845611391e-187,10.0771847870822,1,0.004,2.79355691222781e-183,"C06","MarkerC06-082"
1.41599011893453e-187,9.73215788691618,1,0.005,2.83198023786906e-183,"C06","MarkerC06-047"
1.42571758739329e-187,9.88447088080595,1,0.005,2.85143517478659e-183,"C06","MarkerC06-050"
1.44532259544008e-187,9.65476540069406,1,0.006,2.89064519088017e-183,"C06","MarkerC06-073"
1.51616020831578e-187,9.875934652058,1,0.005,3.03232041663156e-183,"C06","MarkerC06-055"
1.57961529733746e-187,9.72180058086875,1,0.005,3.15923059467493e-183,"C06","MarkerC06-135"
1.5796660048184e-187,9.82009985012229,1,0.005,3.1593320096368e-183,"C06","MarkerC06-071"
1.60133860605553e-187,9.77020827558671,1,0.005,3.20267721211107e-183,"C06","MarkerC06-048"
1.62343610103933e-187,9.77708964719143,1,0.005,3.24687220207866e-183,"C06","MarkerC06-088"
1.72614832641769e-187,9.78381933262483,1,0.005,3.45229665283539e-183,"C06","MarkerC06-065"
1.91782758879611e-187,9.87295188523916,1,0.005,3.83565517759221e-183,"C06","MarkerC06-114"
1.9179393811143e-187,9.75654895909917,1,0.005,3.8358787622286e-183,"C06","MarkerC06-044"
1.91799527970524e-187,9.71599712532892,1,0.005,3.83599055941048e-183,"C06","MarkerC06-119"
1.93101481444074e-187,9.88473394316443,1,0.005,3.86202962888148e-183,"C06","MarkerC06-084"
1.93767058767302e-187,9.84496613574671,1,0.005,3.87534117534603e-183,"C06","MarkerC06-132"
1.9576159541728e-187,9.8426401453529,1,0.005,3.9152319083456e-183,"C06","MarkerC06-126"
2.01179232465468e-187,9.94233326192493,1,0.005,4.02358464930936e-183,"C06","MarkerC06-079"
2.19842053142757e-187,9.7024422544695,1,0.005,4.39684106285514e-183,"C06","MarkerC06-124"
2.29046325204099e-187,9.88058568513524,1,0.005,4.58092650408197e-183,"C06","MarkerC06-070"
2.30614901088931e-187,9.78694943110654,1,0.006,4.61229802177863e-183,"C06","MarkerC06-063"
2.661687365525e-187,9.73422467818802,1,0.005,5.32337473105001e-183,"C06","MarkerC06-051"
2.73812037941425e-187,10.0009264041171,1,0.004,5.4762407588285e-183,"C06","MarkerC06-131"
2.79487095301233e-187,9.87894775618219,1,0.005,5.58974190602467e-183,"C06","MarkerC06-018"
2.97188876591579e-187,9.7472694983976,1,0.005,5.94377753183158e-183,"C06","MarkerC06-090"
3.09605483388586e-187,9.79152738855201,1,0.005,6.19210966777171e-183,"C06","MarkerC06-121"
3.47683719313415e-187,9.90647837280641,1,0.005,6.9536743862683e-183,"C06","MarkerC06-033"
6.01920283088205e-187,9.90786510909132,1,0.005,1.20384056617641e-182,"C06","MarkerC06-017"
6.10213658559097e-187,9.86212241309321,1,0.005,1.22042731711819e-182,"C06","MarkerC06-115"
6.14432440567498e-187,9.67641760189489,1,0.005,1.228864881135e-182,"C06","MarkerC06-038"
7.18615376367343e-187,9.77089511664723,1,0.005,1.43723075273469e-182,"C06","MarkerC06-137"
3.13513685130883e-188,9.8050951869811,1,0.005,6.27027370261766e-184,"C07","MarkerC07-031"
3.1353856641864e-188,9.90729620108694,1,0.005,6.2707713283728e-184,"C07","MarkerC07-094"
3.13539487985615e-188,9.81994932453361,1,0.005,6.27078975971229e-184,"C07","MarkerC07-013"
3.13540409555197e-188,9.85168873583537,1,0.005,6.27080819110393e-184,"C07","MarkerC07-147"
3.1354225270251e-188,9.82504583073596,1,0.005,6.2708450540502e-184,"C07","MarkerC07-037"
3.13544095860679e-188,9.89784518555822,1,0.005,6.27088191721357e-184,"C07","MarkerC07-095"
3.13550546998973e-188,9.83412397574618,1,0.005,6.27101093997945e-184,"C07","MarkerC07-010"
3.13552390205581e-188,9.83990659601826,1,0.005,6.27104780411163e-184,"C07","MarkerC07-054"
3.13553311812944e-188,9.79261112944517,1,0.005,6.27106623625888e-184,"C07","MarkerC07-091"
3.13554233423013e-188,9.87203322009601,1,0.005,6.27108466846025e-184,"C07","MarkerC07-039"
3.13554233423013e-188,9.80154831063232,1,0.005,6.27108466846025e-184,"C07","MarkerC07-134"
3.13555155035754e-188,9.81155909734014,1,0.005,6.27110310071508e-184,"C07","MarkerC07-150"
3.13558841513777e-188,9.78594829755373,1,0.005,6.27117683027555e-184,"C07","MarkerC07-053"
3.13565292954032e-188,9.85428079685282,1,0.005,6.27130585908063e-184,"C07","MarkerC07-098"
3.13571744526445e-188,9.83466747561568,1,0.005,6.2714348905289e-184,"C07","MarkerC07-019"
4.52264779670754e-188,9.83918402313849,1,0.005,9.04529559341509e-184,"C07","MarkerC07-006"
4.52264779670754e-188,9.87424105242171,1,0.005,9.04529559341509e-184,"C07","MarkerC07-114"
4.52270087883512e-188,9.73574303069104,1,0.005,9.04540175767024e-184,"C07","MarkerC07-076"
4.52278050319024e-188,9.71880153869685,1,0.005,9.04556100638049e-184,"C07","MarkerC07-093"
4.52283358686887e-188,9.87362136191343,1,0.005,9.04566717373775e-184,"C07","MarkerC07-065"
4.52286012894085e-188,9.71502846689464,1,0.005,9.0457202578817e-184,"C07","MarkerC07-122"
4.52287340003448e-188,9.78910147946744,1,0.005,9.04574680006895e-184,"C07","MarkerC07-015"
4.52288667116794e-188,9.8675062411123,1,0.005,9.04577334233588e-184,"C07","MarkerC07-063"
4.52289994233935e-188,9.88910313566073,1,0.005,9.04579988467871e-184,"C07","MarkerC07-004"
4.52292648479793e-188,9.78226108421007,1,0.005,9.04585296959586e-184,"C07","MarkerC07-050"
4.5229397560865e-188,9.87989925444086,1,0.005,9.045879512173e-184,"C07","MarkerC07-072"
4.52296629877845e-188,9.84430881602733,1,0.005,9.0459325975569e-184,"C07","MarkerC07-125"
4.52300611310715e-188,9.8400069970612,1,0.005,9.0460122262143e-184,"C07","MarkerC07-074"
4.52305919942126e-188,9.84187516626574,1,0.005,9.04611839884252e-184,"C07","MarkerC07-068"
4.52307247109644e-188,9.73549692192047,1,0.005,9.04614494219288e-184,"C07","MarkerC07-118"
4.52315210196342e-188,9.79719188996938,1,0.005,9.04630420392683e-184,"C07","MarkerC07-088"
4.55393212539869e-188,9.83019218115358,1,0.005,9.10786425079737e-184,"C07","MarkerC07-049"
4.55397221167482e-188,9.8216259817948,1,0.005,9.10794442334964e-184,"C07","MarkerC07-079"
4.55414592293173e-188,9.93755315557511,1,0.005,9.10829184586345e-184,"C07","MarkerC07-146"
4.5853115124649e-188,9.709201583739,1,0.005,9.17062302492979e-184,"C07","MarkerC07-139"
4.61681204441378e-188,9.68741538437996,1,0.005,9.23362408882757e-184,"C07","MarkerC07-014"
4.61700169370191e-188,9.83668889366149,1,0.005,9.23400338740382e-184,"C07","MarkerC07-084"
4.64843325619511e-188,9.80935496726916,1,0.005,9.29686651239021e-184,"C07","MarkerC07-140"
4.81057598014416e-188,9.7342596522948,1,0.005,9.62115196028832e-184,"C07","MarkerC07-025"
4.82705668255702e-188,9.67530655879689,1,0.005,9.65411336511404e-184,"C07","MarkerC07-064"
5.44186400147637e-188,9.95466121294205,1,0.005,1.08837280029527e-183,"C07","MarkerC07-106"
5.44195976680255e-188,10.0459890553222,1,0.004,1.08839195336051e-183,"C07","MarkerC07-089"
6.51014619895141e-188,9.76310698659963,1,0.005,1.30202923979028e-183,"C07","MarkerC07-059"
6.51016526873387e-188,9.7584607258205,1,0.005,1.30203305374677e-183,"C07","MarkerC07-043"
6.5101843385728e-188,9.84356269518624,1,0.005,1.30203686771456e-183,"C07","MarkerC07-148"
6.51027968859897e-188,9.80233919342442,1,0.005,1.30205593771979e-183,"C07","MarkerC07-023"
6.51041318097104e-188,9.86114096114596,1,0.005,1.30208263619421e-183,"C07","MarkerC07-103"
6.51045132214998e-188,9.78375891390171,1,0.005,1.30209026443e-183,"C07","MarkerC07-121"
6.51048946355076e-188,9.76427834936816,1,0.005,1.30209789271015e-183,"C07","MarkerC07-073"
6.51050853433484e-188,9.82299966441502,1,0.005,1.30210170686697e-183,"C07","MarkerC07-024"
6.51058481802509e-188,9.69816833250679,1,0.005,1.30211696360502e-183,"C07","MarkerC07-056"
6.51083274616421e-188,9.70162917337537,1,0.005,1.30216654923284e-183,"C07","MarkerC07-017"
6.51102346651255e-188,9.69573522954734,1,0.005,1.30220469330251e-183,"C07","MarkerC07-136"
6.55502474536246e-188,9.70392371516179,1,0.005,1.31100494907249e-183,"C07","MarkerC07-124"
6.55519755578394e-188,9.90172354339066,1,0.005,1.31103951115679e-183,"C07","MarkerC07-105"
6.59974832753262e-188,9.86910701557283,1,0.005,1.31994966550652e-183,"C07","MarkerC07-036"
6.60011563820277e-188,9.75546931624219,1,0.005,1.32002312764055e-183,"C07","MarkerC07-016"
6.60013497090776e-188,9.58787423116364,1,0.005,1.32002699418155e-183,"C07","MarkerC07-086"
6.60027030141546e-188,9.93884693864501,1,0.005,1.32005406028309e-183,"C07","MarkerC07-102"
6.60032830104939e-188,9.9001239445509,1,0.005,1.32006566020988e-183,"C07","MarkerC07-111"
6.60034763437314e-188,9.76916757768569,1,0.005,1.32006952687463e-183,"C07","MarkerC07-123"
6.60046363550214e-188,9.9000516226743,1,0.005,1.32009272710043e-183,"C07","MarkerC07-026"
6.60052163682683e-188,9.75317258372871,1,0.005,1.32010432736537e-183,"C07","MarkerC07-028"
6.60071497824297e-188,9.79773147733986,1,0.005,1.32014299564859e-183,"C07","MarkerC07-116"
6.64528275845431e-188,9.94989910856373,1,0.004,1.32905655169086e-183,"C07","MarkerC07-046"
6.64551633855823e-188,9.92680737928833,1,0.005,1.32910326771165e-183,"C07","MarkerC07-032"
6.64561366601489e-188,9.86115952908179,1,0.005,1.32912273320298e-183,"C07","MarkerC07-038"
6.6456720631687e-188,9.82124317224281,1,0.005,1.32913441263374e-183,"C07","MarkerC07-126"
6.64574992683384e-188,9.88156027656343,1,0.005,1.32914998536677e-183,"C07","MarkerC07-027"
6.64600299002334e-188,9.8009077665221,1,0.005,1.32920059800467e-183,"C07","MarkerC07-033"
6.69099378945302e-188,9.63842034650022,1,0.006,1.3381987578906e-183,"C07","MarkerC07-104"
6.69130736870588e-188,9.91536722986176,1,0.005,1.33826147374118e-183,"C07","MarkerC07-132"
6.73699915102335e-188,9.84702965593711,1,0.005,1.34739983020467e-183,"C07","MarkerC07-112"
6.73727541421267e-188,9.855611052141,1,0.005,1.34745508284253e-183,"C07","MarkerC07-011"
6.73741355003518e-188,9.8720310903413,1,0.005,1.34748271000704e-183,"C07","MarkerC07-128"
6.78339993298912e-188,9.92128255817739,1,0.005,1.35667998659782e-183,"C07","MarkerC07-047"
6.78369796356993e-188,9.865425523072,1,0.005,1.35673959271399e-183,"C07","MarkerC07-130"
6.82981985589875e-188,9.73350812084349,1,0.005,1.36596397117975e-183,"C07","MarkerC07-078"
6.83027996138341e-188,9.79837593791837,1,0.005,1.36605599227668e-183,"C07","MarkerC07-135"
6.83037998839592e-188,9.87077397418614,1,0.005,1.36607599767918e-183,"C07","MarkerC07-097"
6.87722173596946e-188,10.0712958977434,1,0.004,1.37544434719389e-183,"C07","MarkerC07-035"
6.92430322114599e-188,9.77181248156716,1,0.005,1.3848606442292e-183,"C07","MarkerC07-108"
6.92452630467877e-188,9.90658810027827,1,0.005,1.38490526093575e-183,"C07","MarkerC07-141"
7.41490798321978e-188,9.99870329922515,1,0.005,1.48298159664396e-183,"C07","MarkerC07-127"
9.35130655588914e-188,9.8211189873555,1,0.005,1.87026131117783e-183,"C07","MarkerC07-067"
9.35130655588914e-188,9.84745791151381,1,0.005,1.87026131117783e-183,"C07","MarkerC07-071"
9.35174409992069e-188,9.98186580146702,1,0.004,1.87034881998414e-183,"C07","MarkerC07-042"
9.35177144709942e-188,9.69781524489862,1,0.005,1.87035428941988e-183,"C07","MarkerC07-009"
9.35242780326438e-188,9.86010315646143,1,0.005,1.87048556065288e-183,"C07","MarkerC07-057"
9.35250985100891e-188,9.76167425081794,1,0.005,1.87050197020178e-183,"C07","MarkerC07-007"
9.35259189946947e-188,9.89296273905536,1,0.005,1.87051837989389e-183,"C07","MarkerC07-107"
9.35302950336158e-188,10.0242614457141,1,0.004,1.87060590067232e-183,"C07","MarkerC07-034"
9.41634944291428e-188,10.0088843020337,1,0.004,1.88326988858286e-183,"C07","MarkerC07-090"
9.41681755999029e-188,9.94816167827159,1,0.005,1.88336351199806e-183,"C07","MarkerC07-041"
9.48073518650715e-188,9.86757922411499,1,0.005,1.89614703730143e-183,"C07","MarkerC07-087"
9.4807906335832e-188,9.82208417717964,1,0.005,1.89615812671664e-183,"C07","MarkerC07-096"
9.48081835724121e-188,10.0863036415552,1,0.004,1.89616367144824e-183,"C07","MarkerC07-145"
9.48106787379637e-188,9.70693784433206,1,0.005,1.89621357475927e-183,"C07","MarkerC07-083"
9.48137284735421e-188,9.927268137162,1,0.005,1.89627456947084e-183,"C07","MarkerC07-021"
9.48142829814043e-188,9.92438404352414,1,0.004,1.89628565962809e-183,"C07","MarkerC07-003"
9.48142829814043e-188,9.74619500253908,1,0.005,1.89628565962809e-183,"C07","MarkerC07-081"
9.48153920068166e-188,9.63552744421695,1,0.006,1.89630784013633e-183,"C07","MarkerC07-120"
9.48159465243766e-188,9.91422442466123,1,0.005,1.89631893048753e-183,"C07","MarkerC07-101"
9.51357959652895e-188,9.85440117464248,1,0.005,1.90271591930579e-183,"C07","MarkerC07-138"
9.54597936216409e-188,9.72794903565246,1,0.005,1.90919587243282e-183,"C07","MarkerC07-045"
9.61150337145057e-188,9.89780099828169,1,0.005,1.92230067429011e-183,"C07","MarkerC07-142"
9.61158768665966e-188,9.78037633209407,1,0.005,1.92231753733193e-183,"C07","MarkerC07-082"
9.67775959013286e-188,9.85446527313526,1,0.005,1.93555191802657e-183,"C07","MarkerC07-149"
9.67778788840301e-188,9.76596340293689,1,0.005,1.9355575776806e-183,"C07","MarkerC07-048"
9.6781557734261e-188,9.74424647985937,1,0.005,1.93563115468522e-183,"C07","MarkerC07-085"
9.74407310853555e-188,9.66498337194426,1,0.006,1.94881462170711e-183,"C07","MarkerC07-052"
9.81109866695209e-188,9.74136882966227,1,0.005,1.96221973339042e-183,"C07","MarkerC07-001"
9.94601097019088e-188,9.61991737213468,1,0.005,1.98920219403818e-183,"C07","MarkerC07-008"
1.00826288665327e-187,9.75476635416259,1,0.005,2.01652577330655e-183,"C07","MarkerC07-051"
1.00835722470423e-187,9.87752994292545,1,0.005,2.01671444940846e-183,"C07","MarkerC07-044"
1.01521585290247e-187,9.92878451257271,1,0.005,2.03043170580495e-183,"C07","MarkerC07-100"
1.01527225040984e-187,9.90907050498218,1,0.005,2.03054450081968e-183,"C07","MarkerC07-117"
1.03628161207407e-187,9.76671128110744,1,0.005,2.07256322414813e-183,"C07","MarkerC07-058"
1.04333300309773e-187,9.62649576613254,1,0.005,2.08666600619546e-183,"C07","MarkerC07-060"
1.25494618563909e-187,9.65743574861656,1,0.005,2.50989237127817e-183,"C07","MarkerC07-075"
1.3406171986399e-187,9.67658019164439,1,0.005,2.68123439727979e-183,"C07","MarkerC07-131"
1.3406485089629e-187,10.0369570142841,1,0.004,2.6812970179258e-183,"C07","MarkerC07-040"
1.3406485089629e-187,9.7192118395568,1,0.005,2.6812970179258e-183,"C07","MarkerC07-022"
1.3407307020238e-187,9.86169598218325,1,0.005,2.6814614040476e-183,"C07","MarkerC07-030"
1.34983140768873e-187,9.90847278479596,1,0.005,2.69966281537745e-183,"C07","MarkerC07-144"
1.34984717010508e-187,9.80010813562502,1,0.005,2.69969434021015e-183,"C07","MarkerC07-109"
1.35916838754545e-187,9.75853502262607,1,0.005,2.71833677509089e-183,"C07","MarkerC07-077"
1.36829823172115e-187,10.0949397074742,1,0.004,2.73659646344231e-183,"C07","MarkerC07-143"
1.36845402080351e-187,9.91686209135768,1,0.005,2.73690804160701e-183,"C07","MarkerC07-069"
1.37771453590793e-187,9.7114318441063,1,0.005,2.75542907181587e-183,"C07","MarkerC07-018"
1.41610172124344e-187,9.70740611751835,1,0.005,2.83220344248689e-183,"C07","MarkerC07-070"
1.44532681412181e-187,9.8626608647145,1,0.005,2.89065362824361e-183,"C07","MarkerC07-080"
1.45520885582302e-187,9.9043189910572,1,0.005,2.91041771164604e-183,"C07","MarkerC07-029"
1.46515410797813e-187,9.7960495362759,1,0.005,2.93030821595626e-183,"C07","MarkerC07-002"
1.65696856426e-187,9.61124098313725,1,0.006,3.31393712852e-183,"C07","MarkerC07-020"
1.91782199935045e-187,9.5825785632203,1,0.006,3.8356439987009e-183,"C07","MarkerC07-113"
1.9980075327177e-187,9.71989470896886,1,0.005,3.99601506543539e-183,"C07","MarkerC07-110"
2.032594516949e-187,9.72890457257716,1,0.005,4.065189033898e-183,"C07","MarkerC07-012"
2.03940980529384e-187,9.87120783740653,1,0.005,4.07881961058767e-183,"C07","MarkerC07-092"
2.03944546328358e-187,9.79031121757566,1,0.005,4.07889092656715e-183,"C07","MarkerC07-129"
2.09615243367147e-187,9.91008421286163,1,0.005,4.19230486734294e-183,"C07","MarkerC07-137"
2.15403880179782e-187,9.9512633536405,1,0.005,4.30807760359564e-183,"C07","MarkerC07-066"
2.16877239072443e-187,9.7708371741044,1,0.005,4.33754478144885e-183,"C07","MarkerC07-119"
2.21356051781334e-187,9.72153436297658,1,0.005,4.42712103562669e-183,"C07","MarkerC07-062"
2.88193464712566e-187,9.71017478310896,1,0.005,5.76386929425133e-183,"C07","MarkerC07-055"
2.91165821557878e-187,9.80164709379595,1,0.005,5.82331643115756e-183,"C07","MarkerC07-061"
3.05381953685037e-187,9.93730377704629,1,0.005,6.10763907370075e-183,"C07","MarkerC07-099"
3.05389060299338e-187,9.6967862444698,1,0.006,6.10778120598676e-183,"C07","MarkerC07-005"
4.50138685729126e-187,9.77108854830187,1,0.005,9.00277371458252e-183,"C07","MarkerC07-115"
5.12427019508333e-187,9.84369857032865,1,0.005,1.02485403901667e-182,"C07","MarkerC07-133"
3.13540409555197e-188,9.87513652740586,1,0.005,6.27080819110393e-184,"C08","MarkerC08-002"
3.13543174280274e-188,9.83615127983999,1,0.005,6.27086348560548e-184,"C08","MarkerC08-061"
3.13545017443723e-188,9.90564343522872,1,0.005,6.27090034887447e-184,"C08","MarkerC08-135"
3.13546860618027e-188,9.98221077837453,1,0.005,6.27093721236055e-184,"C08","MarkerC08-024"
3.13554233423013e-188,9.94326076662265,1,0.005,6.27108466846025e-184,"C08","MarkerC08-044"
3.13556076651201e-188,9.99354929848084,1,0.005,6.27112153302403e-184,"C08","MarkerC08-001"
3.13559763139982e-188,9.73620576834527,1,0.005,6.27119526279964e-184,"C08","MarkerC08-144"
3.13562528034896e-188,9.87353700121538,1,0.005,6.27125056069793e-184,"C08","MarkerC08-066"
4.52252836418572e-188,9.75388986964913,1,0.005,9.04505672837145e-184,"C08","MarkerC08-064"
4.52255490447519e-188,9.94791838860643,1,0.005,9.04510980895037e-184,"C08","MarkerC08-015"
4.52276723236747e-188,9.92588104628545,1,0.005,9.04553446473494e-184,"C08","MarkerC08-136"
4.52279377405191e-188,9.63964529225261,1,0.005,9.04558754810382e-184,"C08","MarkerC08-007"
4.52289994233935e-188,9.8041294650185,1,0.005,9.04579988467871e-184,"C08","MarkerC08-036"
4.52289994233935e-188,9.91317914722726,1,0.005,9.04579988467871e-184,"C08","MarkerC08-050"
4.52289994233935e-188,9.58737455770982,1,0.006,9.04579988467871e-184,"C08","MarkerC08-096"
4.52297957018277e-188,9.86809077977593,1,0.005,9.04595914036553e-184,"C08","MarkerC08-055"
4.52300611310715e-188,9.86087139844686,1,0.005,9.0460122262143e-184,"C08","MarkerC08-039"
4.52301938462769e-188,9.74312257815,1,0.005,9.04603876925537e-184,"C08","MarkerC08-018"
4.52301938462769e-188,9.91287842685905,1,0.005,9.04603876925537e-184,"C08","MarkerC08-041"
4.52304592778451e-188,9.72807519463189,1,0.005,9.04609185556901e-184,"C08","MarkerC08-104"
4.52304592778451e-188,9.54987389426552,1,0.006,9.04609185556901e-184,"C08","MarkerC08-016"
4.52311228635583e-188,9.82846275675769,1,0.005,9.04622457271166e-184,"C08","MarkerC08-147"
4.52317864589535e-188,9.92506363570022,1,0.005,9.0463572917907e-184,"C08","MarkerC08-013"
4.52324500640449e-188,9.74528588017503,1,0.005,9.04649001280897e-184,"C08","MarkerC08-141"
4.553838592119e-188,9.93980003226061,1,0.005,9.107677184238e-184,"C08","MarkerC08-110"
4.5540657476863e-188,10.0003770605671,1,0.005,9.10813149537261e-184,"C08","MarkerC08-026"
4.55409247261225e-188,9.84098098146498,1,0.005,9.10818494522451e-184,"C08","MarkerC08-062"
4.55411919769438e-188,9.92028133147357,1,0.005,9.10823839538875e-184,"C08","MarkerC08-071"
4.55425282544481e-188,9.77580625397627,1,0.005,9.10850565088962e-184,"C08","MarkerC08-097"
4.58478684062301e-188,9.90131467259334,1,0.005,9.16957368124602e-184,"C08","MarkerC08-120"
4.58537878240798e-188,9.76897908843902,1,0.005,9.17075756481597e-184,"C08","MarkerC08-070"
4.61698814706658e-188,9.77495516527025,1,0.005,9.23397629413316e-184,"C08","MarkerC08-019"
4.64829687154943e-188,9.86015820807597,1,0.005,9.29659374309885e-184,"C08","MarkerC08-132"
4.64841961755135e-188,9.71624632063413,1,0.005,9.2968392351027e-184,"C08","MarkerC08-116"
4.64878787491401e-188,9.82516900703706,1,0.005,9.29757574982802e-184,"C08","MarkerC08-090"
4.68046304412656e-188,9.61158829430793,1,0.006,9.36092608825312e-184,"C08","MarkerC08-111"
4.6806415689728e-188,10.008208371376,1,0.005,9.36128313794559e-184,"C08","MarkerC08-012"
4.84342326504505e-188,9.76215651710278,1,0.005,9.68684653009011e-184,"C08","MarkerC08-083"
6.50987922782759e-188,9.8749938336945,1,0.005,1.30197584556552e-183,"C08","MarkerC08-051"
6.51014619895141e-188,9.81771886344359,1,0.005,1.30202923979028e-183,"C08","MarkerC08-087"
6.51026061848241e-188,9.88873630998487,1,0.005,1.30205212369648e-183,"C08","MarkerC08-076"
6.51029875877064e-188,9.7224328594699,1,0.005,1.30205975175413e-183,"C08","MarkerC08-094"
6.51043225153329e-188,9.68694488994421,1,0.005,1.30208645030666e-183,"C08","MarkerC08-123"
6.51048946355076e-188,9.86371032082653,1,0.005,1.30209789271015e-183,"C08","MarkerC08-108"
6.51052760517337e-188,9.68871655405055,1,0.006,1.30210552103467e-183,"C08","MarkerC08-029"
6.51056574701917e-188,9.80947844186474,1,0.005,1.30211314940383e-183,"C08","MarkerC08-084"
6.51062296020501e-188,9.73934237893476,1,0.005,1.302124592041e-183,"C08","MarkerC08-143"
6.51064203137629e-188,9.86372107481971,1,0.005,1.30212840627526e-183,"C08","MarkerC08-020"
6.51073738807648e-188,9.82043528556287,1,0.005,1.3021474776153e-183,"C08","MarkerC08-142"
6.51077553114444e-188,9.77489758736457,1,0.005,1.30215510622889e-183,"C08","MarkerC08-133"
6.51083274616421e-188,9.76345777920216,1,0.005,1.30216654923284e-183,"C08","MarkerC08-010"
6.51087088978882e-188,9.82531277527681,1,0.005,1.30217417795776e-183,"C08","MarkerC08-027"
6.6002316352736e-188,9.66042335577692,1,0.005,1.32004632705472e-183,"C08","MarkerC08-034"
6.6002316352736e-188,9.69291122614252,1,0.005,1.32004632705472e-183,"C08","MarkerC08-124"
6.6002509683159e-188,10.0154809595364,1,0.005,1.32005019366318e-183,"C08","MarkerC08-023"
6.6003089677822e-188,9.92463453698365,1,0.005,1.32006179355644e-183,"C08","MarkerC08-121"
6.60073431269392e-188,9.71159785976366,1,0.005,1.32014686253878e-183,"C08","MarkerC08-086"
6.64530222315085e-188,9.93467786679586,1,0.005,1.32906044463017e-183,"C08","MarkerC08-122"
6.64590565689295e-188,9.83733760817703,1,0.005,1.32918113137859e-183,"C08","MarkerC08-131"
6.69142496469585e-188,9.90253441805184,1,0.005,1.33828499293917e-183,"C08","MarkerC08-095"
6.73674263101683e-188,9.87773616971782,1,0.005,1.34734852620337e-183,"C08","MarkerC08-033"
6.73711754815323e-188,9.91685735091217,1,0.005,1.34742350963065e-183,"C08","MarkerC08-042"
6.73743328395435e-188,9.73675746347196,1,0.005,1.34748665679087e-183,"C08","MarkerC08-112"
6.78359861859476e-188,9.76877300131636,1,0.005,1.35671972371895e-183,"C08","MarkerC08-107"
6.87724187842175e-188,9.90117602614994,1,0.005,1.37544837568435e-183,"C08","MarkerC08-063"
7.01959868877488e-188,9.94857837428186,1,0.005,1.40391973775498e-183,"C08","MarkerC08-085"
7.01978371719565e-188,9.70378311013733,1,0.005,1.40395674343913e-183,"C08","MarkerC08-106"
7.16502465108655e-188,9.9314950382348,1,0.005,1.43300493021731e-183,"C08","MarkerC08-009"
7.16510858498809e-188,9.75631944219775,1,0.005,1.43302171699762e-183,"C08","MarkerC08-047"
7.51705725270799e-188,9.7892253215381,1,0.005,1.5034114505416e-183,"C08","MarkerC08-119"
8.27241327186294e-188,9.7625689227489,1,0.005,1.65448265437259e-183,"C08","MarkerC08-054"
9.35119717306555e-188,9.80426458854276,1,0.005,1.87023943461311e-183,"C08","MarkerC08-006"
9.35168940580286e-188,9.98836650170466,1,0.004,1.87033788116057e-183,"C08","MarkerC08-081"
9.35174409992069e-188,9.84839233731013,1,0.005,1.87034881998414e-183,"C08","MarkerC08-030"
9.35179879435706e-188,9.88463335505517,1,0.005,1.87035975887141e-183,"C08","MarkerC08-052"
9.3522637099244e-188,9.72504452787177,1,0.005,1.87045274198488e-183,"C08","MarkerC08-032"
9.3522637099244e-188,10.0558019046691,1,0.005,1.87045274198488e-183,"C08","MarkerC08-038"
9.35231840738552e-188,9.74217403546031,1,0.005,1.8704636814771e-183,"C08","MarkerC08-130"
9.35231840738552e-188,9.76962122616963,1,0.005,1.8704636814771e-183,"C08","MarkerC08-139"
9.35240045417533e-188,9.95764506621346,1,0.005,1.87048009083507e-183,"C08","MarkerC08-118"
9.35242780326438e-188,9.78661381964694,1,0.005,1.87048556065288e-183,"C08","MarkerC08-125"
9.35245515243235e-188,9.75929954653683,1,0.005,1.87049103048647e-183,"C08","MarkerC08-067"
9.35272864849593e-188,9.89201573973551,1,0.005,1.87054572969919e-183,"C08","MarkerC08-035"
9.35283804915135e-188,9.90928527286095,1,0.005,1.87056760983027e-183,"C08","MarkerC08-148"
9.41687263411039e-188,9.8174329879133,1,0.005,1.88337452682208e-183,"C08","MarkerC08-069"
9.48092925268104e-188,9.70208457034349,1,0.006,1.89618585053621e-183,"C08","MarkerC08-146"
9.48106787379637e-188,9.83346361613431,1,0.005,1.89621357475927e-183,"C08","MarkerC08-021"
9.48137284735421e-188,9.72709667955343,1,0.005,1.89627456947084e-183,"C08","MarkerC08-134"
9.5457002282805e-188,9.74118680282425,1,0.005,1.9091400456561e-183,"C08","MarkerC08-037"
9.546230589605e-188,9.92195652251896,1,0.005,1.909246117921e-183,"C08","MarkerC08-103"
9.54648182362808e-188,9.84508419418769,1,0.005,1.90929636472562e-183,"C08","MarkerC08-149"
9.61167200260353e-188,9.64656614373045,1,0.005,1.92233440052071e-183,"C08","MarkerC08-072"
9.61192495485488e-188,10.0210736317214,1,0.004,1.92238499097098e-183,"C08","MarkerC08-059"
9.67790108231213e-188,9.85714981475757,1,0.005,1.93558021646243e-183,"C08","MarkerC08-114"
9.74384517774663e-188,9.92236062482562,1,0.005,1.94876903554933e-183,"C08","MarkerC08-117"
9.74410160025698e-188,9.86305195009319,1,0.005,1.9488203200514e-183,"C08","MarkerC08-057"
9.74461446542865e-188,9.86133210081302,1,0.005,1.94892289308573e-183,"C08","MarkerC08-003"
9.81115604152501e-188,9.84229316378258,1,0.005,1.962231208305e-183,"C08","MarkerC08-099"
9.87794929413997e-188,9.79643042129578,1,0.005,1.97558985882799e-183,"C08","MarkerC08-126"
9.87809370626972e-188,9.79692533588338,1,0.005,1.97561874125395e-183,"C08","MarkerC08-140"
9.87820923748775e-188,9.84758692177606,1,0.005,1.97564184749755e-183,"C08","MarkerC08-075"
9.94606913186767e-188,9.68136925925568,1,0.005,1.98921382637353e-183,"C08","MarkerC08-048"
1.00835427650713e-187,9.85119202017346,1,0.005,2.01670855301425e-183,"C08","MarkerC08-068"
1.02219280109144e-187,9.95584434320551,1,0.005,2.04438560218287e-183,"C08","MarkerC08-022"
1.05413872129117e-187,9.72732554887937,1,0.005,2.10827744258234e-183,"C08","MarkerC08-065"
1.06504376613275e-187,9.78633955344568,1,0.005,2.13008753226551e-183,"C08","MarkerC08-077"
1.09458086144561e-187,9.82295875932022,1,0.005,2.18916172289121e-183,"C08","MarkerC08-098"
1.12876650746577e-187,9.7525693162543,1,0.005,2.25753301493154e-183,"C08","MarkerC08-080"
1.1482287769803e-187,9.62923624533003,1,0.005,2.29645755396061e-183,"C08","MarkerC08-128"
1.18816112317278e-187,9.81335179289721,1,0.005,2.37632224634557e-183,"C08","MarkerC08-025"
1.25504520649542e-187,9.8489846648459,1,0.005,2.51009041299084e-183,"C08","MarkerC08-105"
1.34057414813441e-187,9.95747134675297,1,0.005,2.68114829626882e-183,"C08","MarkerC08-046"
1.34064068131402e-187,10.0027981269715,1,0.004,2.68128136262805e-183,"C08","MarkerC08-040"
1.34074244429894e-187,9.67172655899278,1,0.006,2.68148488859788e-183,"C08","MarkerC08-004"
1.34993780755548e-187,9.79370088625888,1,0.005,2.69987561511096e-183,"C08","MarkerC08-011"
1.35907713178554e-187,9.92664856495276,1,0.005,2.71815426357109e-183,"C08","MarkerC08-043"
1.35908903436497e-187,9.73320191901844,1,0.005,2.71817806872994e-183,"C08","MarkerC08-078"
1.37776279821869e-187,9.85863212730728,1,0.005,2.75552559643738e-183,"C08","MarkerC08-091"
1.37778290801123e-187,9.82265569680681,1,0.005,2.75556581602245e-183,"C08","MarkerC08-150"
1.38725225691709e-187,9.72911400914492,1,0.005,2.77450451383419e-183,"C08","MarkerC08-017"
1.3873251510011e-187,9.81477035309962,1,0.005,2.77465030200219e-183,"C08","MarkerC08-028"
1.39676214697564e-187,9.93242227445518,1,0.005,2.79352429395128e-183,"C08","MarkerC08-109"
1.40646031236676e-187,9.79486422147054,1,0.005,2.81292062473352e-183,"C08","MarkerC08-101"
1.42570094115259e-187,9.93709783183396,1,0.005,2.85140188230518e-183,"C08","MarkerC08-005"
1.56886656487373e-187,9.70825683384752,1,0.005,3.13773312974746e-183,"C08","MarkerC08-079"
1.71459378781693e-187,9.69650156331107,1,0.006,3.42918757563387e-183,"C08","MarkerC08-056"
1.79859590129828e-187,9.80068793028668,1,0.005,3.59719180259657e-183,"C08","MarkerC08-058"
1.86118933050376e-187,9.83513484967749,1,0.005,3.72237866100752e-183,"C08","MarkerC08-127"
1.89151194956927e-187,9.62489899576329,1,0.005,3.78302389913854e-183,"C08","MarkerC08-113"
1.91794497090027e-187,9.7450254762866,1,0.005,3.83588994180053e-183,"C08","MarkerC08-082"
1.93102044224572e-187,9.72371616744643,1,0.005,3.86204088449143e-183,"C08","MarkerC08-129"
1.94441160777479e-187,9.84466470100389,1,0.005,3.88882321554959e-183,"C08","MarkerC08-008"
1.97107644366625e-187,9.94445725632727,1,0.005,3.94215288733251e-183,"C08","MarkerC08-089"
1.98442117564521e-187,9.86870908086856,1,0.005,3.96884235129043e-183,"C08","MarkerC08-102"
2.01168093728678e-187,9.83408763184124,1,0.005,4.02336187457356e-183,"C08","MarkerC08-088"
2.01198580151558e-187,9.82377135309082,1,0.005,4.02397160303115e-183,"C08","MarkerC08-053"
2.03261820961422e-187,9.82555268199703,1,0.005,4.06523641922844e-183,"C08","MarkerC08-074"
2.0392850072155e-187,9.82440779606934,1,0.005,4.078570014431e-183,"C08","MarkerC08-093"
2.06755055459606e-187,9.80316584116099,1,0.005,4.13510110919211e-183,"C08","MarkerC08-115"
2.0959325606262e-187,9.68867018825365,1,0.006,4.1918651212524e-183,"C08","MarkerC08-145"
2.11036754881799e-187,9.88032115033055,1,0.005,4.22073509763599e-183,"C08","MarkerC08-045"
2.38629927126438e-187,9.78558156437153,1,0.005,4.77259854252876e-183,"C08","MarkerC08-049"
2.4627705338986e-187,9.79694739739811,1,0.005,4.9255410677972e-183,"C08","MarkerC08-137"
2.73811241255324e-187,10.0366195266592,1,0.005,5.47622482510647e-183,"C08","MarkerC08-060"
2.88204364521471e-187,9.76784707870505,1,0.005,5.76408729042942e-183,"C08","MarkerC08-031"
2.89170772061835e-187,9.81199732515098,1,0.005,5.78341544123669e-183,"C08","MarkerC08-138"
3.07466351717403e-187,9.89425254082345,1,0.005,6.14932703434806e-183,"C08","MarkerC08-073"
3.40640559755978e-187,9.86443845357647,1,0.005,6.81281119511957e-183,"C08","MarkerC08-092"
3.87415770951528e-187,9.55053104564763,1,0.006,7.74831541903056e-183,"C08","MarkerC08-100"
4.24820193222279e-187,9.79238799207002,1,0.005,8.49640386444559e-183,"C08","MarkerC08-014"
3.13524743238327e-188,9.89961354138356,1,0.005,6.27049486476654e-184,"C09","MarkerC09-044"
3.13534880177961e-188,9.79217356758024,1,0.005,6.27069760355923e-184,"C09","MarkerC09-055"
3.13539487985615e-188,9.86265095612486,1,0.005,6.27078975971229e-184,"C09","MarkerC09-006"
3.13539487985615e-188,9.82389386443774,1,0.005,6.27078975971229e-184,"C09","MarkerC09-049"
3.13544095860679e-188,9.89953484722592,1,0.005,6.27088191721357e-184,"C09","MarkerC09-009"
3.13545939029539e-188,9.83732118571338,1,0.005,6.27091878059078e-184,"C09","MarkerC09-086"
3.13546860618027e-188,9.90241390089191,1,0.005,6.27093721236055e-184,"C09","MarkerC09-031"
3.13546860618027e-188,9.87873059687111,1,0.005,6.27093721236055e-184,"C09","MarkerC09-119"
3.13547782209222e-188,9.77771433137152,1,0.005,6.27095564418443e-184,"C09","MarkerC09-105"
3.13548703803121e-188,9.69614193350464,1,0.005,6.27097407606243e-184,"C09","MarkerC09-024"
3.13550546998973e-188,9.90592582104601,1,0.005,6.27101093997945e-184,"C09","MarkerC09-101"
3.13551468600957e-188,9.83204542164156,1,0.005,6.27102937201914e-184,"C09","MarkerC09-098"
3.13553311812944e-188,9.78993841879912,1,0.005,6.27106623625888e-184,"C09","MarkerC09-099"
3.13556076651201e-188,9.87391722344666,1,0.004,6.27112153302403e-184,"C09","MarkerC09-072"
3.13558841513777e-188,10.1402820964167,1,0.004,6.27117683027555e-184,"C09","MarkerC09-091"
3.13561606400574e-188,9.79287332577985,1,0.005,6.27123212801149e-184,"C09","MarkerC09-067"
3.13562528034896e-188,10.0097458761865,1,0.004,6.27125056069793e-184,"C09","MarkerC09-115"
3.13573587857159e-188,9.8746253865081,1,0.005,6.27147175714319e-184,"C09","MarkerC09-131"
4.52223643123883e-188,9.74942405772589,1,0.005,9.04447286247765e-184,"C09","MarkerC09-025"
4.52250182405136e-188,9.89819671747427,1,0.005,9.04500364810272e-184,"C09","MarkerC09-138"
4.52252836418572e-188,9.75508724540018,1,0.005,9.04505672837145e-184,"C09","MarkerC09-007"
4.52254163431077e-188,9.85156606978521,1,0.005,9.04508326862155e-184,"C09","MarkerC09-022"
4.52259471519943e-188,9.84556096682432,1,0.005,9.04518943039886e-184,"C09","MarkerC09-133"
4.52270087883512e-188,9.95514735584338,1,0.005,9.04540175767024e-184,"C09","MarkerC09-057"
4.52276723236747e-188,9.96776682306874,1,0.005,9.04553446473494e-184,"C09","MarkerC09-150"
4.52278050319024e-188,9.8236895003844,1,0.005,9.04556100638049e-184,"C09","MarkerC09-142"
4.52280704495247e-188,9.99213094070687,1,0.004,9.04561408990495e-184,"C09","MarkerC09-124"
4.52287340003448e-188,9.71330390441111,1,0.005,9.04574680006895e-184,"C09","MarkerC09-054"
4.52288667116794e-188,9.673901028548,1,0.005,9.04577334233588e-184,"C09","MarkerC09-059"
4.52288667116794e-188,9.87952916375651,1,0.005,9.04577334233588e-184,"C09","MarkerC09-087"
4.52289994233935e-188,9.83739583062607,1,0.005,9.04579988467871e-184,"C09","MarkerC09-028"
4.52291321354919e-188,9.6900337247028,1,0.005,9.04582642709839e-184,"C09","MarkerC09-061"
4.52292648479793e-188,9.89410051750513,1,0.005,9.04585296959586e-184,"C09","MarkerC09-037"
4.52295302741303e-188,9.88535126909961,1,0.005,9.04590605482605e-184,"C09","MarkerC09-004"
4.52303265618618e-188,10.0932310883414,1,0.004,9.04606531237235e-184,"C09","MarkerC09-018"
4.52303265618618e-188,9.82120750512731,1,0.005,9.04606531237235e-184,"C09","MarkerC09-003"
4.52304592778451e-188,9.97268137537394,1,0.005,9.04609185556901e-184,"C09","MarkerC09-129"
4.52304592778451e-188,9.97421466571733,1,0.005,9.04609185556901e-184,"C09","MarkerC09-149"
4.52323173422505e-188,9.9272963056333,1,0.004,9.0464634684501e-184,"C09","MarkerC09-017"
4.55366489253133e-188,9.66451187096628,1,0.005,9.10732978506266e-184,"C09","MarkerC09-073"
4.55375842225838e-188,9.73357862179173,1,0.005,9.10751684451675e-184,"C09","MarkerC09-084"
4.55394548745141e-188,9.82233762552183,1,0.005,9.10789097490282e-184,"C09","MarkerC09-146"
4.55403902291653e-188,9.7944081073212,1,0.005,9.10807804583306e-184,"C09","MarkerC09-127"
4.55405238528207e-188,9.88889808835033,1,0.005,9.10810477056415e-184,"C09","MarkerC09-096"
4.5540657476863e-188,9.71937162752755,1,0.005,9.10813149537261e-184,"C09","MarkerC09-039"
4.5540657476863e-188,9.74156848284654,1,0.005,9.10813149537261e-184,"C09","MarkerC09-066"
4.55409247261225e-188,9.93300179161937,1,0.005,9.10818494522451e-184,"C09","MarkerC09-040"
4.58529805859476e-188,9.78348730557781,1,0.005,9.17059611718952e-184,"C09","MarkerC09-093"
4.58532496637494e-188,9.82025409096661,1,0.005,9.17064993274988e-184,"C09","MarkerC09-041"
4.61679849833281e-188,9.9730702501796,1,0.005,9.23359699666562e-184,"C09","MarkerC09-082"
4.64855600578124e-188,9.71256597453291,1,0.005,9.29711201156248e-184,"C09","MarkerC09-012"
4.64861056218811e-188,9.87502315735668,1,0.005,9.29722112437623e-184,"C09","MarkerC09-071"
4.6803943825293e-188,9.65866706221411,1,0.006,9.3607887650586e-184,"C09","MarkerC09-134"
5.51697244369371e-188,9.76978985356913,1,0.005,1.10339448873874e-183,"C09","MarkerC09-125"
6.15635574234813e-188,9.73239992885031,1,0.005,1.23127114846963e-183,"C09","MarkerC09-083"
6.509898296833e-188,9.97002044617859,1,0.005,1.3019796593666e-183,"C09","MarkerC09-117"
6.51050853433484e-188,9.79123869866013,1,0.005,1.30210170686697e-183,"C09","MarkerC09-118"
6.51056574701917e-188,9.7781766697798,1,0.005,1.30211314940383e-183,"C09","MarkerC09-116"
6.51058481802509e-188,9.88551790402436,1,0.005,1.30211696360502e-183,"C09","MarkerC09-063"
6.51079460276212e-188,9.9441388509106,1,0.005,1.30215892055242e-183,"C09","MarkerC09-043"
6.55500554448465e-188,9.7901535423422,1,0.005,1.31100110889693e-183,"C09","MarkerC09-136"
6.55510154943548e-188,9.67068904307938,1,0.005,1.3110203098871e-183,"C09","MarkerC09-109"
6.55527436187257e-188,9.89049748967987,1,0.004,1.31105487237451e-183,"C09","MarkerC09-076"
6.59999964316201e-188,10.0665582404467,1,0.004,1.3199999286324e-183,"C09","MarkerC09-047"
6.60001897552762e-188,9.82292119605053,1,0.005,1.32000379510552e-183,"C09","MarkerC09-148"
6.60019296935799e-188,9.7272714125246,1,0.005,1.3200385938716e-183,"C09","MarkerC09-128"
6.60036696775483e-188,9.85614311344594,1,0.005,1.32007339355097e-183,"C09","MarkerC09-001"
6.6004056346831e-188,9.79350675528088,1,0.005,1.32008112693662e-183,"C09","MarkerC09-094"
6.60057963866061e-188,9.96996464929121,1,0.004,1.32011592773212e-183,"C09","MarkerC09-026"
6.64501025866004e-188,9.85754171297283,1,0.005,1.32900205173201e-183,"C09","MarkerC09-123"
6.64569152899939e-188,9.65172912370046,1,0.006,1.32913830579988e-183,"C09","MarkerC09-095"
6.69109178139847e-188,9.88835843928431,1,0.005,1.33821835627969e-183,"C09","MarkerC09-036"
6.69152296292499e-188,9.69306778213551,1,0.005,1.338304592585e-183,"C09","MarkerC09-014"
6.73664397206327e-188,9.81815614206923,1,0.005,1.34732879441265e-183,"C09","MarkerC09-068"
6.78324098867413e-188,9.73807294600874,1,0.005,1.35664819773483e-183,"C09","MarkerC09-077"
6.78334032843701e-188,9.86303537859407,1,0.005,1.3566680656874e-183,"C09","MarkerC09-019"
6.78355888101074e-188,9.84030124608163,1,0.005,1.35671177620215e-183,"C09","MarkerC09-008"
6.87736273436792e-188,9.83830040810048,1,0.005,1.37547254687358e-183,"C09","MarkerC09-132"
6.92432350117241e-188,9.79080869922621,1,0.005,1.38486470023448e-183,"C09","MarkerC09-088"
6.9246479896213e-188,9.6806751694846,1,0.005,1.38492959792426e-183,"C09","MarkerC09-035"
7.01990707217278e-188,9.82015507933389,1,0.005,1.40398141443456e-183,"C09","MarkerC09-078"
7.26435236076122e-188,9.85840165370131,1,0.005,1.45287047215224e-183,"C09","MarkerC09-120"
7.62087986675412e-188,9.78782286275247,1,0.005,1.52417597335082e-183,"C09","MarkerC09-038"
7.67300125798965e-188,10.0661119185293,1,0.005,1.53460025159793e-183,"C09","MarkerC09-102"
7.88627239360298e-188,9.85940965592134,1,0.005,1.5772544787206e-183,"C09","MarkerC09-002"
9.35212696766371e-188,9.71604193459332,1,0.005,1.87042539353274e-183,"C09","MarkerC09-090"
9.35261924911578e-188,9.83793105622753,1,0.005,1.87052384982316e-183,"C09","MarkerC09-075"
9.3528653995137e-188,9.78842190042974,1,0.005,1.87057307990274e-183,"C09","MarkerC09-056"
9.41615669555778e-188,9.76801639492344,1,0.005,1.88323133911156e-183,"C09","MarkerC09-034"
9.41626683642306e-188,9.97713634187329,1,0.005,1.88325336728461e-183,"C09","MarkerC09-143"
9.48054112428718e-188,9.83948097082552,1,0.005,1.89610822485744e-183,"C09","MarkerC09-097"
9.4812064969302e-188,9.81960373282698,1,0.005,1.89624129938604e-183,"C09","MarkerC09-048"
9.54653765430476e-188,9.97234123563665,1,0.005,1.90930753086095e-183,"C09","MarkerC09-140"
9.6113066388277e-188,9.88676929135443,1,0.005,1.92226132776554e-183,"C09","MarkerC09-144"
9.61144716172061e-188,9.84558634456886,1,0.005,1.92228943234412e-183,"C09","MarkerC09-079"
9.61203738020613e-188,10.1022567787409,1,0.004,1.92240747604123e-183,"C09","MarkerC09-053"
9.67730682899112e-188,9.85422244080718,1,0.005,1.93546136579822e-183,"C09","MarkerC09-046"
9.67758980223447e-188,9.64249599949659,1,0.005,1.93551796044689e-183,"C09","MarkerC09-104"
9.74424406011026e-188,9.89365907638571,1,0.005,1.94884881202205e-183,"C09","MarkerC09-141"
9.74475693274298e-188,9.93409624464576,1,0.005,1.9489513865486e-183,"C09","MarkerC09-015"
9.7775428168225e-188,9.79044147058453,1,0.005,1.9555085633645e-183,"C09","MarkerC09-139"
9.81069705429865e-188,10.03001900212,1,0.004,1.96213941085973e-183,"C09","MarkerC09-010"
9.81121341642999e-188,9.69152501220713,1,0.005,1.962242683286e-183,"C09","MarkerC09-130"
9.87864249152951e-188,9.90710632149531,1,0.005,1.9757284983059e-183,"C09","MarkerC09-070"
1.00141896921825e-187,9.79502777048195,1,0.005,2.00283793843651e-183,"C09","MarkerC09-052"
1.02213900844634e-187,9.77841332264553,1,0.005,2.04427801689267e-183,"C09","MarkerC09-135"
1.02922666821538e-187,9.60848015388615,1,0.006,2.05845333643076e-183,"C09","MarkerC09-023"
1.02927180532473e-187,9.64690391937481,1,0.006,2.05854361064946e-183,"C09","MarkerC09-051"
1.04326285038397e-187,9.69900837818006,1,0.005,2.08652570076795e-183,"C09","MarkerC09-074"
1.05777468774491e-187,9.62065003581037,1,0.006,2.11554937548983e-183,"C09","MarkerC09-033"
1.065028198537e-187,9.84932293120347,1,0.005,2.130056397074e-183,"C09","MarkerC09-013"
1.07226869659496e-187,9.87861171870104,1,0.005,2.14453739318991e-183,"C09","MarkerC09-045"
1.07959938893078e-187,9.7711167304429,1,0.005,2.15919877786156e-183,"C09","MarkerC09-089"
1.08708182535385e-187,9.90292019576412,1,0.005,2.17416365070769e-183,"C09","MarkerC09-062"
1.10966617781574e-187,9.83349478992392,1,0.005,2.21933235563149e-183,"C09","MarkerC09-112"
1.34064068131402e-187,9.93723993148673,1,0.004,2.68128136262805e-183,"C09","MarkerC09-122"
1.34067982001352e-187,9.77542537140084,1,0.005,2.68135964002705e-183,"C09","MarkerC09-021"
1.34978018109997e-187,9.81924602545238,1,0.005,2.69956036219994e-183,"C09","MarkerC09-042"
1.34984717010508e-187,9.94182440577641,1,0.005,2.69969434021015e-183,"C09","MarkerC09-092"
1.34985505138212e-187,9.75958317736429,1,0.005,2.69971010276425e-183,"C09","MarkerC09-081"
1.3498708140734e-187,9.90441188297143,1,0.005,2.69974162814681e-183,"C09","MarkerC09-064"
1.3778553056841e-187,9.79188659993834,1,0.005,2.75571061136821e-183,"C09","MarkerC09-029"
1.38715507073518e-187,9.6462631479613,1,0.006,2.77431014147036e-183,"C09","MarkerC09-145"
1.40151489017669e-187,9.88260888838446,1,0.005,2.80302978035339e-183,"C09","MarkerC09-111"
1.40634536294767e-187,10.0149428832256,1,0.004,2.81269072589535e-183,"C09","MarkerC09-121"
1.40639462583927e-187,9.83143129121022,1,0.005,2.81278925167854e-183,"C09","MarkerC09-085"
1.45526407390428e-187,9.93540531554328,1,0.005,2.91052814780855e-183,"C09","MarkerC09-060"
1.45532354186241e-187,9.81265713847678,1,0.005,2.91064708372481e-183,"C09","MarkerC09-147"
1.47024656808807e-187,9.98359413571673,1,0.004,2.94049313617614e-183,"C09","MarkerC09-020"
1.56887572170614e-187,9.70039602627766,1,0.005,3.13775144341228e-183,"C09","MarkerC09-114"
1.84205617760936e-187,9.81879778222277,1,0.005,3.68411235521872e-183,"C09","MarkerC09-113"
1.93103732575894e-187,9.95049814473007,1,0.005,3.86207465151789e-183,"C09","MarkerC09-027"
1.93109360519825e-187,9.81010547725134,1,0.005,3.8621872103965e-183,"C09","MarkerC09-080"
1.94426994420804e-187,9.84956435299443,1,0.005,3.88853988841607e-183,"C09","MarkerC09-011"
1.95750185466189e-187,9.8255830981083,1,0.005,3.91500370932377e-183,"C09","MarkerC09-058"
1.95756460857367e-187,9.88267226050259,1,0.005,3.91512921714734e-183,"C09","MarkerC09-032"
1.98458310837853e-187,9.77338278394428,1,0.005,3.96916621675707e-183,"C09","MarkerC09-065"
1.9981006961282e-187,9.85522048115557,1,0.005,3.99620139225639e-183,"C09","MarkerC09-126"
2.08877035046455e-187,9.96525864549712,1,0.005,4.17754070092909e-183,"C09","MarkerC09-110"
2.15390700608766e-187,9.8755667357486,1,0.005,4.30781401217532e-183,"C09","MarkerC09-100"
2.22865530002543e-187,10.0231197975698,1,0.004,4.45731060005086e-183,"C09","MarkerC09-050"
2.30614229259377e-187,9.8460235470166,1,0.005,4.61228458518754e-183,"C09","MarkerC09-030"
2.36194365497987e-187,9.72543399450493,1,0.005,4.72388730995973e-183,"C09","MarkerC09-016"
2.46067370433065e-187,9.91179225278066,1,0.005,4.9213474086613e-183,"C09","MarkerC09-005"
2.73805664517472e-187,9.92481289615192,1,0.005,5.47611329034945e-183,"C09","MarkerC09-103"
2.73822395070303e-187,9.66243451114328,1,0.005,5.47644790140606e-183,"C09","MarkerC09-107"
2.85246436454406e-187,9.90216818966045,1,0.005,5.70492872908812e-183,"C09","MarkerC09-108"
3.01257157980657e-187,9.95626513382508,1,0.005,6.02514315961315e-183,"C09","MarkerC09-106"
4.20512782956663e-187,9.73226281520453,1,0.006,8.41025565913326e-183,"C09","MarkerC09-137"
4.29210312787762e-187,9.7063937440869,1,0.005,8.58420625575524e-183,"C09","MarkerC09-069"
3.13510920664615e-188,9.88431232911581,1,0.005,6.2702184132923e-184,"C10","MarkerC10-005"
3.13525664764849e-188,9.7596796587279,1,0.005,6.27051329529699e-184,"C10","MarkerC10-148"
3.13535801734048e-188,9.86036954867781,1,0.005,6.27071603468096e-184,"C10","MarkerC10-111"
3.13536723292939e-188,9.9090418222945,1,0.005,6.27073446585877e-184,"C10","MarkerC10-021"
3.13537644854437e-188,9.8026953031452,1,0.005,6.27075289708873e-184,"C10","MarkerC10-034"
3.13541331127517e-188,10.0135864292686,1,0.004,6.27082662255034e-184,"C10","MarkerC10-073"
3.13544095860679e-188,10.0378494209601,1,0.004,6.27088191721357e-184,"C10","MarkerC10-065"
3.13546860618027e-188,9.77082487097759,1,0.005,6.27093721236055e-184,"C10","MarkerC10-087"
3.13547782209222e-188,9.82301810544851,1,0.005,6.27095564418443e-184,"C10","MarkerC10-124"
3.13550546998973e-188,9.88530245686421,1,0.005,6.27101093997945e-184,"C10","MarkerC10-059"
3.13553311812944e-188,9.70464520598899,1,0.005,6.27106623625888e-184,"C10","MarkerC10-095"
3.13559763139982e-188,9.74980180717001,1,0.005,6.27119526279964e-184,"C10","MarkerC10-056"
3.13560684768925e-188,9.68675448551824,1,0.005,6.27121369537851e-184,"C10","MarkerC10-086"
3.13568057897454e-188,9.83868808184394,1,0.005,6.27136115794908e-184,"C10","MarkerC10-089"
4.52266106718027e-188,9.96503847621632,1,0.005,9.04532213436055e-184,"C10","MarkerC10-051"
4.52280704495247e-188,9.86373206196017,1,0.005,9.04561408990495e-184,"C10","MarkerC10-007"
4.52280704495247e-188,9.80497429663964,1,0.005,9.04561408990495e-184,"C10","MarkerC10-099"
4.52283358686887e-188,10.0067019071959,1,0.004,9.04566717373775e-184,"C10","MarkerC10-127"
4.52284685788518e-188,9.60980437473551,1,0.006,9.04569371577036e-184,"C10","MarkerC10-114"
4.52288667116794e-188,9.68902602094095,1,0.006,9.04577334233588e-184,"C10","MarkerC10-035"
4.52289994233935e-188,9.92828416459139,1,0.005,9.04579988467871e-184,"C10","MarkerC10-070"
4.52299284162551e-188,9.84657462047639,1,0.005,9.04598568325102e-184,"C10","MarkerC10-016"
4.52299284162551e-188,9.79584341895264,1,0.005,9.04598568325102e-184,"C10","MarkerC10-117"
4.52301938462769e-188,9.77919036452497,1,0.005,9.04603876925537e-184,"C10","MarkerC10-113"
4.52307247109644e-188,9.97942066127916,1,0.004,9.04614494219288e-184,"C10","MarkerC10-054"
4.53852936684203e-188,9.72010610962075,1,0.005,9.07705873368405e-184,"C10","MarkerC10-057"
4.55369161511571e-188,9.80200145522395,1,0.005,9.10738323023141e-184,"C10","MarkerC10-045"
4.55379850701342e-188,9.89522086820091,1,0.005,9.10759701402683e-184,"C10","MarkerC10-049"
4.55382523037908e-188,9.77840936059448,1,0.005,9.10765046075817e-184,"C10","MarkerC10-149"
4.55391876338465e-188,9.97934561109432,1,0.004,9.1078375267693e-184,"C10","MarkerC10-013"
4.55403902291653e-188,10.0545402070692,1,0.004,9.10807804583306e-184,"C10","MarkerC10-098"
4.5540657476863e-188,9.84791987731009,1,0.005,9.10813149537261e-184,"C10","MarkerC10-029"
4.55426618843459e-188,9.94542989944238,1,0.005,9.10853237686917e-184,"C10","MarkerC10-119"
4.58510970853043e-188,9.83293076406846,1,0.005,9.17021941706087e-184,"C10","MarkerC10-058"
4.58537878240798e-188,9.72442078305458,1,0.005,9.17075756481597e-184,"C10","MarkerC10-130"
4.58558059812939e-188,9.91300227590154,1,0.005,9.17116119625878e-184,"C10","MarkerC10-019"
4.6009268536309e-188,9.91531293862892,1,0.005,9.2018537072618e-184,"C10","MarkerC10-104"
4.64854236677921e-188,9.59422315394752,1,0.006,9.29708473355841e-184,"C10","MarkerC10-012"
4.66414014594889e-188,10.0516924497964,1,0.004,9.32828029189778e-184,"C10","MarkerC10-103"
4.81043484954028e-188,9.89226780330859,1,0.005,9.62086969908057e-184,"C10","MarkerC10-001"
5.9485452318959e-188,9.93225373591779,1,0.005,1.18970904637918e-183,"C10","MarkerC10-093"
6.5101843385728e-188,9.76438416256538,1,0.005,1.30203686771456e-183,"C10","MarkerC10-014"
6.51020340846685e-188,9.74784548878381,1,0.005,1.30204068169337e-183,"C10","MarkerC10-023"
6.51029875877064e-188,9.81642471437144,1,0.005,1.30205975175413e-183,"C10","MarkerC10-052"
6.51033689928273e-188,9.80952506359641,1,0.005,1.30206737985655e-183,"C10","MarkerC10-020"
6.51037504001664e-188,9.7828514758755,1,0.005,1.30207500800333e-183,"C10","MarkerC10-031"
6.51041318097104e-188,9.82790525435202,1,0.005,1.30208263619421e-183,"C10","MarkerC10-120"
6.51045132214998e-188,9.88740393837591,1,0.005,1.30209026443e-183,"C10","MarkerC10-118"
6.51048946355076e-188,9.72072166035226,1,0.005,1.30209789271015e-183,"C10","MarkerC10-071"
6.51054667606905e-188,9.85887589966892,1,0.005,1.30210933521381e-183,"C10","MarkerC10-100"
6.51060388908749e-188,9.81348529024904,1,0.005,1.3021207778175e-183,"C10","MarkerC10-096"
6.51071831662484e-188,9.76335778816188,1,0.005,1.30214366332497e-183,"C10","MarkerC10-144"
6.51073738807648e-188,9.65588603636931,1,0.005,1.3021474776153e-183,"C10","MarkerC10-008"
6.51075645958188e-188,9.9169857904455,1,0.005,1.30215129191638e-183,"C10","MarkerC10-079"
6.51075645958188e-188,9.66714121131808,1,0.006,1.30215129191638e-183,"C10","MarkerC10-036"
6.51077553114444e-188,9.84274107916619,1,0.005,1.30215510622889e-183,"C10","MarkerC10-123"
6.51083274616421e-188,9.98197273019188,1,0.005,1.30216654923284e-183,"C10","MarkerC10-126"
6.53296796640255e-188,9.69387622409498,1,0.005,1.30659359328051e-183,"C10","MarkerC10-030"
6.55512075059418e-188,9.95291439341653,1,0.005,1.31102415011884e-183,"C10","MarkerC10-024"
6.55531276525123e-188,9.8191307788765,1,0.005,1.31106255305025e-183,"C10","MarkerC10-050"
6.55544717884317e-188,9.78616955142324,1,0.005,1.31108943576863e-183,"C10","MarkerC10-131"
6.57742563227553e-188,9.94688603482492,1,0.005,1.31548512645511e-183,"C10","MarkerC10-061"
6.59986431817745e-188,9.67407812845756,1,0.005,1.31997286363549e-183,"C10","MarkerC10-112"
6.60017363648468e-188,9.86733385669485,1,0.005,1.32003472729694e-183,"C10","MarkerC10-138"
6.60038630119103e-188,9.9269872329229,1,0.005,1.32007726023821e-183,"C10","MarkerC10-082"
6.60046363550214e-188,9.65825484608377,1,0.005,1.32009272710043e-183,"C10","MarkerC10-028"
6.64565259739428e-188,9.95534898217193,1,0.005,1.32913051947886e-183,"C10","MarkerC10-066"
6.64573046083368e-188,9.85638830284633,1,0.005,1.32914609216674e-183,"C10","MarkerC10-006"
6.64586672403698e-188,9.51443064639597,1,0.006,1.3291733448074e-183,"C10","MarkerC10-105"
6.69095459307467e-188,9.82326340964625,1,0.005,1.33819091861493e-183,"C10","MarkerC10-141"
6.69099378945302e-188,9.8966449430009,1,0.005,1.3381987578906e-183,"C10","MarkerC10-122"
6.69132696789396e-188,9.68938432665588,1,0.005,1.33826539357879e-183,"C10","MarkerC10-026"
6.69146416381604e-188,9.88213800275924,1,0.005,1.33829283276321e-183,"C10","MarkerC10-078"
6.73759115737765e-188,9.63505643101561,1,0.006,1.34751823147553e-183,"C10","MarkerC10-004"
6.82863972637154e-188,9.80013014551987,1,0.005,1.36572794527431e-183,"C10","MarkerC10-084"
6.83011992119518e-188,9.74688713239027,1,0.005,1.36602398423904e-183,"C10","MarkerC10-115"
6.83011992119518e-188,9.81105000991117,1,0.005,1.36602398423904e-183,"C10","MarkerC10-142"
6.87710088248958e-188,9.72279825725432,1,0.005,1.37542017649792e-183,"C10","MarkerC10-108"
7.36412803455452e-188,9.68029584215665,1,0.006,1.4728256069109e-183,"C10","MarkerC10-094"
7.83261225445375e-188,9.87600799110327,1,0.005,1.56652245089075e-183,"C10","MarkerC10-106"
8.18899328093784e-188,9.74297995276512,1,0.005,1.63779865618757e-183,"C10","MarkerC10-027"
9.35130655588914e-188,9.73396583077742,1,0.005,1.87026131117783e-183,"C10","MarkerC10-140"
9.35177144709942e-188,9.88803500454547,1,0.005,1.87035428941988e-183,"C10","MarkerC10-125"
9.35196287957839e-188,9.77759419737378,1,0.005,1.87039257591568e-183,"C10","MarkerC10-064"
9.35196287957839e-188,9.8804921747958,1,0.005,1.87039257591568e-183,"C10","MarkerC10-083"
9.35218166432893e-188,9.82208280297068,1,0.005,1.87043633286579e-183,"C10","MarkerC10-145"
9.35237310516519e-188,9.77544022429487,1,0.005,1.87047462103304e-183,"C10","MarkerC10-136"
9.35250985100891e-188,9.79140714151832,1,0.005,1.87050197020178e-183,"C10","MarkerC10-091"
9.35292010047807e-188,9.63137758273024,1,0.005,1.87058402009561e-183,"C10","MarkerC10-043"
9.35294745107912e-188,9.71198096843302,1,0.005,1.87058949021582e-183,"C10","MarkerC10-042"
9.41574367872867e-188,9.69662485072172,1,0.005,1.88314873574573e-183,"C10","MarkerC10-038"
9.41596395212743e-188,9.9164603550609,1,0.005,1.88319279042549e-183,"C10","MarkerC10-132"
9.41656973041695e-188,9.97212044001957,1,0.004,1.88331394608339e-183,"C10","MarkerC10-018"
9.48087380479918e-188,9.94627478538776,1,0.005,1.89617476095984e-183,"C10","MarkerC10-055"
9.48115104743472e-188,9.99089239541386,1,0.004,1.89623020948694e-183,"C10","MarkerC10-033"
9.48115104743472e-188,9.82245916978232,1,0.005,1.89623020948694e-183,"C10","MarkerC10-139"
9.48117877214345e-188,9.73233483779929,1,0.005,1.89623575442869e-183,"C10","MarkerC10-011"
9.48170555691554e-188,9.85101282612573,1,0.005,1.89634111138311e-183,"C10","MarkerC10-081"
9.54597936216409e-188,9.75607459269244,1,0.005,1.90919587243282e-183,"C10","MarkerC10-069"
9.61113801405337e-188,9.80249269200754,1,0.005,1.92222760281067e-183,"C10","MarkerC10-088"
9.61139095231799e-188,9.63339084278099,1,0.005,1.9222781904636e-183,"C10","MarkerC10-076"
9.61147526654405e-188,9.77779974180252,1,0.005,1.92229505330881e-183,"C10","MarkerC10-025"
9.61184063670264e-188,9.68651992467395,1,0.005,1.92236812734053e-183,"C10","MarkerC10-046"
9.7438736688054e-188,9.7423009767621,1,0.005,1.94877473376108e-183,"C10","MarkerC10-110"
9.74415858394946e-188,9.70785195164637,1,0.005,1.94883171678989e-183,"C10","MarkerC10-077"
9.8780648236761e-188,9.80071745612509,1,0.005,1.97561296473522e-183,"C10","MarkerC10-022"
9.91205219835715e-188,9.67914329934881,1,0.005,1.98241043967143e-183,"C10","MarkerC10-072"
1.00831889881148e-187,9.90723046861649,1,0.005,2.01663779762296e-183,"C10","MarkerC10-015"
1.02215096212378e-187,9.83752665641453,1,0.005,2.04430192424757e-183,"C10","MarkerC10-134"
1.09460325947448e-187,9.75569082414986,1,0.005,2.18920651894896e-183,"C10","MarkerC10-044"
1.34066025052167e-187,9.89604925086496,1,0.005,2.68132050104334e-183,"C10","MarkerC10-085"
1.34989445845399e-187,10.1961866959507,1,0.004,2.69978891690799e-183,"C10","MarkerC10-062"
1.34989445845399e-187,9.86546336763798,1,0.005,2.69978891690799e-183,"C10","MarkerC10-048"
1.35907713178554e-187,9.76342809092097,1,0.005,2.71815426357109e-183,"C10","MarkerC10-090"
1.36840208914825e-187,9.71160550516543,1,0.005,2.7368041782965e-183,"C10","MarkerC10-060"
1.36843005210355e-187,9.7959958784475,1,0.005,2.73686010420709e-183,"C10","MarkerC10-068"
1.37778693000503e-187,9.96072859702221,1,0.005,2.75557386001006e-183,"C10","MarkerC10-037"
1.37781508428716e-187,9.87498555323317,1,0.005,2.75563016857431e-183,"C10","MarkerC10-053"
1.38724820735749e-187,9.69020133075619,1,0.006,2.77449641471498e-183,"C10","MarkerC10-010"
1.38735754959538e-187,9.62474903440148,1,0.005,2.77471509919076e-183,"C10","MarkerC10-039"
1.45519186606399e-187,9.76826510851565,1,0.005,2.91038373212798e-183,"C10","MarkerC10-003"
1.45519611348517e-187,9.66540222383724,1,0.006,2.91039222697035e-183,"C10","MarkerC10-041"
1.48535711927178e-187,9.77476707633404,1,0.005,2.97071423854356e-183,"C10","MarkerC10-116"
1.51100151486027e-187,9.87890603453563,1,0.005,3.02200302972054e-183,"C10","MarkerC10-150"
1.54752906125118e-187,9.80933314367473,1,0.005,3.09505812250235e-183,"C10","MarkerC10-047"
1.6233934661357e-187,9.6787791137873,1,0.005,3.24678693227139e-183,"C10","MarkerC10-128"
1.63457733729282e-187,9.90707693995379,1,0.005,3.26915467458564e-183,"C10","MarkerC10-080"
1.91777728436897e-187,9.82205868965705,1,0.005,3.83555456873794e-183,"C10","MarkerC10-102"
1.9179393811143e-187,9.70647803728486,1,0.005,3.8358787622286e-183,"C10","MarkerC10-017"
1.97104772248983e-187,9.94436703247239,1,0.005,3.94209544497965e-183,"C10","MarkerC10-002"
1.98446744079834e-187,9.73832449512372,1,0.005,3.96893488159668e-183,"C10","MarkerC10-107"
2.01181577540931e-187,10.0341247113086,1,0.004,4.02363155081862e-183,"C10","MarkerC10-146"
2.01187440348553e-187,9.98500489565618,1,0.005,4.02374880697106e-183,"C10","MarkerC10-109"
2.01195648564928e-187,9.70579174308956,1,0.005,4.02391297129857e-183,"C10","MarkerC10-137"
2.06044919379538e-187,9.92563451190963,1,0.005,4.12089838759076e-183,"C10","MarkerC10-032"
2.12472228931218e-187,9.61012101248341,1,0.005,4.24944457862436e-183,"C10","MarkerC10-092"
2.15405135418876e-187,9.69545239564405,1,0.005,4.30810270837751e-183,"C10","MarkerC10-135"
2.25952919723416e-187,9.81503570803305,1,0.005,4.51905839446833e-183,"C10","MarkerC10-063"
2.435666305584e-187,9.82829489272402,1,0.005,4.87133261116799e-183,"C10","MarkerC10-143"
2.52897455646352e-187,9.58584423218887,1,0.006,5.05794911292704e-183,"C10","MarkerC10-075"
2.80443071048666e-187,9.65776745537423,1,0.005,5.60886142097333e-183,"C10","MarkerC10-040"
2.82095484606346e-187,9.81697691426687,1,0.005,5.64190969212691e-183,"C10","MarkerC10-147"
2.85267184141278e-187,9.77764424295711,1,0.005,5.70534368282555e-183,"C10","MarkerC10-074"
2.93150738954973e-187,9.84831503105495,1,0.005,5.86301477909946e-183,"C10","MarkerC10-129"
3.16012273730338e-187,9.80259891832226,1,0.005,6.32024547460675e-183,"C10","MarkerC10-101"
3.20341647632671e-187,9.78941804639579,1,0.005,6.40683295265341e-183,"C10","MarkerC10-009"
3.31465082622955e-187,9.73248741067576,1,0.005,6.6293016524591e-183,"C10","MarkerC10-097"
3.77344481025898e-187,9.66263570315453,1,0.005,7.54688962051795e-183,"C10","MarkerC10-121"
4.06421301275561e-187,9.81428115674972,1,0.005,8.12842602551123e-183,"C10","MarkerC10-133"
4.20514004244003e-187,9.72300895483721,1,0.005,8.41028008488006e-183,"C10","MarkerC10-067"
3.13526586294045e-188,9.7682094392177,1,0.005,6.2705317258809e-184,"C11","MarkerC11-100"
3.13530272437652e-188,9.98692186656745,1,0.004,6.27060544875304e-184,"C11","MarkerC11-052"
3.13533958624482e-188,9.74973890021586,1,0.005,6.27067917248964e-184,"C11","MarkerC11-064"
3.13536723292939e-188,9.92789297168346,1,0.005,6.27073446585877e-184,"C11","MarkerC11-029"
3.13537644854437e-188,9.84033228799001,1,0.005,6.27075289708873e-184,"C11","MarkerC11-057"
3.13540409555197e-188,9.83280126134771,1,0.005,6.27080819110393e-184,"C11","MarkerC11-026"
3.13541331127517e-188,9.59724674578831,1,0.006,6.27082662255034e-184,"C11","MarkerC11-045"
3.13556076651201e-188,9.8304979805006,1,0.005,6.27112153302403e-184,"C11","MarkerC11-009"
3.13556076651201e-188,9.79517829131632,1,0.005,6.27112153302403e-184,"C11","MarkerC11-132"
3.13558841513777e-188,9.75319374670967,1,0.005,6.27117683027555e-184,"C11","MarkerC11-065"
3.13559763139982e-188,9.79956468379403,1,0.005,6.27119526279964e-184,"C11","MarkerC11-014"
4.52234258650358e-188,9.89192186327848,1,0.005,9.04468517300716e-184,"C11","MarkerC11-148"
4.52258144491881e-188,9.76467792924454,1,0.005,9.04516288983762e-184,"C11","MarkerC11-044"
4.52268760824477e-188,9.76013276699357,1,0.005,9.04537521648954e-184,"C11","MarkerC11-095"
4.52272742013251e-188,9.91175059054176,1,0.005,9.04545484026502e-184,"C11","MarkerC11-061"
4.52274069083813e-188,9.76892422931999,1,0.005,9.04548138167626e-184,"C11","MarkerC11-093"
4.52278050319024e-188,9.68584908205205,1,0.006,9.04556100638049e-184,"C11","MarkerC11-101"
4.52282031589099e-188,10.1055530588579,1,0.004,9.04564063178198e-184,"C11","MarkerC11-022"
4.52282031589099e-188,9.8379678331708,1,0.005,9.04564063178198e-184,"C11","MarkerC11-031"
4.52286012894085e-188,9.82216747005522,1,0.005,9.0457202578817e-184,"C11","MarkerC11-125"
4.52287340003448e-188,9.72709706395254,1,0.005,9.04574680006895e-184,"C11","MarkerC11-104"
4.52292648479793e-188,9.85203557744233,1,0.005,9.04585296959586e-184,"C11","MarkerC11-056"
4.52292648479793e-188,9.88062406740245,1,0.005,9.04585296959586e-184,"C11","MarkerC11-122"
4.52296629877845e-188,9.93958735057574,1,0.004,9.0459325975569e-184,"C11","MarkerC11-063"
4.52301938462769e-188,9.75403605486781,1,0.005,9.04603876925537e-184,"C11","MarkerC11-131"
4.52309901456443e-188,9.71255538268026,1,0.005,9.04619802912887e-184,"C11","MarkerC11-082"
4.52311228635583e-188,9.74596941609844,1,0.005,9.04622457271166e-184,"C11","MarkerC11-091"
4.52312555818566e-188,9.70128400744559,1,0.005,9.04625111637132e-184,"C11","MarkerC11-150"
4.5536782538037e-188,9.90023156762832,1,0.005,9.1073565076074e-184,"C11","MarkerC11-117"
4.55386531571821e-188,9.81204105711241,1,0.005,9.10773063143641e-184,"C11","MarkerC11-035"
4.55395884954425e-188,9.867725183094,1,0.005,9.10791769908849e-184,"C11","MarkerC11-109"
4.55402566058968e-188,9.77636489893091,1,0.005,9.10805132117935e-184,"C11","MarkerC11-139"
4.58506934880448e-188,9.89572128234916,1,0.005,9.17013869760896e-184,"C11","MarkerC11-067"
4.58527115097134e-188,9.76150436453653,1,0.005,9.17054230194268e-184,"C11","MarkerC11-140"
4.58539223651422e-188,9.7960950194104,1,0.005,9.17078447302845e-184,"C11","MarkerC11-037"
4.58549987077982e-188,9.83174575275962,1,0.005,9.17099974155963e-184,"C11","MarkerC11-074"
4.58551332524046e-188,9.66944952362207,1,0.005,9.17102665048091e-184,"C11","MarkerC11-114"
4.64836506337459e-188,9.85524618269029,1,0.005,9.29673012674917e-184,"C11","MarkerC11-068"
4.68020213539059e-188,9.83197643795488,1,0.005,9.36040427078118e-184,"C11","MarkerC11-042"
4.81074534230836e-188,9.81780392162785,1,0.005,9.62149068461673e-184,"C11","MarkerC11-085"
4.87660902735503e-188,9.72148899096177,1,0.005,9.75321805471005e-184,"C11","MarkerC11-115"
5.27652905047082e-188,9.88063918438434,1,0.005,1.05530581009416e-183,"C11","MarkerC11-034"
6.50986015887933e-188,9.95124333476731,1,0.005,1.30197203177587e-183,"C11","MarkerC11-106"
6.50997457340647e-188,9.67449125622893,1,0.005,1.30199491468129e-183,"C11","MarkerC11-001"
6.51012712922407e-188,9.93307079508307,1,0.005,1.30202542584481e-183,"C11","MarkerC11-025"
6.51014619895141e-188,9.76624361015182,1,0.005,1.30202923979028e-183,"C11","MarkerC11-039"
6.51022247841601e-188,9.59425138044043,1,0.005,1.3020444956832e-183,"C11","MarkerC11-012"
6.51035596962043e-188,9.81586144531703,1,0.005,1.30207119392409e-183,"C11","MarkerC11-133"
6.51039411046662e-188,9.81726031645012,1,0.005,1.30207882209332e-183,"C11","MarkerC11-021"
6.51041318097104e-188,9.92165074352361,1,0.005,1.30208263619421e-183,"C11","MarkerC11-137"
6.51047039282179e-188,9.79122413108539,1,0.005,1.30209407856436e-183,"C11","MarkerC11-078"
6.51050853433484e-188,9.78645349094649,1,0.005,1.30210170686697e-183,"C11","MarkerC11-088"
6.51056574701917e-188,9.69928379415418,1,0.005,1.30211314940383e-183,"C11","MarkerC11-138"
6.51056574701917e-188,9.52567895265231,1,0.006,1.30211314940383e-183,"C11","MarkerC11-119"
6.51064203137629e-188,9.77218659463819,1,0.005,1.30212840627526e-183,"C11","MarkerC11-144"
6.51068017388965e-188,9.66489369662401,1,0.005,1.30213603477793e-183,"C11","MarkerC11-005"
6.55464073843888e-188,9.77216199319237,1,0.005,1.31092814768778e-183,"C11","MarkerC11-081"
6.55498634366302e-188,9.78664866397944,1,0.005,1.3109972687326e-183,"C11","MarkerC11-096"
6.55506314728798e-188,10.0256753908198,1,0.004,1.3110126294576e-183,"C11","MarkerC11-002"
6.55506314728798e-188,9.70416662100883,1,0.005,1.3110126294576e-183,"C11","MarkerC11-111"
6.55508234833228e-188,9.99149483956943,1,0.005,1.31101646966646e-183,"C11","MarkerC11-051"
6.55529356353415e-188,9.80978729494808,1,0.005,1.31105871270683e-183,"C11","MarkerC11-055"
6.59992231426102e-188,9.56562008739434,1,0.006,1.3199844628522e-183,"C11","MarkerC11-107"
6.60038630119103e-188,10.0911789580213,1,0.004,1.32007726023821e-183,"C11","MarkerC11-113"
6.6004249682338e-188,9.67593942708745,1,0.005,1.32008499364676e-183,"C11","MarkerC11-032"
6.60044430183968e-188,9.89324177370428,1,0.005,1.32008886036794e-183,"C11","MarkerC11-118"
6.6451075787377e-188,9.97807199875891,1,0.005,1.32902151574754e-183,"C11","MarkerC11-013"
6.64538008250441e-188,9.94916204527659,1,0.004,1.32907601650088e-183,"C11","MarkerC11-130"
6.69115057725088e-188,10.1612846512593,1,0.004,1.33823011545018e-183,"C11","MarkerC11-084"
6.73676236297877e-188,9.91565849574991,1,0.005,1.34735247259575e-183,"C11","MarkerC11-094"
6.73688075596545e-188,9.75799150110129,1,0.005,1.34737615119309e-183,"C11","MarkerC11-079"
6.73733461493447e-188,9.94027371855072,1,0.005,1.34746692298689e-183,"C11","MarkerC11-112"
6.78310191543928e-188,9.80784087557723,1,0.005,1.35662038308786e-183,"C11","MarkerC11-145"
6.78334032843701e-188,9.71444614967388,1,0.005,1.3566680656874e-183,"C11","MarkerC11-069"
6.78339993298912e-188,9.87825359099526,1,0.005,1.35667998659782e-183,"C11","MarkerC11-048"
6.82973984070386e-188,9.74465212441487,1,0.005,1.36594796814077e-183,"C11","MarkerC11-099"
6.87681889925563e-188,9.84660084875257,1,0.005,1.37536377985113e-183,"C11","MarkerC11-017"
7.06792283185775e-188,9.76665302774597,1,0.005,1.41358456637155e-183,"C11","MarkerC11-019"
7.16521350374049e-188,9.67068559805172,1,0.005,1.4330427007481e-183,"C11","MarkerC11-047"
7.41447372756376e-188,9.7842376070923,1,0.005,1.48289474551275e-183,"C11","MarkerC11-020"
7.51690317139141e-188,9.78184129764912,1,0.005,1.50338063427828e-183,"C11","MarkerC11-089"
8.10487103395401e-188,9.74687531446747,1,0.005,1.6209742067908e-183,"C11","MarkerC11-146"
9.35106044632542e-188,9.89399981663196,1,0.005,1.87021208926508e-183,"C11","MarkerC11-097"
9.35147063251394e-188,9.86038348951779,1,0.005,1.87029412650279e-183,"C11","MarkerC11-066"
9.35204492326256e-188,9.76915114814098,1,0.005,1.87040898465251e-183,"C11","MarkerC11-028"
9.35204492326256e-188,9.85909675993724,1,0.005,1.87040898465251e-183,"C11","MarkerC11-087"
9.35212696766371e-188,9.83720413590154,1,0.005,1.87042539353274e-183,"C11","MarkerC11-098"
9.35215431595687e-188,9.80060804241537,1,0.005,1.87043086319137e-183,"C11","MarkerC11-134"
9.35237310516519e-188,9.7846130348373,1,0.005,1.87047462103304e-183,"C11","MarkerC11-142"
9.41599148666136e-188,9.85978424828098,1,0.005,1.88319829733227e-183,"C11","MarkerC11-041"
9.41665233955348e-188,9.79892908580612,1,0.005,1.8833304679107e-183,"C11","MarkerC11-054"
9.48112332280894e-188,9.73382907605318,1,0.005,1.89622466456179e-183,"C11","MarkerC11-071"
9.54553275185152e-188,9.89712082735121,1,0.005,1.9091065503703e-183,"C11","MarkerC11-027"
9.54564440247973e-188,9.78371353778372,1,0.005,1.90912888049595e-183,"C11","MarkerC11-015"
9.54609101799317e-188,9.72552249620779,1,0.005,1.90921820359863e-183,"C11","MarkerC11-102"
9.54609101799317e-188,9.90331478507932,1,0.005,1.90921820359863e-183,"C11","MarkerC11-123"
9.54620267512077e-188,9.88913292002719,1,0.005,1.90924053502415e-183,"C11","MarkerC11-121"
9.546230589605e-188,9.9145719210375,1,0.005,1.909246117921e-183,"C11","MarkerC11-116"
9.6107164650035e-188,9.81042205488132,1,0.005,1.9221432930007e-183,"C11","MarkerC11-016"
9.61116611797789e-188,9.89589535454476,1,0.005,1.92223322359558e-183,"C11","MarkerC11-120"
9.61125043024192e-188,9.54357680234228,1,0.006,1.92225008604838e-183,"C11","MarkerC11-073"
9.61158768665966e-188,9.86083526765402,1,0.005,1.92231753733193e-183,"C11","MarkerC11-136"
9.61189684872204e-188,10.0179135830036,1,0.005,1.92237936974441e-183,"C11","MarkerC11-108"
9.61200927374593e-188,9.87493015372016,1,0.005,1.92240185474919e-183,"C11","MarkerC11-128"
9.6765711371035e-188,10.0736441370903,1,0.004,1.9353142274207e-183,"C11","MarkerC11-083"
9.67747661194779e-188,10.0008890215012,1,0.004,1.93549532238956e-183,"C11","MarkerC11-040"
9.67758980223447e-188,9.96853608485218,1,0.005,1.93551796044689e-183,"C11","MarkerC11-059"
9.74290501933808e-188,9.93544497219204,1,0.005,1.94858100386762e-183,"C11","MarkerC11-129"
9.81055362517266e-188,9.99497362654445,1,0.005,1.96211072503453e-183,"C11","MarkerC11-135"
9.87766047618412e-188,9.92274299759441,1,0.005,1.97553209523682e-183,"C11","MarkerC11-077"
1.01521288469896e-187,9.70686108380115,1,0.006,2.03042576939792e-183,"C11","MarkerC11-141"
1.01927895115045e-187,9.66217870643242,1,0.006,2.0385579023009e-183,"C11","MarkerC11-011"
1.04345196843058e-187,9.59416582020129,1,0.006,2.08690393686116e-183,"C11","MarkerC11-046"
1.0505152382768e-187,9.80726907896868,1,0.005,2.1010304765536e-183,"C11","MarkerC11-043"
1.05056744942746e-187,9.68590863078997,1,0.006,2.10113489885492e-183,"C11","MarkerC11-053"
1.0506043059123e-187,9.67831894144396,1,0.006,2.10120861182459e-183,"C11","MarkerC11-080"
1.06502197156194e-187,10.0011617288562,1,0.005,2.13004394312387e-183,"C11","MarkerC11-058"
1.10207035613145e-187,9.79610202589075,1,0.005,2.2041407122629e-183,"C11","MarkerC11-006"
1.11729796048515e-187,9.78067116127927,1,0.005,2.2345959209703e-183,"C11","MarkerC11-075"
1.13649295674499e-187,9.68805803908272,1,0.005,2.27298591348998e-183,"C11","MarkerC11-072"
1.34059371637522e-187,9.84567000436618,1,0.005,2.68118743275044e-183,"C11","MarkerC11-126"
1.3406485089629e-187,9.91411163929561,1,0.005,2.6812970179258e-183,"C11","MarkerC11-070"
1.34520660540604e-187,9.8178342368763,1,0.005,2.69041321081208e-183,"C11","MarkerC11-105"
1.34978018109997e-187,10.024912854521,1,0.005,2.69956036219994e-183,"C11","MarkerC11-018"
1.34978412153826e-187,9.68452649445653,1,0.005,2.69956824307652e-183,"C11","MarkerC11-086"
1.36833418148097e-187,9.72564963123283,1,0.005,2.73666836296194e-183,"C11","MarkerC11-049"
1.36838211595662e-187,9.83760051314711,1,0.005,2.73676423191324e-183,"C11","MarkerC11-149"
1.36839809448652e-187,9.97977309520455,1,0.005,2.73679618897303e-183,"C11","MarkerC11-036"
1.37782715058334e-187,9.92047464000929,1,0.005,2.75565430116669e-183,"C11","MarkerC11-004"
1.39683553959103e-187,9.92783201094588,1,0.005,2.79367107918206e-183,"C11","MarkerC11-033"
1.40616885168911e-187,9.86815384405448,1,0.005,2.81233770337822e-183,"C11","MarkerC11-023"
1.41602731873135e-187,9.71483038065074,1,0.005,2.8320546374627e-183,"C11","MarkerC11-103"
1.42564268083414e-187,9.81108935527672,1,0.005,2.85128536166829e-183,"C11","MarkerC11-127"
1.46515410797813e-187,10.0087105195045,1,0.004,2.93030821595626e-183,"C11","MarkerC11-062"
1.46520114940241e-187,9.66749639003872,1,0.005,2.93040229880482e-183,"C11","MarkerC11-008"
1.47521891692259e-187,10.0222463966462,1,0.004,2.95043783384517e-183,"C11","MarkerC11-007"
1.56888487859226e-187,9.99181281421901,1,0.005,3.13776975718452e-183,"C11","MarkerC11-024"
1.57963373623383e-187,9.77849412857103,1,0.005,3.15926747246767e-183,"C11","MarkerC11-076"
1.72639008433057e-187,9.82783008731115,1,0.005,3.45278016866114e-183,"C11","MarkerC11-030"
1.93103169790522e-187,9.95751242658604,1,0.005,3.86206339581044e-183,"C11","MarkerC11-110"
1.97092709809769e-187,9.83136251658713,1,0.005,3.94185419619538e-183,"C11","MarkerC11-092"
1.99807740487036e-187,9.96515877471943,1,0.004,3.99615480974072e-183,"C11","MarkerC11-038"
2.02557175949004e-187,9.79147198441717,1,0.005,4.05114351898007e-183,"C11","MarkerC11-050"
2.03944546328358e-187,9.70399805747644,1,0.005,4.07889092656715e-183,"C11","MarkerC11-010"
2.03944546328358e-187,9.8226043974363,1,0.005,4.07889092656715e-183,"C11","MarkerC11-124"
2.81377752315887e-187,9.88534367533396,1,0.005,5.62755504631775e-183,"C11","MarkerC11-003"
2.85241457233024e-187,9.76754149522612,1,0.005,5.70482914466048e-183,"C11","MarkerC11-143"
2.91151421925977e-187,9.79853267260082,1,0.005,5.82302843851954e-183,"C11","MarkerC11-147"
3.93047229183926e-187,9.75542563542317,1,0.005,7.86094458367853e-183,"C11","MarkerC11-060"
4.35077092188819e-187,9.78529823630226,1,0.005,8.70154184377638e-183,"C11","MarkerC11-090"
3.13497098697511e-188,9.90215260826729,1,0.005,6.26994197395022e-184,"C12","MarkerC12-047"
3.13512763639433e-188,9.91722652903695,1,0.005,6.27025527278865e-184,"C12","MarkerC12-067"
3.13521057159357e-188,10.0736587769123,1,0.004,6.27042114318713e-184,"C12","MarkerC12-137"
3.13528429360487e-188,9.84493667942673,1,0.005,6.27056858720973e-184,"C12","MarkerC12-104"
3.13531193980342e-188,9.84470066467692,1,0.005,6.27062387960684e-184,"C12","MarkerC12-001"
3.1353856641864e-188,9.93685015586103,1,0.005,6.2707713283728e-184,"C12","MarkerC12-107"
3.13539487985615e-188,9.98785806886222,1,0.005,6.27078975971229e-184,"C12","MarkerC12-081"
3.13540409555197e-188,9.84029167514585,1,0.005,6.27080819110393e-184,"C12","MarkerC12-084"
3.13540409555197e-188,9.89082922776094,1,0.005,6.27080819110393e-184,"C12","MarkerC12-138"
3.13547782209222e-188,9.78518714640708,1,0.005,6.27095564418443e-184,"C12","MarkerC12-034"
3.13555155035754e-188,9.95081470070766,1,0.005,6.27110310071508e-184,"C12","MarkerC12-083"
3.13557919890213e-188,9.91166153659931,1,0.005,6.27115839780426e-184,"C12","MarkerC12-078"
3.13558841513777e-188,9.76325927946317,1,0.005,6.27117683027555e-184,"C12","MarkerC12-014"
4.52226296982179e-188,9.70724862226856,1,0.005,9.04452593964358e-184,"C12","MarkerC12-080"
4.52254163431077e-188,10.0263804643059,1,0.005,9.04508326862155e-184,"C12","MarkerC12-140"
4.52259471519943e-188,9.94396443189,1,0.005,9.04518943039886e-184,"C12","MarkerC12-103"
4.52264779670754e-188,9.85656968176097,1,0.005,9.04529559341509e-184,"C12","MarkerC12-023"
4.52275396158312e-188,9.89819559098212,1,0.005,9.04550792316624e-184,"C12","MarkerC12-048"
4.52275396158312e-188,9.82799657194998,1,0.005,9.04550792316624e-184,"C12","MarkerC12-055"
4.52278050319024e-188,9.97360001060235,1,0.004,9.04556100638049e-184,"C12","MarkerC12-062"
4.52278050319024e-188,9.91521351762976,1,0.005,9.04556100638049e-184,"C12","MarkerC12-016"
4.52279377405191e-188,9.86969873784787,1,0.005,9.04558754810382e-184,"C12","MarkerC12-040"
4.52283358686887e-188,9.75607720347822,1,0.005,9.04566717373775e-184,"C12","MarkerC12-098"
4.52286012894085e-188,9.89205828796544,1,0.005,9.0457202578817e-184,"C12","MarkerC12-009"
4.52286012894085e-188,9.73872398139185,1,0.005,9.0457202578817e-184,"C12","MarkerC12-071"
4.52288667116794e-188,9.81721543797669,1,0.005,9.04577334233588e-184,"C12","MarkerC12-082"
4.52288667116794e-188,9.92838521181269,1,0.005,9.04577334233588e-184,"C12","MarkerC12-086"
4.52292648479793e-188,9.7154888618865,1,0.005,9.04585296959586e-184,"C12","MarkerC12-128"
4.52300611310715e-188,9.87635882768572,1,0.005,9.0460122262143e-184,"C12","MarkerC12-101"
4.55361144783011e-188,9.70613542219026,1,0.005,9.10722289566022e-184,"C12","MarkerC12-131"
4.55365153129764e-188,9.79619935781315,1,0.005,9.10730306259529e-184,"C12","MarkerC12-143"
4.55395884954425e-188,9.83420270497361,1,0.005,9.10791769908849e-184,"C12","MarkerC12-088"
4.6164869493892e-188,9.82734965188066,1,0.005,9.2329738987784e-184,"C12","MarkerC12-027"
4.91075658008753e-188,9.82561455337654,1,0.005,9.82151316017506e-184,"C12","MarkerC12-094"
5.08151653097994e-188,9.74408909300149,1,0.005,1.01630330619599e-183,"C12","MarkerC12-072"
5.33120585733038e-188,9.82310584027699,1,0.005,1.06624117146608e-183,"C12","MarkerC12-093"
5.36806031312612e-188,9.82022855709015,1,0.005,1.07361206262522e-183,"C12","MarkerC12-147"
5.59303428869016e-188,9.79719059256638,1,0.005,1.11860685773803e-183,"C12","MarkerC12-090"
6.50976481496812e-188,9.78419707960589,1,0.005,1.30195296299362e-183,"C12","MarkerC12-010"
6.51008898993609e-188,9.78687775277668,1,0.005,1.30201779798722e-183,"C12","MarkerC12-085"
6.51010805955184e-188,9.62022127595693,1,0.006,1.30202161191037e-183,"C12","MarkerC12-113"
6.5101843385728e-188,9.76191345641811,1,0.005,1.30203686771456e-183,"C12","MarkerC12-063"
6.51020340846685e-188,9.90238781457735,1,0.005,1.30204068169337e-183,"C12","MarkerC12-109"
6.51024154842165e-188,9.86529935033851,1,0.005,1.30204830968433e-183,"C12","MarkerC12-100"
6.51024154842165e-188,9.71350518449388,1,0.006,1.30204830968433e-183,"C12","MarkerC12-005"
6.51031782899946e-188,9.65583750047902,1,0.005,1.30206356579989e-183,"C12","MarkerC12-013"
6.51041318097104e-188,10.0601482290456,1,0.004,1.30208263619421e-183,"C12","MarkerC12-008"
6.51047039282179e-188,9.76806623158563,1,0.005,1.30209407856436e-183,"C12","MarkerC12-068"
6.51047039282179e-188,9.88213566832843,1,0.005,1.30209407856436e-183,"C12","MarkerC12-075"
6.51047039282179e-188,9.70838166760898,1,0.005,1.30209407856436e-183,"C12","MarkerC12-124"
6.51054667606905e-188,9.73934247825379,1,0.005,1.30210933521381e-183,"C12","MarkerC12-092"
6.51081367443628e-188,9.89267822227869,1,0.005,1.30216273488726e-183,"C12","MarkerC12-064"
6.51106161124913e-188,9.81716416015352,1,0.005,1.30221232224983e-183,"C12","MarkerC12-105"
6.55441034503142e-188,9.81409595136412,1,0.005,1.31088206900628e-183,"C12","MarkerC12-006"
6.55475593816612e-188,9.79260449708505,1,0.005,1.31095118763322e-183,"C12","MarkerC12-032"
6.55492874153314e-188,9.84605740374545,1,0.005,1.31098574830663e-183,"C12","MarkerC12-148"
6.55510154943548e-188,9.82819364834347,1,0.005,1.3110203098871e-183,"C12","MarkerC12-116"
6.55517835440326e-188,9.74030373283135,1,0.005,1.31103567088065e-183,"C12","MarkerC12-022"
6.59961300767783e-188,9.72016083016953,1,0.005,1.31992260153557e-183,"C12","MarkerC12-030"
6.60009630555571e-188,9.80903257004662,1,0.005,1.32001926111114e-183,"C12","MarkerC12-039"
6.60011563820277e-188,9.82833694132708,1,0.005,1.32002312764055e-183,"C12","MarkerC12-141"
6.6002509683159e-188,9.83884009182216,1,0.005,1.32005019366318e-183,"C12","MarkerC12-053"
6.60036696775483e-188,9.73349782272838,1,0.005,1.32007339355097e-183,"C12","MarkerC12-106"
6.60038630119103e-188,9.59761831977819,1,0.006,1.32007726023821e-183,"C12","MarkerC12-041"
6.64489347643802e-188,9.69774022888967,1,0.006,1.3289786952876e-183,"C12","MarkerC12-102"
6.64541901252253e-188,9.81147959792813,1,0.005,1.32908380250451e-183,"C12","MarkerC12-066"
6.64551633855823e-188,9.75786841699182,1,0.005,1.32910326771165e-183,"C12","MarkerC12-020"
6.69024909734866e-188,9.80585606215636,1,0.005,1.33804981946973e-183,"C12","MarkerC12-070"
6.69038627127495e-188,9.90269084069218,1,0.005,1.33807725425499e-183,"C12","MarkerC12-025"
6.69054304490234e-188,9.8220223926931,1,0.005,1.33810860898047e-183,"C12","MarkerC12-139"
6.73707808221235e-188,9.76566662631856,1,0.005,1.34741561644247e-183,"C12","MarkerC12-073"
6.78280391092264e-188,9.70889156590313,1,0.005,1.35656078218453e-183,"C12","MarkerC12-132"
6.78371783273907e-188,9.83186219681531,1,0.005,1.35674356654781e-183,"C12","MarkerC12-130"
6.8292197646737e-188,9.86107978240357,1,0.005,1.36584395293474e-183,"C12","MarkerC12-097"
6.83017993582834e-188,9.84291395533178,1,0.005,1.36603598716567e-183,"C12","MarkerC12-007"
6.8302399509868e-188,9.82991007017596,1,0.005,1.36604799019736e-183,"C12","MarkerC12-089"
6.8302399509868e-188,9.86970268991976,1,0.005,1.36604799019736e-183,"C12","MarkerC12-111"
6.87661748970674e-188,9.62107258200409,1,0.006,1.37532349794135e-183,"C12","MarkerC12-051"
6.87702031467744e-188,9.72761537396729,1,0.006,1.37540406293549e-183,"C12","MarkerC12-012"
6.97107370543421e-188,9.97422309667703,1,0.004,1.39421474108684e-183,"C12","MarkerC12-095"
6.97109412212606e-188,9.79396323396857,1,0.005,1.39421882442521e-183,"C12","MarkerC12-136"
7.01926976134393e-188,9.74836525729718,1,0.005,1.40385395226879e-183,"C12","MarkerC12-033"
7.04393597437073e-188,9.76780764541755,1,0.005,1.40878719487415e-183,"C12","MarkerC12-065"
7.11618327125039e-188,10.0081326277983,1,0.005,1.42323665425008e-183,"C12","MarkerC12-043"
7.21422198419048e-188,9.83948768248643,1,0.005,1.4428443968381e-183,"C12","MarkerC12-145"
7.21456002557421e-188,9.90741276391642,1,0.004,1.44291200511484e-183,"C12","MarkerC12-004"
7.26358655298213e-188,9.60634182652062,1,0.006,1.45271731059643e-183,"C12","MarkerC12-031"
7.28861932922735e-188,9.72529530343824,1,0.005,1.45772386584547e-183,"C12","MarkerC12-036"
8.32949735655263e-188,9.88358635805177,1,0.005,1.66589947131053e-183,"C12","MarkerC12-029"
9.35185348911197e-188,9.92550111573713,1,0.005,1.87037069782239e-183,"C12","MarkerC12-122"
9.35193553184343e-188,9.91766875857397,1,0.005,1.87038710636869e-183,"C12","MarkerC12-054"
9.3522637099244e-188,9.76060093226052,1,0.005,1.87045274198488e-183,"C12","MarkerC12-125"
9.41546834419442e-188,9.928816801312,1,0.005,1.88309366883888e-183,"C12","MarkerC12-144"
9.41645958602465e-188,9.63676934388833,1,0.005,1.88329191720493e-183,"C12","MarkerC12-015"
9.47984807720679e-188,9.88041202033324,1,0.005,1.89596961544136e-183,"C12","MarkerC12-037"
9.48081835724121e-188,9.60761221277756,1,0.006,1.89616367144824e-183,"C12","MarkerC12-049"
9.54581188085938e-188,9.82203242434307,1,0.005,1.90916237617188e-183,"C12","MarkerC12-018"
9.54634224835925e-188,9.84068678320851,1,0.005,1.90926844967185e-183,"C12","MarkerC12-044"
9.67702386398511e-188,9.73294657317178,1,0.005,1.93540477279702e-183,"C12","MarkerC12-002"
9.6771653454596e-188,9.8133131924067,1,0.005,1.93543306909192e-183,"C12","MarkerC12-042"
9.67787278371138e-188,9.70373341769511,1,0.005,1.93557455674228e-183,"C12","MarkerC12-127"
9.7431044393337e-188,9.84986229241513,1,0.005,1.94862088786674e-183,"C12","MarkerC12-149"
9.81009466599686e-188,9.76093130680814,1,0.005,1.96201893319937e-183,"C12","MarkerC12-059"
9.81038151297776e-188,9.83920042962975,1,0.005,1.96207630259555e-183,"C12","MarkerC12-142"
1.00135748386992e-187,9.91793427654706,1,0.005,2.00271496773984e-183,"C12","MarkerC12-129"
1.00143946516932e-187,9.71520746072296,1,0.005,2.00287893033863e-183,"C12","MarkerC12-087"
1.00824814712633e-187,9.69951559788703,1,0.005,2.01649629425266e-183,"C12","MarkerC12-038"
1.00832479500829e-187,9.74762199959669,1,0.005,2.01664959001657e-183,"C12","MarkerC12-096"
1.02223165308761e-187,9.75542997452604,1,0.005,2.04446330617521e-183,"C12","MarkerC12-118"
1.02918153307628e-187,9.83839910872957,1,0.005,2.05836306615257e-183,"C12","MarkerC12-079"
1.04336960637763e-187,9.87140313895678,1,0.005,2.08673921275525e-183,"C12","MarkerC12-056"
1.05767573743983e-187,9.78822038141189,1,0.005,2.11535147487966e-183,"C12","MarkerC12-146"
1.24634256688247e-187,9.80010831924582,1,0.005,2.49268513376493e-183,"C12","MarkerC12-017"
1.27230576885755e-187,9.83730615397605,1,0.005,2.54461153771509e-183,"C12","MarkerC12-069"
1.30749943027148e-187,9.68013466935695,1,0.005,2.61499886054296e-183,"C12","MarkerC12-076"
1.3406485089629e-187,9.83176593558847,1,0.005,2.6812970179258e-183,"C12","MarkerC12-028"
1.34066025052167e-187,9.66588581666693,1,0.005,2.68132050104334e-183,"C12","MarkerC12-099"
1.34067982001352e-187,10.0150852107345,1,0.005,2.68135964002705e-183,"C12","MarkerC12-026"
1.34977624067346e-187,10.0274922593346,1,0.004,2.69955248134691e-183,"C12","MarkerC12-112"
1.34985111073785e-187,9.88141924547861,1,0.005,2.69970222147571e-183,"C12","MarkerC12-061"
1.35903348988242e-187,9.92602264341306,1,0.005,2.71806697976484e-183,"C12","MarkerC12-110"
1.36836613761223e-187,9.8331579841127,1,0.005,2.73673227522447e-183,"C12","MarkerC12-120"
1.37777486405909e-187,9.83221090938278,1,0.005,2.75554972811818e-183,"C12","MarkerC12-126"
1.39664391139075e-187,9.83414985863136,1,0.005,2.7932878227815e-183,"C12","MarkerC12-108"
1.39677030152107e-187,9.69536212220129,1,0.005,2.79354060304214e-183,"C12","MarkerC12-058"
1.40965368100757e-187,9.77934110892872,1,0.005,2.81930736201514e-183,"C12","MarkerC12-074"
1.43542800239381e-187,9.71227248384631,1,0.005,2.87085600478762e-183,"C12","MarkerC12-091"
1.44530572083618e-187,9.76496865071308,1,0.005,2.89061144167236e-183,"C12","MarkerC12-060"
1.48534844879031e-187,9.87848232796167,1,0.005,2.97069689758062e-183,"C12","MarkerC12-135"
1.50575927282612e-187,9.90773476781549,1,0.005,3.01151854565224e-183,"C12","MarkerC12-021"
1.75617520329252e-187,9.87424793782752,1,0.005,3.51235040658505e-183,"C12","MarkerC12-011"
1.91797292007439e-187,9.69093490334211,1,0.005,3.83594584014878e-183,"C12","MarkerC12-077"
1.92573936784311e-187,9.76576869553524,1,0.005,3.85147873568622e-183,"C12","MarkerC12-117"
1.93096979258708e-187,9.65064087013248,1,0.005,3.86193958517417e-183,"C12","MarkerC12-119"
1.93100355887913e-187,9.7188794052046,1,0.005,3.86200711775826e-183,"C12","MarkerC12-050"
1.95765018531677e-187,9.73415818853872,1,0.005,3.91530037063353e-183,"C12","MarkerC12-057"
1.96422591702895e-187,9.77109108676814,1,0.005,3.9284518340579e-183,"C12","MarkerC12-114"
1.98452527374991e-187,9.74562739900512,1,0.005,3.96905054749982e-183,"C12","MarkerC12-019"
2.01161645266895e-187,10.0631399843058,1,0.004,4.02323290533791e-183,"C12","MarkerC12-003"
2.01174542396242e-187,9.7107000832098,1,0.006,4.02349084792484e-183,"C12","MarkerC12-134"
2.02561898176302e-187,9.65997958873735,1,0.005,4.05123796352605e-183,"C12","MarkerC12-123"
2.11038599658252e-187,9.76408427226779,1,0.005,4.22077199316505e-183,"C12","MarkerC12-046"
2.2906367491897e-187,9.70760959987766,1,0.006,4.58127349837941e-183,"C12","MarkerC12-024"
2.29215248669026e-187,9.91535659324434,1,0.005,4.58430497338052e-183,"C12","MarkerC12-133"
2.51365133065496e-187,9.72682972263052,1,0.005,5.02730266130993e-183,"C12","MarkerC12-150"
2.83306734952633e-187,9.78032489676914,1,0.005,5.66613469905267e-183,"C12","MarkerC12-052"
2.86212096231899e-187,9.75412660457909,1,0.005,5.72424192463797e-183,"C12","MarkerC12-121"
2.87200238315412e-187,9.95817228323239,1,0.004,5.74400476630825e-183,"C12","MarkerC12-035"
4.62592151303198e-187,9.83499187285985,1,0.005,9.25184302606396e-183,"C12","MarkerC12-115"
6.01986605497454e-187,9.79169764711277,1,0.005,1.20397321099491e-182,"C12","MarkerC12-045"
