"p_val","avg_log2FC","pct.1","pct.2","p_val_adj","cluster","gene"
7.31723298263599e-179,10.2283466454661,1,0.003,1.4634465965272e-174,"C01","MarkerC01-035"
7.31728830851153e-179,9.88047891776934,1,0.004,1.46345766170231e-174,"C01","MarkerC01-134"
7.31734363480412e-179,10.8807585709511,1,0.003,1.46346872696082e-174,"C01","MarkerC01-147"
7.31742662502271e-179,9.46775784688089,1,0.005,1.46348532500454e-174,"C01","MarkerC01-094"
7.31750961617841e-179,9.59732521133913,1,0.006,1.46350192323568e-174,"C01","MarkerC01-114"
7.31753728010441e-179,10.6144412647956,1,0.003,1.46350745602088e-174,"C01","MarkerC01-080"
7.31753728010441e-179,9.66681276621649,1,0.006,1.46350745602088e-174,"C01","MarkerC01-003"
7.3175926082705e-179,9.56130744038228,1,0.006,1.4635185216541e-174,"C01","MarkerC01-144"
7.3176479368522e-179,10.1885152788914,1,0.004,1.46352958737044e-174,"C01","MarkerC01-061"
7.31767560129899e-179,10.4751903000293,1,0.003,1.4635351202598e-174,"C01","MarkerC01-083"
7.31767560129899e-179,10.0573622853856,1,0.004,1.4635351202598e-174,"C01","MarkerC01-075"
7.31775859526462e-179,10.2243945370859,1,0.003,1.46355171905292e-174,"C01","MarkerC01-149"
7.31775859526462e-179,9.35445775346256,1,0.006,1.46355171905292e-174,"C01","MarkerC01-030"
7.3179245860059e-179,10.1132760169875,1,0.004,1.46358491720118e-174,"C01","MarkerC01-095"
7.31795225149357e-179,10.6502211408038,1,0.003,1.46359045029871e-174,"C01","MarkerC01-089"
1.17192541952948e-178,9.86800134620527,1,0.005,2.34385083905897e-174,"C01","MarkerC01-140"
1.17194310058147e-178,10.0408676305734,1,0.005,2.34388620116293e-174,"C01","MarkerC01-130"
1.17197846348188e-178,10.1236111756872,1,0.004,2.34395692696376e-174,"C01","MarkerC01-076"
1.17202708920365e-178,10.1380421085346,1,0.004,2.34405417840729e-174,"C01","MarkerC01-018"
1.17203150982342e-178,9.76530893279299,1,0.005,2.34406301964684e-174,"C01","MarkerC01-034"
1.17204919246822e-178,9.68046877647487,1,0.006,2.34409838493645e-174,"C01","MarkerC01-001"
1.17205361317091e-178,9.80499471413995,1,0.005,2.34410722634182e-174,"C01","MarkerC01-014"
1.17205803389013e-178,9.88072407587803,1,0.005,2.34411606778026e-174,"C01","MarkerC01-141"
1.172062454626e-178,10.0468940714574,1,0.005,2.34412490925201e-174,"C01","MarkerC01-105"
1.17206687537841e-178,10.2747403874331,1,0.003,2.34413375075682e-174,"C01","MarkerC01-068"
1.17206687537841e-178,9.34475972611441,1,0.006,2.34413375075682e-174,"C01","MarkerC01-049"
1.17207571693307e-178,10.2941785446063,1,0.003,2.34415143386614e-174,"C01","MarkerC01-079"
1.17208013773544e-178,9.77701013362799,1,0.005,2.34416027547088e-174,"C01","MarkerC01-064"
1.17208013773544e-178,9.75792598865723,1,0.005,2.34416027547088e-174,"C01","MarkerC01-150"
1.1720845585541e-178,9.13189431996979,1,0.006,2.34416911710821e-174,"C01","MarkerC01-118"
1.17211992570203e-178,9.59808024667789,1,0.005,2.34423985140406e-174,"C01","MarkerC01-101"
1.17213318865623e-178,9.47686600125957,1,0.006,2.34426637731246e-174,"C01","MarkerC01-113"
1.17219950566742e-178,10.3565280928157,1,0.004,2.34439901133483e-174,"C01","MarkerC01-077"
1.18119237494286e-178,9.97870650697224,1,0.004,2.36238474988572e-174,"C01","MarkerC01-067"
1.18120128516755e-178,10.4274589070323,1,0.004,2.36240257033509e-174,"C01","MarkerC01-085"
1.18123247148057e-178,10.6141982774654,1,0.003,2.36246494296114e-174,"C01","MarkerC01-056"
1.18127256937269e-178,10.2277818315513,1,0.004,2.36254513874538e-174,"C01","MarkerC01-009"
1.1813037575584e-178,10.692333353693,1,0.003,2.3626075151168e-174,"C01","MarkerC01-060"
1.19046965445424e-178,10.0982554558504,1,0.004,2.38093930890848e-174,"C01","MarkerC01-038"
1.19048312453047e-178,9.91905933942234,1,0.005,2.38096624906094e-174,"C01","MarkerC01-117"
1.19055496749837e-178,10.0902940227213,1,0.004,2.38110993499673e-174,"C01","MarkerC01-145"
1.19055496749837e-178,9.97125773123635,1,0.005,2.38110993499673e-174,"C01","MarkerC01-028"
1.1905684385351e-178,9.58842016212381,1,0.006,2.3811368770702e-174,"C01","MarkerC01-110"
1.19516710247958e-178,9.76099764609499,1,0.006,2.39033420495915e-174,"C01","MarkerC01-012"
1.32784290056021e-178,10.4813870427978,1,0.003,2.65568580112042e-174,"C01","MarkerC01-090"
1.87162568493888e-178,10.1010868692383,1,0.004,3.74325136987775e-174,"C01","MarkerC01-086"
1.87163977119197e-178,9.87941060616502,1,0.005,3.74327954238394e-174,"C01","MarkerC01-142"
1.87168907390975e-178,10.3938817479939,1,0.003,3.7433781478195e-174,"C01","MarkerC01-081"
1.87168907390975e-178,9.93695133172929,1,0.005,3.7433781478195e-174,"C01","MarkerC01-040"
1.87170316063801e-178,10.2659260767438,1,0.003,3.74340632127601e-174,"C01","MarkerC01-087"
1.87170316063801e-178,10.3676719511551,1,0.004,3.74340632127601e-174,"C01","MarkerC01-002"
1.87170316063801e-178,9.7193279691406,1,0.005,3.74340632127601e-174,"C01","MarkerC01-054"
1.87171724747159e-178,10.3875233388679,1,0.004,3.74343449494317e-174,"C01","MarkerC01-091"
1.87173133441048e-178,10.7373793765899,1,0.003,3.74346266882097e-174,"C01","MarkerC01-137"
1.87173133441048e-178,9.84819433447561,1,0.005,3.74346266882097e-174,"C01","MarkerC01-022"
1.87173837791955e-178,9.94798427523453,1,0.005,3.7434767558391e-174,"C01","MarkerC01-046"
1.8717595086052e-178,9.56332258978397,1,0.006,3.7435190172104e-174,"C01","MarkerC01-027"
1.87178768322197e-178,10.2684715269826,1,0.004,3.74357536644393e-174,"C01","MarkerC01-106"
1.87181585826079e-178,9.98363992080796,1,0.005,3.74363171652158e-174,"C01","MarkerC01-135"
1.87182994593829e-178,10.4154649704642,1,0.003,3.74365989187658e-174,"C01","MarkerC01-015"
1.87183698981666e-178,9.88069533052051,1,0.004,3.74367397963331e-174,"C01","MarkerC01-107"
1.87183698981666e-178,9.45565113269783,1,0.006,3.74367397963331e-174,"C01","MarkerC01-139"
1.87185812161003e-178,10.7032956007656,1,0.003,3.74371624322006e-174,"C01","MarkerC01-006"
1.88625917956241e-178,9.72893234391099,1,0.005,3.77251835912483e-174,"C01","MarkerC01-146"
1.88629467005277e-178,9.99625838472217,1,0.004,3.77258934010555e-174,"C01","MarkerC01-103"
1.88632306292339e-178,9.88276758491582,1,0.004,3.77264612584678e-174,"C01","MarkerC01-093"
1.88637984994058e-178,9.62227318135088,1,0.005,3.77275969988117e-174,"C01","MarkerC01-036"
1.90109994252123e-178,9.26750519621773,1,0.007,3.80219988504246e-174,"C01","MarkerC01-025"
1.90115001935057e-178,9.68516422551351,1,0.006,3.80230003870113e-174,"C01","MarkerC01-123"
1.90115717329068e-178,9.53100488145832,1,0.006,3.80231434658136e-174,"C01","MarkerC01-005"
1.90123586839804e-178,9.9751765176131,1,0.004,3.80247173679608e-174,"C01","MarkerC01-051"
1.91597080720031e-178,10.3265081679068,1,0.003,3.83194161440063e-174,"C01","MarkerC01-032"
1.91602848453753e-178,9.48939105634812,1,0.006,3.83205696907507e-174,"C01","MarkerC01-047"
1.91604290414178e-178,9.55885207710065,1,0.006,3.83208580828356e-174,"C01","MarkerC01-119"
1.91607895362503e-178,9.7219983838711,1,0.005,3.83215790725006e-174,"C01","MarkerC01-021"
1.9160861636027e-178,9.76917560107351,1,0.005,3.83217232720539e-174,"C01","MarkerC01-148"
1.91615105461604e-178,9.49244918122956,1,0.005,3.83230210923208e-174,"C01","MarkerC01-138"
1.93092878837541e-178,10.0256592602348,1,0.004,3.86185757675082e-174,"C01","MarkerC01-026"
1.93095058561412e-178,9.57467061271349,1,0.005,3.86190117122823e-174,"C01","MarkerC01-096"
1.93100871278182e-178,9.6617770869559,1,0.006,3.86201742556364e-174,"C01","MarkerC01-033"
1.93106684169071e-178,9.76367331932597,1,0.005,3.86213368338143e-174,"C01","MarkerC01-122"
1.93110317314307e-178,9.7622889504354,1,0.005,3.86220634628614e-174,"C01","MarkerC01-084"
1.96132839000204e-178,9.89966911070672,1,0.004,3.92265678000409e-174,"C01","MarkerC01-121"
1.97654335419585e-178,10.322671893894,1,0.004,3.9530867083917e-174,"C01","MarkerC01-143"
2.04725670523367e-178,9.84573722451179,1,0.005,4.09451341046734e-174,"C01","MarkerC01-020"
2.07122905548738e-178,9.81106712033904,1,0.005,4.14245811097475e-174,"C01","MarkerC01-044"
2.08745255851703e-178,9.39022930146939,1,0.006,4.17490511703406e-174,"C01","MarkerC01-099"
2.14504311474275e-178,10.2060554501361,1,0.004,4.2900862294855e-174,"C01","MarkerC01-073"
2.98029089969436e-178,10.2036537354798,1,0.004,5.96058179938872e-174,"C01","MarkerC01-016"
2.98031327867506e-178,10.4300075959478,1,0.004,5.96062655735011e-174,"C01","MarkerC01-125"
2.98033565782329e-178,9.68835477251033,1,0.005,5.96067131564658e-174,"C01","MarkerC01-108"
2.98035803713845e-178,9.3234103488352,1,0.007,5.96071607427691e-174,"C01","MarkerC01-019"
2.98036922685898e-178,9.46337528290162,1,0.006,5.96073845371795e-174,"C01","MarkerC01-069"
2.98036922685898e-178,9.54308041420786,1,0.007,5.96073845371795e-174,"C01","MarkerC01-055"
2.98041398615855e-178,10.1934586310855,1,0.005,5.96082797231711e-174,"C01","MarkerC01-043"
2.98042517608767e-178,9.67711298390917,1,0.006,5.96085035217534e-174,"C01","MarkerC01-045"
2.98046993622345e-178,9.83378465961485,1,0.005,5.96093987244689e-174,"C01","MarkerC01-011"
2.98048112636176e-178,9.97652341216633,1,0.005,5.96096225272353e-174,"C01","MarkerC01-120"
3.00366734854306e-178,10.1182388505386,1,0.005,6.00733469708612e-174,"C01","MarkerC01-097"
3.02676098707772e-178,9.61519762412636,1,0.005,6.05352197415543e-174,"C01","MarkerC01-048"
3.02704508758213e-178,9.80600436980806,1,0.005,6.05409017516426e-174,"C01","MarkerC01-071"
3.02720419545516e-178,10.1071049922445,1,0.004,6.05440839091033e-174,"C01","MarkerC01-024"
3.02720419545516e-178,9.69578894341446,1,0.005,6.05440839091033e-174,"C01","MarkerC01-072"
3.05071908336638e-178,9.35187441423598,1,0.007,6.10143816673277e-174,"C01","MarkerC01-136"
3.05073053659939e-178,9.64051594796922,1,0.005,6.10146107319878e-174,"C01","MarkerC01-109"
3.07463571286062e-178,10.1793112922187,1,0.004,6.14927142572125e-174,"C01","MarkerC01-111"
3.09846042637186e-178,10.2462416136695,1,0.004,6.19692085274372e-174,"C01","MarkerC01-042"
3.09862327864735e-178,10.0835562681774,1,0.004,6.19724655729469e-174,"C01","MarkerC01-041"
3.09871634091459e-178,10.0186124301218,1,0.005,6.19743268182918e-174,"C01","MarkerC01-124"
3.12286809803423e-178,9.79121661476066,1,0.005,6.24573619606846e-174,"C01","MarkerC01-102"
3.12291499199381e-178,9.82512010428431,1,0.005,6.24582998398762e-174,"C01","MarkerC01-115"
3.19660127556468e-178,9.93443712163334,1,0.005,6.39320255112936e-174,"C01","MarkerC01-131"
3.22161174995406e-178,10.2520645038053,1,0.005,6.44322349990812e-174,"C01","MarkerC01-023"
3.27214685137513e-178,9.48259951367446,1,0.006,6.54429370275027e-174,"C01","MarkerC01-126"
3.40209043970764e-178,9.9445216882227,1,0.004,6.80418087941529e-174,"C01","MarkerC01-129"
3.45540109849322e-178,9.51793447856588,1,0.005,6.91080219698644e-174,"C01","MarkerC01-132"
4.73163778208431e-178,10.4609579700335,1,0.004,9.46327556416863e-174,"C01","MarkerC01-004"
4.7317618545993e-178,9.77471145269721,1,0.005,9.46352370919859e-174,"C01","MarkerC01-057"
4.73181502952565e-178,10.609733088718,1,0.003,9.4636300590513e-174,"C01","MarkerC01-128"
4.75366874606201e-178,9.46107573762212,1,0.006,9.50733749212402e-174,"C01","MarkerC01-052"
4.76844073558991e-178,9.76965127535199,1,0.005,9.53688147117982e-174,"C01","MarkerC01-058"
4.76865508360851e-178,9.57811870500049,1,0.006,9.53731016721702e-174,"C01","MarkerC01-007"
4.84352337473579e-178,9.47866607293371,1,0.006,9.68704674947159e-174,"C01","MarkerC01-013"
4.88092125338049e-178,9.82833235885625,1,0.004,9.76184250676098e-174,"C01","MarkerC01-037"
4.99622009516608e-178,10.3417501053584,1,0.004,9.99244019033217e-174,"C01","MarkerC01-008"
4.9963136611022e-178,10.0188635597989,1,0.005,9.99262732220439e-174,"C01","MarkerC01-116"
4.99644465634188e-178,9.52315904140539,1,0.006,9.99288931268376e-174,"C01","MarkerC01-059"
5.09445718448046e-178,9.47185163995591,1,0.006,1.01889143689609e-173,"C01","MarkerC01-112"
5.1144689797867e-178,9.29563424027534,1,0.007,1.02289379595734e-173,"C01","MarkerC01-078"
5.15412998285754e-178,10.0135590869303,1,0.005,1.03082599657151e-173,"C01","MarkerC01-127"
5.174240240476e-178,10.1655873976559,1,0.004,1.0348480480952e-173,"C01","MarkerC01-082"
5.19423433484635e-178,9.16909895604417,1,0.008,1.03884686696927e-173,"C01","MarkerC01-062"
5.38337873663769e-178,10.0755294748841,1,0.004,1.07667574732754e-173,"C01","MarkerC01-063"
5.44226515405298e-178,9.95407968278397,1,0.005,1.0884530308106e-173,"C01","MarkerC01-074"
7.49055376362326e-178,9.55161745383646,1,0.006,1.49811075272465e-173,"C01","MarkerC01-029"
7.54908828766471e-178,9.7733462126721,1,0.005,1.50981765753294e-173,"C01","MarkerC01-104"
7.60768159364467e-178,9.8611917553301,1,0.005,1.52153631872893e-173,"C01","MarkerC01-050"
7.69661127609551e-178,9.17859421752044,1,0.007,1.5393222552191e-173,"C01","MarkerC01-053"
7.84757071906042e-178,9.4865621878148,1,0.006,1.56951414381208e-173,"C01","MarkerC01-092"
7.97039318256757e-178,9.79412490498246,1,0.005,1.59407863651351e-173,"C01","MarkerC01-010"
7.97042296703523e-178,9.5635346052454,1,0.006,1.59408459340705e-173,"C01","MarkerC01-017"
8.03273262557192e-178,10.0849581746116,1,0.004,1.60654652511439e-173,"C01","MarkerC01-100"
8.15814456742281e-178,9.80750236880599,1,0.005,1.63162891348456e-173,"C01","MarkerC01-088"
8.22228859118789e-178,9.38338893319891,1,0.007,1.64445771823758e-173,"C01","MarkerC01-065"
8.285945515849e-178,9.49957440608995,1,0.006,1.6571891031698e-173,"C01","MarkerC01-070"
9.09551272588795e-178,9.71046375327549,1,0.006,1.81910254517759e-173,"C01","MarkerC01-133"
9.52257372347464e-178,9.86561463010047,1,0.004,1.90451474469493e-173,"C01","MarkerC01-066"
1.23843345277366e-177,9.71642865418263,1,0.006,2.47686690554732e-173,"C01","MarkerC01-039"
1.72889579200267e-177,10.2225908860034,1,0.004,3.45779158400533e-173,"C01","MarkerC01-031"
2.17275649601784e-177,9.37798733448455,1,0.006,4.34551299203567e-173,"C01","MarkerC01-098"
7.31709466976726e-179,9.29237175105576,1,0.007,1.46341893395345e-174,"C02","MarkerC02-098"
7.31720531985379e-179,9.66879076199479,1,0.005,1.46344106397076e-174,"C02","MarkerC02-099"
7.31726064552191e-179,10.3136366108274,1,0.004,1.46345212910438e-174,"C02","MarkerC02-008"
7.31734363480412e-179,10.5449177658132,1,0.004,1.46346872696082e-174,"C02","MarkerC02-082"
7.3173712981071e-179,10.0594032696005,1,0.004,1.46347425962142e-174,"C02","MarkerC02-105"
7.31748195235613e-179,10.2240457575118,1,0.004,1.46349639047123e-174,"C02","MarkerC02-133"
7.31753728010441e-179,9.88965312053336,1,0.005,1.46350745602088e-174,"C02","MarkerC02-067"
7.3175649441356e-179,10.237026171957,1,0.004,1.46351298882712e-174,"C02","MarkerC02-064"
7.3176479368522e-179,9.98789598667781,1,0.005,1.46352958737044e-174,"C02","MarkerC02-063"
7.31767560129899e-179,9.92169082745473,1,0.005,1.4635351202598e-174,"C02","MarkerC02-048"
1.17193868029343e-178,9.9670712560274,1,0.006,2.34387736058687e-174,"C02","MarkerC02-097"
1.17198288391907e-178,9.99898624681504,1,0.005,2.34396576783813e-174,"C02","MarkerC02-094"
1.17199614533031e-178,10.2067362399796,1,0.004,2.34399229066062e-174,"C02","MarkerC02-017"
1.17201382744412e-178,10.1004381785958,1,0.004,2.34402765488824e-174,"C02","MarkerC02-075"
1.17201824801394e-178,9.73080304172364,1,0.005,2.34403649602787e-174,"C02","MarkerC02-042"
1.17203150982342e-178,10.2245735025773,1,0.004,2.34406301964684e-174,"C02","MarkerC02-073"
1.17203150982342e-178,9.91862990133895,1,0.005,2.34406301964684e-174,"C02","MarkerC02-088"
1.17203593045973e-178,9.82432655926481,1,0.004,2.34407186091946e-174,"C02","MarkerC02-023"
1.17203593045973e-178,9.83387940655163,1,0.005,2.34407186091946e-174,"C02","MarkerC02-108"
1.1720403511127e-178,9.49872933658541,1,0.005,2.34408070222539e-174,"C02","MarkerC02-102"
1.17204477178207e-178,10.5877866341535,1,0.003,2.34408954356415e-174,"C02","MarkerC02-066"
1.17205361317091e-178,9.91397689790433,1,0.005,2.34410722634182e-174,"C02","MarkerC02-037"
1.17205803389013e-178,9.77209774763086,1,0.005,2.34411606778026e-174,"C02","MarkerC02-106"
1.17207129614759e-178,10.6157364467834,1,0.003,2.34414259229518e-174,"C02","MarkerC02-052"
1.17207129614759e-178,10.2105045558026,1,0.004,2.34414259229518e-174,"C02","MarkerC02-057"
1.17207571693307e-178,9.66146995647589,1,0.005,2.34415143386614e-174,"C02","MarkerC02-120"
1.17208013773544e-178,9.83175685615504,1,0.004,2.34416027547088e-174,"C02","MarkerC02-091"
1.17209782111015e-178,9.62676899042684,1,0.006,2.34419564222029e-174,"C02","MarkerC02-113"
1.17210224199531e-178,10.0978679791057,1,0.005,2.34420448399062e-174,"C02","MarkerC02-039"
1.17210666289713e-178,10.1857618339743,1,0.003,2.34421332579426e-174,"C02","MarkerC02-140"
1.18119237494286e-178,9.64449411108169,1,0.005,2.36238474988572e-174,"C02","MarkerC02-123"
1.18121465062985e-178,9.19932859906325,1,0.006,2.36242930125969e-174,"C02","MarkerC02-117"
1.18125474791992e-178,9.60101850807992,1,0.006,2.36250949583984e-174,"C02","MarkerC02-027"
1.19046067448767e-178,9.45158584756084,1,0.006,2.38092134897534e-174,"C02","MarkerC02-083"
1.1904876145895e-178,9.72375428816263,1,0.006,2.38097522917901e-174,"C02","MarkerC02-062"
1.19051455529807e-178,9.90830176800069,1,0.005,2.38102911059614e-174,"C02","MarkerC02-049"
1.19978350776258e-178,9.62109872173678,1,0.005,2.39956701552515e-174,"C02","MarkerC02-038"
1.19984686001363e-178,9.48017926871727,1,0.005,2.39969372002725e-174,"C02","MarkerC02-047"
1.19989663911752e-178,9.94903301929037,1,0.004,2.39979327823503e-174,"C02","MarkerC02-130"
1.25734777340513e-178,9.80839316146026,1,0.005,2.51469554681027e-174,"C02","MarkerC02-036"
1.34878495050988e-178,9.63217229177842,1,0.006,2.69756990101975e-174,"C02","MarkerC02-121"
1.34881037847114e-178,9.82071740524589,1,0.005,2.69762075694227e-174,"C02","MarkerC02-107"
1.38066458650766e-178,9.75574176496966,1,0.005,2.76132917301532e-174,"C02","MarkerC02-056"
1.87166794401524e-178,10.1445552811126,1,0.004,3.74333588803048e-174,"C02","MarkerC02-053"
1.87168203058523e-178,9.82948099245025,1,0.004,3.74336406117047e-174,"C02","MarkerC02-137"
1.8717524650169e-178,10.066719172943,1,0.004,3.74350493003381e-174,"C02","MarkerC02-005"
1.8717524650169e-178,9.62043258122193,1,0.005,3.74350493003381e-174,"C02","MarkerC02-119"
1.87176655221977e-178,10.3209249918474,1,0.004,3.74353310443955e-174,"C02","MarkerC02-093"
1.87176655221977e-178,9.99403575319015,1,0.005,3.74353310443955e-174,"C02","MarkerC02-145"
1.87177359586082e-178,10.8416457305003,1,0.003,3.74354719172165e-174,"C02","MarkerC02-021"
1.87179472694206e-178,9.80189858732979,1,0.005,3.74358945388411e-174,"C02","MarkerC02-074"
1.87180881446147e-178,10.0348690824995,1,0.004,3.74361762892294e-174,"C02","MarkerC02-014"
1.87182290208621e-178,9.87901452898511,1,0.005,3.74364580417242e-174,"C02","MarkerC02-007"
1.8718440337215e-178,9.76110012075345,1,0.005,3.74368806744299e-174,"C02","MarkerC02-122"
1.88631596466586e-178,9.99421591903457,1,0.004,3.77263192933172e-174,"C02","MarkerC02-149"
1.88638694843745e-178,9.79950917667519,1,0.005,3.77277389687491e-174,"C02","MarkerC02-033"
1.88639404696081e-178,9.90076052392217,1,0.004,3.77278809392162e-174,"C02","MarkerC02-101"
1.90107848142431e-178,10.2169683380812,1,0.004,3.80215696284862e-174,"C02","MarkerC02-003"
1.9011714812508e-178,9.69089384581667,1,0.006,3.80234296250161e-174,"C02","MarkerC02-086"
1.90124302265965e-178,10.8107161873594,1,0.003,3.8024860453193e-174,"C02","MarkerC02-045"
1.91592755033109e-178,9.66664821438559,1,0.004,3.83185510066218e-174,"C02","MarkerC02-136"
1.9160861636027e-178,10.152753003374,1,0.004,3.83217232720539e-174,"C02","MarkerC02-054"
1.93108864048044e-178,10.5458249789595,1,0.003,3.86217728096088e-174,"C02","MarkerC02-138"
1.93111043951496e-178,10.2519757082359,1,0.003,3.86222087902991e-174,"C02","MarkerC02-131"
1.976625161974e-178,10.0904371982367,1,0.004,3.95325032394801e-174,"C02","MarkerC02-087"
1.9918312381849e-178,9.94840058092717,1,0.005,3.98366247636981e-174,"C02","MarkerC02-118"
2.08751538479775e-178,9.29236891776552,1,0.006,4.17503076959551e-174,"C02","MarkerC02-141"
2.1038188081863e-178,10.0736280344625,1,0.004,4.2076376163726e-174,"C02","MarkerC02-065"
2.10384255207836e-178,9.98509008827495,1,0.005,4.20768510415672e-174,"C02","MarkerC02-058"
2.42050897582714e-178,9.54462665983095,1,0.006,4.84101795165429e-174,"C02","MarkerC02-109"
2.49699119977276e-178,9.9363477348348,1,0.004,4.99398239954553e-174,"C02","MarkerC02-084"
2.98004474194042e-178,9.44856654538998,1,0.007,5.96008948388084e-174,"C02","MarkerC02-114"
2.98021257457819e-178,9.8369253090289,1,0.005,5.96042514915637e-174,"C02","MarkerC02-051"
2.98030208916373e-178,9.70709648098847,1,0.004,5.96060417832746e-174,"C02","MarkerC02-068"
2.98034684746019e-178,9.89490419216632,1,0.005,5.96069369492038e-174,"C02","MarkerC02-089"
2.98036922685898e-178,9.81243724723024,1,0.006,5.96073845371795e-174,"C02","MarkerC02-077"
2.98043636605905e-178,10.146204424017,1,0.004,5.9608727321181e-174,"C02","MarkerC02-069"
2.98044755607209e-178,9.93381890221542,1,0.005,5.96089511214418e-174,"C02","MarkerC02-026"
2.98045874612709e-178,10.2704547820166,1,0.004,5.96091749225418e-174,"C02","MarkerC02-129"
2.98046993622345e-178,10.028006735535,1,0.004,5.96093987244689e-174,"C02","MarkerC02-022"
2.99175413249712e-178,9.64833251263967,1,0.005,5.98350826499424e-174,"C02","MarkerC02-015"
3.00339671273968e-178,9.81062805327426,1,0.005,6.00679342547935e-174,"C02","MarkerC02-112"
3.00362224089051e-178,10.1019944788529,1,0.004,6.00724448178103e-174,"C02","MarkerC02-134"
3.02705645215415e-178,10.1192719182277,1,0.005,6.0541129043083e-174,"C02","MarkerC02-046"
3.02715873521354e-178,9.43242149106836,1,0.006,6.05431747042709e-174,"C02","MarkerC02-148"
3.05058164791325e-178,9.55063816054718,1,0.006,6.1011632958265e-174,"C02","MarkerC02-127"
3.05067327086444e-178,9.59011663021036,1,0.006,6.10134654172888e-174,"C02","MarkerC02-019"
3.07443949186738e-178,9.93416370461951,1,0.005,6.14887898373475e-174,"C02","MarkerC02-096"
3.0745664569697e-178,10.125328262543,1,0.005,6.14913291393939e-174,"C02","MarkerC02-100"
3.0745664569697e-178,9.84810619667785,1,0.005,6.14913291393939e-174,"C02","MarkerC02-111"
3.07463571286062e-178,10.0626884571068,1,0.004,6.14927142572125e-174,"C02","MarkerC02-143"
3.09841389871446e-178,9.25539256485158,1,0.007,6.19682779742893e-174,"C02","MarkerC02-060"
3.09866980943313e-178,10.0450436471548,1,0.004,6.19733961886626e-174,"C02","MarkerC02-001"
3.14699520989518e-178,10.3187868433718,1,0.003,6.29399041979035e-174,"C02","MarkerC02-020"
3.18405530416433e-178,9.31167052683488,1,0.006,6.36811060832867e-174,"C02","MarkerC02-013"
3.1964332868015e-178,9.19971338867013,1,0.007,6.39286657360299e-174,"C02","MarkerC02-010"
3.20887137510262e-178,10.098045435584,1,0.005,6.41774275020523e-174,"C02","MarkerC02-132"
3.34917384063779e-178,9.50049274820688,1,0.005,6.69834768127558e-174,"C02","MarkerC02-071"
3.40170739348243e-178,9.32837670367711,1,0.006,6.80341478696487e-174,"C02","MarkerC02-029"
3.53672315850667e-178,9.88187428208699,1,0.004,7.07344631701335e-174,"C02","MarkerC02-072"
3.53697535385668e-178,9.66909352358005,1,0.005,7.07395070771337e-174,"C02","MarkerC02-085"
3.6063873918767e-178,9.70793895184162,1,0.005,7.21277478375339e-174,"C02","MarkerC02-116"
4.60765539877057e-178,9.84036622602163,1,0.005,9.21531079754115e-174,"C02","MarkerC02-032"
4.7314605412484e-178,9.83536351801622,1,0.005,9.4629210824968e-174,"C02","MarkerC02-034"
4.73160233338826e-178,9.52456940175731,1,0.007,9.46320466677653e-174,"C02","MarkerC02-115"
4.73162005770265e-178,9.71384279908268,1,0.005,9.46324011540531e-174,"C02","MarkerC02-050"
4.73192138116217e-178,9.99146721642302,1,0.006,9.46384276232434e-174,"C02","MarkerC02-009"
4.76851218386422e-178,9.94499967913378,1,0.005,9.53702436772845e-174,"C02","MarkerC02-095"
4.76876226121376e-178,9.45209557760995,1,0.006,9.53752452242752e-174,"C02","MarkerC02-128"
4.80608764037803e-178,9.57152476942947,1,0.005,9.61217528075605e-174,"C02","MarkerC02-150"
4.82457045148196e-178,9.89526338232021,1,0.005,9.64914090296392e-174,"C02","MarkerC02-018"
4.84325124510019e-178,9.80527417717755,1,0.005,9.68650249020039e-174,"C02","MarkerC02-110"
4.84334195328833e-178,10.1459314669076,1,0.004,9.68668390657665e-174,"C02","MarkerC02-146"
4.84337823703661e-178,9.79887220464875,1,0.005,9.68675647407322e-174,"C02","MarkerC02-044"
4.918920740043e-178,9.78007419046748,1,0.006,9.83784148008601e-174,"C02","MarkerC02-147"
4.91919711081965e-178,9.910346112985,1,0.005,9.83839422163929e-174,"C02","MarkerC02-012"
4.91919711081965e-178,9.88660854908653,1,0.005,9.83839422163929e-174,"C02","MarkerC02-070"
4.9767076934733e-178,9.97921659275823,1,0.005,9.9534153869466e-174,"C02","MarkerC02-081"
5.03526696724135e-178,9.70163651064424,1,0.005,1.00705339344827e-173,"C02","MarkerC02-024"
5.03530468517818e-178,10.0067453994563,1,0.004,1.00706093703564e-173,"C02","MarkerC02-144"
5.0744855822714e-178,10.181336196877,1,0.004,1.01489711645428e-173,"C02","MarkerC02-006"
5.09436178519033e-178,9.79722509194159,1,0.005,1.01887235703807e-173,"C02","MarkerC02-035"
5.11421997344105e-178,9.83300743927935,1,0.006,1.02284399468821e-173,"C02","MarkerC02-061"
5.19433159974363e-178,9.41345088498571,1,0.007,1.03886631994873e-173,"C02","MarkerC02-079"
5.31688502447636e-178,9.36224315584978,1,0.007,1.06337700489527e-173,"C02","MarkerC02-125"
5.40018750225131e-178,9.59001876501988,1,0.006,1.08003750045026e-173,"C02","MarkerC02-139"
5.44261161394227e-178,9.83634889349572,1,0.005,1.08852232278845e-173,"C02","MarkerC02-078"
5.70182556537538e-178,9.29105487937515,1,0.007,1.14036511307508e-173,"C02","MarkerC02-055"
5.79128146656519e-178,8.85118243673427,1,0.009,1.15825629331304e-173,"C02","MarkerC02-043"
5.99725541886634e-178,9.34259226872978,1,0.006,1.19945108377327e-173,"C02","MarkerC02-030"
7.49030180747083e-178,9.70130539033146,1,0.006,1.49806036149417e-173,"C02","MarkerC02-040"
7.49044178207018e-178,9.72387505213078,1,0.006,1.49808835641404e-173,"C02","MarkerC02-011"
7.54863687992139e-178,9.83554592606529,1,0.004,1.50972737598428e-173,"C02","MarkerC02-104"
7.60745413887731e-178,9.88212116370394,1,0.005,1.52149082777546e-173,"C02","MarkerC02-126"
7.60748257035255e-178,10.1600059314753,1,0.004,1.52149651407051e-173,"C02","MarkerC02-135"
7.84707218324338e-178,9.49129778320354,1,0.007,1.56941443664868e-173,"C02","MarkerC02-016"
7.84751206615149e-178,9.78660303617425,1,0.005,1.5695024132303e-173,"C02","MarkerC02-092"
7.97006556073254e-178,9.80936907430318,1,0.005,1.59401311214651e-173,"C02","MarkerC02-028"
8.03231240147473e-178,9.76013181419148,1,0.005,1.60646248029495e-173,"C02","MarkerC02-142"
8.15808359911734e-178,10.1103282178503,1,0.004,1.63161671982347e-173,"C02","MarkerC02-041"
8.25396323672607e-178,9.7217144352279,1,0.005,1.65079264734521e-173,"C02","MarkerC02-002"
8.48118401401603e-178,9.60170328693521,1,0.006,1.69623680280321e-173,"C02","MarkerC02-004"
8.5466512129123e-178,9.57501404925596,1,0.006,1.70933024258246e-173,"C02","MarkerC02-059"
8.74844974621581e-178,9.87550257815714,1,0.005,1.74968994924316e-173,"C02","MarkerC02-090"
9.98280281535708e-178,9.55710816390844,1,0.005,1.99656056307142e-173,"C02","MarkerC02-103"
1.18230404966183e-177,9.7385496915324,1,0.007,2.36460809932365e-173,"C02","MarkerC02-031"
1.23847962997319e-177,10.1578535477696,1,0.004,2.47695925994638e-173,"C02","MarkerC02-025"
1.23868283000596e-177,9.58211117101384,1,0.006,2.47736566001193e-173,"C02","MarkerC02-124"
1.3282061519406e-177,9.23900387459383,1,0.007,2.65641230388121e-173,"C02","MarkerC02-076"
2.16420417971561e-177,9.57003326446915,1,0.006,4.32840835943123e-173,"C02","MarkerC02-080"
7.31684571315888e-179,9.73875818245275,1,0.005,1.46336914263178e-174,"C03","MarkerC03-008"
7.31690103612172e-179,10.6378608768745,1,0.002,1.46338020722434e-174,"C03","MarkerC03-065"
7.31690103612172e-179,9.9338453155498,1,0.005,1.46338020722434e-174,"C03","MarkerC03-088"
7.3171223321324e-179,9.61305508626202,1,0.005,1.46342446642648e-174,"C03","MarkerC03-119"
7.31714999460274e-179,9.94903015912151,1,0.004,1.46342999892055e-174,"C03","MarkerC03-041"
7.31717765717604e-179,9.78301121492513,1,0.006,1.46343553143521e-174,"C03","MarkerC03-071"
7.31720531985379e-179,9.83871904918754,1,0.005,1.46344106397076e-174,"C03","MarkerC03-085"
7.31745428863682e-179,9.59598198622745,1,0.005,1.46349085772736e-174,"C03","MarkerC03-138"
7.31750961617841e-179,10.0470098000951,1,0.004,1.46350192323568e-174,"C03","MarkerC03-089"
7.3175649441356e-179,9.81204540491636,1,0.004,1.46351298882712e-174,"C03","MarkerC03-031"
7.31762027250912e-179,9.86698864274609,1,0.004,1.46352405450182e-174,"C03","MarkerC03-092"
7.3176479368522e-179,10.5212860728198,1,0.003,1.46352958737044e-174,"C03","MarkerC03-111"
7.31770326585023e-179,9.7867121709277,1,0.005,1.46354065317005e-174,"C03","MarkerC03-107"
7.31770326585023e-179,9.57432520022831,1,0.006,1.46354065317005e-174,"C03","MarkerC03-137"
7.31781392509536e-179,9.87727807106443,1,0.004,1.46356278501907e-174,"C03","MarkerC03-082"
1.17190773874286e-178,9.4251932293476,1,0.006,2.34381547748571e-174,"C03","MarkerC03-013"
1.17196520226975e-178,10.4606006086609,1,0.004,2.3439304045395e-174,"C03","MarkerC03-116"
1.17198730437279e-178,10.2623445205008,1,0.004,2.34397460874558e-174,"C03","MarkerC03-100"
1.17200056583387e-178,10.2830901166944,1,0.003,2.34400113166775e-174,"C03","MarkerC03-016"
1.17202266860064e-178,10.1224958522265,1,0.004,2.34404533720129e-174,"C03","MarkerC03-075"
1.17202266860064e-178,10.1927394095044,1,0.004,2.34404533720129e-174,"C03","MarkerC03-097"
1.17202266860064e-178,9.66875156851135,1,0.005,2.34404533720129e-174,"C03","MarkerC03-006"
1.17202266860064e-178,9.68282944682472,1,0.005,2.34404533720129e-174,"C03","MarkerC03-078"
1.17202708920365e-178,9.65491936254073,1,0.005,2.34405417840729e-174,"C03","MarkerC03-045"
1.17203150982342e-178,10.6258163856442,1,0.003,2.34406301964684e-174,"C03","MarkerC03-072"
1.17203150982342e-178,10.0600294675998,1,0.005,2.34406301964684e-174,"C03","MarkerC03-148"
1.17204477178207e-178,10.1887807561011,1,0.003,2.34408954356415e-174,"C03","MarkerC03-052"
1.17204919246822e-178,9.8043762884066,1,0.005,2.34409838493645e-174,"C03","MarkerC03-053"
1.17205803389013e-178,10.0491988945862,1,0.004,2.34411606778026e-174,"C03","MarkerC03-050"
1.17205803389013e-178,9.8591573442518,1,0.005,2.34411606778026e-174,"C03","MarkerC03-063"
1.172062454626e-178,10.0437705440109,1,0.004,2.34412490925201e-174,"C03","MarkerC03-130"
1.172062454626e-178,9.9780563556419,1,0.005,2.34412490925201e-174,"C03","MarkerC03-056"
1.17206687537841e-178,10.330407960932,1,0.003,2.34413375075682e-174,"C03","MarkerC03-011"
1.17206687537841e-178,9.63517072026879,1,0.005,2.34413375075682e-174,"C03","MarkerC03-087"
1.17207129614759e-178,9.85980907645102,1,0.005,2.34414259229518e-174,"C03","MarkerC03-134"
1.17207571693307e-178,9.5639615373302,1,0.005,2.34415143386614e-174,"C03","MarkerC03-117"
1.1720845585541e-178,9.43175462598438,1,0.007,2.34416911710821e-174,"C03","MarkerC03-055"
1.17209340024164e-178,10.2496295204081,1,0.004,2.34418680048327e-174,"C03","MarkerC03-066"
1.17210224199531e-178,9.66304344598418,1,0.006,2.34420448399062e-174,"C03","MarkerC03-002"
1.18112555038969e-178,9.95465901657823,1,0.005,2.36225110077938e-174,"C03","MarkerC03-025"
1.18122801624283e-178,10.2261628170643,1,0.003,2.36245603248567e-174,"C03","MarkerC03-010"
1.18123247148057e-178,9.65192355767843,1,0.006,2.36246494296114e-174,"C03","MarkerC03-131"
1.18124138200615e-178,9.41684559163657,1,0.006,2.3624827640123e-174,"C03","MarkerC03-080"
1.1904876145895e-178,9.79258091355853,1,0.005,2.38097522917901e-174,"C03","MarkerC03-123"
1.19049659475832e-178,10.5534519148468,1,0.003,2.38099318951664e-174,"C03","MarkerC03-015"
1.19972468365262e-178,10.3891366605634,1,0.004,2.39944936730524e-174,"C03","MarkerC03-047"
1.2378611044471e-178,10.0438520174887,1,0.005,2.47572220889421e-174,"C03","MarkerC03-032"
1.27712637431104e-178,10.1462970104604,1,0.003,2.55425274862209e-174,"C03","MarkerC03-112"
1.32791800432012e-178,9.52657342564139,1,0.005,2.65583600864023e-174,"C03","MarkerC03-057"
1.8714425732445e-178,9.80221693847888,1,0.005,3.74288514648901e-174,"C03","MarkerC03-035"
1.87156229810402e-178,9.948698037249,1,0.005,3.74312459620805e-174,"C03","MarkerC03-142"
1.87161864185166e-178,9.59643157921163,1,0.006,3.74323728370332e-174,"C03","MarkerC03-024"
1.87164681435841e-178,9.60041794072398,1,0.006,3.74329362871682e-174,"C03","MarkerC03-147"
1.87166794401524e-178,9.96175885223989,1,0.005,3.74333588803048e-174,"C03","MarkerC03-017"
1.87170316063801e-178,9.65506091695226,1,0.005,3.74340632127601e-174,"C03","MarkerC03-076"
1.8717242909277e-178,10.2135832726669,1,0.005,3.74344858185541e-174,"C03","MarkerC03-021"
1.87177359586082e-178,9.4877802010046,1,0.005,3.74354719172165e-174,"C03","MarkerC03-012"
1.87178768322197e-178,9.77190004753749,1,0.005,3.74357536644393e-174,"C03","MarkerC03-093"
1.87179472694206e-178,9.79758906212086,1,0.005,3.74358945388411e-174,"C03","MarkerC03-039"
1.88625208154403e-178,10.0502476478642,1,0.003,3.77250416308806e-174,"C03","MarkerC03-033"
1.88628757190158e-178,8.926126002496,1,0.008,3.77257514380315e-174,"C03","MarkerC03-108"
1.88630886643482e-178,9.5726587142593,1,0.006,3.77261773286964e-174,"C03","MarkerC03-120"
1.88631596466586e-178,10.7431959891368,1,0.002,3.77263192933172e-174,"C03","MarkerC03-026"
1.88638694843745e-178,9.40975908944877,1,0.006,3.77277389687491e-174,"C03","MarkerC03-135"
1.88639404696081e-178,9.84593677739595,1,0.005,3.77278809392162e-174,"C03","MarkerC03-060"
1.88640824408718e-178,9.67646065300394,1,0.005,3.77281648817436e-174,"C03","MarkerC03-136"
1.88647213247209e-178,9.80602693777087,1,0.005,3.77294426494417e-174,"C03","MarkerC03-005"
1.90099979279936e-178,9.89416509865748,1,0.004,3.80199958559873e-174,"C03","MarkerC03-091"
1.91571848916243e-178,9.68768116136011,1,0.006,3.83143697832486e-174,"C03","MarkerC03-140"
1.91587708521187e-178,10.0326391207786,1,0.004,3.83175417042375e-174,"C03","MarkerC03-106"
1.91594917864397e-178,10.0880951474662,1,0.005,3.83189835728793e-174,"C03","MarkerC03-144"
1.93095785141509e-178,9.84329994218935,1,0.005,3.86191570283018e-174,"C03","MarkerC03-145"
1.94608394934469e-178,10.3726876073956,1,0.003,3.89216789868937e-174,"C03","MarkerC03-114"
1.94609859457974e-178,9.7003548611011,1,0.005,3.89219718915948e-174,"C03","MarkerC03-061"
1.94613520814739e-178,9.52953872907662,1,0.005,3.89227041629478e-174,"C03","MarkerC03-042"
1.9461937912815e-178,9.80416944770311,1,0.005,3.892387582563e-174,"C03","MarkerC03-073"
1.96116604088975e-178,10.3644826884327,1,0.004,3.92233208177949e-174,"C03","MarkerC03-150"
1.96131363043917e-178,9.76330924661492,1,0.005,3.92262726087833e-174,"C03","MarkerC03-103"
1.97668466065595e-178,9.61254842321654,1,0.005,3.95336932131191e-174,"C03","MarkerC03-149"
1.99215351899098e-178,10.1966466280343,1,0.004,3.98430703798196e-174,"C03","MarkerC03-034"
2.0232721880467e-178,9.52233240291852,1,0.006,4.0465443760934e-174,"C03","MarkerC03-083"
2.05523973503518e-178,9.73606239204302,1,0.005,4.11047947007036e-174,"C03","MarkerC03-101"
2.10366843639519e-178,10.4806327613565,1,0.003,4.20733687279038e-174,"C03","MarkerC03-077"
2.12033714409121e-178,10.6118041464474,1,0.003,4.24067428818243e-174,"C03","MarkerC03-079"
2.17051828044585e-178,9.500396078054,1,0.006,4.3410365608917e-174,"C03","MarkerC03-028"
2.98035803713845e-178,10.1099810503471,1,0.005,5.96071607427691e-174,"C03","MarkerC03-046"
2.98035803713845e-178,9.71085892313034,1,0.005,5.96071607427691e-174,"C03","MarkerC03-132"
2.98038041662116e-178,9.79231115833625,1,0.005,5.96076083324231e-174,"C03","MarkerC03-090"
2.98048112636176e-178,9.73059254759021,1,0.005,5.96096225272353e-174,"C03","MarkerC03-029"
3.00322757768468e-178,9.46281021552161,1,0.007,6.00645515536936e-174,"C03","MarkerC03-129"
3.00338543677467e-178,9.88419058788667,1,0.006,6.00677087354934e-174,"C03","MarkerC03-143"
3.00358841059351e-178,10.3312836589329,1,0.003,6.00717682118702e-174,"C03","MarkerC03-095"
3.02685189635246e-178,9.65238903732031,1,0.005,6.05370379270492e-174,"C03","MarkerC03-133"
3.02686326020252e-178,10.1828896179,1,0.004,6.05372652040503e-174,"C03","MarkerC03-099"
3.02695417253393e-178,9.78882984768373,1,0.005,6.05390834506786e-174,"C03","MarkerC03-125"
3.02701099412083e-178,9.50903697911351,1,0.006,6.05402198824167e-174,"C03","MarkerC03-141"
3.02713600534781e-178,10.3371136874519,1,0.004,6.05427201069563e-174,"C03","MarkerC03-104"
3.05057019523698e-178,10.2894263419162,1,0.004,6.10114039047397e-174,"C03","MarkerC03-027"
3.0506503648699e-178,9.79871367443191,1,0.005,6.10130072973981e-174,"C03","MarkerC03-102"
3.07463571286062e-178,9.43990663601033,1,0.006,6.14927142572125e-174,"C03","MarkerC03-054"
3.09850695472426e-178,10.008412883349,1,0.004,6.19701390944852e-174,"C03","MarkerC03-098"
3.09858838101434e-178,9.65785416324083,1,0.005,6.19717676202868e-174,"C03","MarkerC03-059"
3.09863491127892e-178,9.87055466991992,1,0.005,6.19726982255783e-174,"C03","MarkerC03-084"
3.09865817667196e-178,9.87127106587426,1,0.005,6.19731635334393e-174,"C03","MarkerC03-014"
3.134890818158e-178,10.1982279020823,1,0.003,6.269781636316e-174,"C03","MarkerC03-036"
3.14706609322136e-178,9.84118503555229,1,0.005,6.29413218644272e-174,"C03","MarkerC03-051"
3.17176091537995e-178,9.17916222521982,1,0.007,6.3435218307599e-174,"C03","MarkerC03-127"
3.17180854171096e-178,9.75405353592085,1,0.006,6.34361708342192e-174,"C03","MarkerC03-001"
3.17192761065185e-178,10.8192354914745,1,0.002,6.34385522130371e-174,"C03","MarkerC03-004"
3.19642128794003e-178,9.81315865682129,1,0.004,6.39284257588006e-174,"C03","MarkerC03-037"
3.19672127291708e-178,9.83774001725418,1,0.004,6.39344254583417e-174,"C03","MarkerC03-023"
3.2720608757697e-178,10.3469544003248,1,0.003,6.54412175153941e-174,"C03","MarkerC03-007"
3.29769814836698e-178,9.97031460221697,1,0.004,6.59539629673397e-174,"C03","MarkerC03-068"
3.32343624693372e-178,9.53926056939725,1,0.006,6.64687249386743e-174,"C03","MarkerC03-048"
4.03699523289204e-178,9.74074611812068,1,0.005,8.07399046578409e-174,"C03","MarkerC03-018"
4.73142509387379e-178,9.67379326730634,1,0.005,9.46285018774758e-174,"C03","MarkerC03-081"
4.73169095562286e-178,10.4543365698562,1,0.004,9.46338191124572e-174,"C03","MarkerC03-110"
4.76822639715806e-178,9.58241953186793,1,0.006,9.53645279431612e-174,"C03","MarkerC03-003"
4.76853004609963e-178,9.86056251666391,1,0.005,9.53706009219926e-174,"C03","MarkerC03-105"
4.8056015945628e-178,10.098171181908,1,0.004,9.6112031891256e-174,"C03","MarkerC03-096"
4.80583561051623e-178,9.54074468065454,1,0.007,9.61167122103246e-174,"C03","MarkerC03-058"
4.84306983379498e-178,9.40221543737121,1,0.005,9.68613966758995e-174,"C03","MarkerC03-118"
4.84334195328833e-178,9.69632805766828,1,0.005,9.68668390657665e-174,"C03","MarkerC03-038"
4.88086640702151e-178,9.87318316144688,1,0.005,9.76173281404301e-174,"C03","MarkerC03-009"
4.8809943828137e-178,9.46114485120742,1,0.006,9.7619887656274e-174,"C03","MarkerC03-128"
4.91893916428039e-178,9.63971868113104,1,0.006,9.83787832856079e-174,"C03","MarkerC03-109"
4.91903128649922e-178,10.1899723473688,1,0.004,9.83806257299845e-174,"C03","MarkerC03-122"
4.97676361412024e-178,9.32827798840422,1,0.007,9.95352722824049e-174,"C03","MarkerC03-126"
4.99605168087481e-178,9.18123909059143,1,0.007,9.99210336174962e-174,"C03","MarkerC03-030"
5.07408648400525e-178,9.4331398254597,1,0.007,1.01481729680105e-173,"C03","MarkerC03-115"
5.07429553158227e-178,9.59409572881557,1,0.006,1.01485910631645e-173,"C03","MarkerC03-086"
5.31694475777338e-178,9.71035381669831,1,0.005,1.06338895155468e-173,"C03","MarkerC03-070"
5.61423325636536e-178,9.63445478765547,1,0.006,1.12284665127307e-173,"C03","MarkerC03-121"
5.97404011705329e-178,9.34830817147566,1,0.007,1.19480802341066e-173,"C03","MarkerC03-074"
7.49049777263809e-178,9.54558766279951,1,0.005,1.49809955452762e-173,"C03","MarkerC03-139"
7.54812907831621e-178,9.25312096320619,1,0.007,1.50962581566324e-173,"C03","MarkerC03-069"
7.60748257035255e-178,10.0885905253425,1,0.004,1.52149651407051e-173,"C03","MarkerC03-020"
7.97003577759478e-178,10.2123639147393,1,0.004,1.59400715551896e-173,"C03","MarkerC03-019"
7.97027404580451e-178,9.66573198168216,1,0.006,1.5940548091609e-173,"C03","MarkerC03-064"
8.15768731618527e-178,9.94010301954177,1,0.005,1.63153746323705e-173,"C03","MarkerC03-146"
8.28582167426338e-178,9.87822514782036,1,0.005,1.65716433485268e-173,"C03","MarkerC03-067"
8.31808264742584e-178,9.89830238801224,1,0.004,1.66361652948517e-173,"C03","MarkerC03-062"
1.06220209032947e-177,9.67012555106649,1,0.005,2.12440418065894e-173,"C03","MarkerC03-043"
1.18228200560067e-177,10.307264907413,1,0.004,2.36456401120134e-173,"C03","MarkerC03-113"
1.18228200560067e-177,9.83668434423925,1,0.005,2.36456401120134e-173,"C03","MarkerC03-022"
1.21016557057854e-177,9.91904338922064,1,0.005,2.42033114115707e-173,"C03","MarkerC03-049"
1.29761111739806e-177,10.1884389021028,1,0.004,2.59522223479612e-173,"C03","MarkerC03-040"
1.50935377276339e-177,9.51552114691765,1,0.006,3.01870754552678e-173,"C03","MarkerC03-124"
1.53908823929785e-177,9.50356465468152,1,0.005,3.0781764785957e-173,"C03","MarkerC03-094"
3.28007646447943e-177,9.44870885122692,1,0.007,6.56015292895887e-173,"C03","MarkerC03-044"
7.3171223321324e-179,10.2855266390124,1,0.004,1.46342446642648e-174,"C04","MarkerC04-080"
7.31714999460274e-179,10.7100242133281,1,0.003,1.46342999892055e-174,"C04","MarkerC04-106"
7.31753728010441e-179,10.2684225344781,1,0.004,1.46350745602088e-174,"C04","MarkerC04-028"
7.31753728010441e-179,10.3762088685977,1,0.004,1.46350745602088e-174,"C04","MarkerC04-130"
7.3175926082705e-179,10.170325513489,1,0.004,1.4635185216541e-174,"C04","MarkerC04-063"
7.3175926082705e-179,10.303323035367,1,0.004,1.4635185216541e-174,"C04","MarkerC04-103"
7.31775859526462e-179,9.97450130720355,1,0.005,1.46355171905292e-174,"C04","MarkerC04-123"
7.31786925534245e-179,9.67014129922147,1,0.006,1.46357385106849e-174,"C04","MarkerC04-011"
7.3179245860059e-179,9.9572609584924,1,0.005,1.46358491720118e-174,"C04","MarkerC04-143"
1.17200498635397e-178,10.1537030216449,1,0.005,2.34400997270794e-174,"C04","MarkerC04-094"
1.17200940689072e-178,10.7397014113237,1,0.003,2.34401881378144e-174,"C04","MarkerC04-046"
1.17204919246822e-178,9.4086448197828,1,0.006,2.34409838493645e-174,"C04","MarkerC04-142"
1.17205361317091e-178,9.58312329819537,1,0.006,2.34410722634182e-174,"C04","MarkerC04-095"
1.17205803389013e-178,9.54988633602119,1,0.006,2.34411606778026e-174,"C04","MarkerC04-079"
1.17207129614759e-178,9.21445486845467,1,0.007,2.34414259229518e-174,"C04","MarkerC04-035"
1.17210224199531e-178,9.14324811722032,1,0.007,2.34420448399062e-174,"C04","MarkerC04-097"
1.18117900973134e-178,9.90038219963853,1,0.005,2.36235801946269e-174,"C04","MarkerC04-133"
1.18122801624283e-178,10.3745688642969,1,0.003,2.36245603248567e-174,"C04","MarkerC04-034"
1.1812681139845e-178,9.72713164914505,1,0.005,2.36253622796901e-174,"C04","MarkerC04-044"
1.18129039109268e-178,10.4494685951773,1,0.003,2.36258078218537e-174,"C04","MarkerC04-149"
1.19046067448767e-178,9.67308991458347,1,0.005,2.38092134897534e-174,"C04","MarkerC04-117"
1.19052802587979e-178,9.92955845519425,1,0.004,2.38105605175959e-174,"C04","MarkerC04-004"
1.19053700635198e-178,9.95835421054933,1,0.005,2.38107401270396e-174,"C04","MarkerC04-021"
1.19054149661326e-178,10.3792116668313,1,0.004,2.38108299322653e-174,"C04","MarkerC04-073"
1.22829371386417e-178,9.42626347958135,1,0.006,2.45658742772833e-174,"C04","MarkerC04-005"
1.25731932411496e-178,10.1626034701678,1,0.004,2.51463864822993e-174,"C04","MarkerC04-119"
1.30736363988345e-178,10.124476873608,1,0.004,2.61472727976689e-174,"C04","MarkerC04-013"
1.87160455575645e-178,10.2056774967764,1,0.004,3.74320911151289e-174,"C04","MarkerC04-031"
1.87161864185166e-178,9.78761776122124,1,0.005,3.74323728370332e-174,"C04","MarkerC04-023"
1.87166090077014e-178,9.65080708225879,1,0.006,3.74332180154028e-174,"C04","MarkerC04-070"
1.87167498728719e-178,10.2071181817258,1,0.004,3.74334997457438e-174,"C04","MarkerC04-121"
1.87171724747159e-178,10.1481061387788,1,0.004,3.74343449494317e-174,"C04","MarkerC04-051"
1.87171724747159e-178,9.96815673595529,1,0.005,3.74343449494317e-174,"C04","MarkerC04-122"
1.87173837791955e-178,10.0750208992481,1,0.004,3.7434767558391e-174,"C04","MarkerC04-037"
1.87174542145527e-178,9.97766746477979,1,0.005,3.74349084291055e-174,"C04","MarkerC04-075"
1.8717524650169e-178,9.72306261988992,1,0.006,3.74350493003381e-174,"C04","MarkerC04-147"
1.87176655221977e-178,9.94979877527279,1,0.005,3.74353310443955e-174,"C04","MarkerC04-114"
1.87178063952816e-178,9.52728116838771,1,0.007,3.74356127905632e-174,"C04","MarkerC04-003"
1.87181585826079e-178,10.0540090146354,1,0.003,3.74363171652158e-174,"C04","MarkerC04-084"
1.87181585826079e-178,10.1495080847199,1,0.004,3.74363171652158e-174,"C04","MarkerC04-017"
1.87185812161003e-178,9.65033316925205,1,0.005,3.74371624322006e-174,"C04","MarkerC04-008"
1.87185812161003e-178,9.85170807760883,1,0.006,3.74371624322006e-174,"C04","MarkerC04-125"
1.87187220960427e-178,10.4245382857421,1,0.004,3.74374441920854e-174,"C04","MarkerC04-043"
1.87192856263588e-178,9.79702387380101,1,0.005,3.74385712527175e-174,"C04","MarkerC04-039"
1.88630176823065e-178,9.70091210312457,1,0.005,3.7726035364613e-174,"C04","MarkerC04-010"
1.88632306292339e-178,10.4414270630432,1,0.003,3.77264612584678e-174,"C04","MarkerC04-001"
1.88635855461005e-178,9.93544112116539,1,0.004,3.7727171092201e-174,"C04","MarkerC04-049"
1.88637275147059e-178,10.1075099913769,1,0.004,3.77274550294117e-174,"C04","MarkerC04-067"
1.88640114551085e-178,10.007240526143,1,0.005,3.77280229102169e-174,"C04","MarkerC04-026"
1.88641534269038e-178,9.67875045706801,1,0.006,3.77283068538077e-174,"C04","MarkerC04-108"
1.88644373736847e-178,10.7209552771087,1,0.003,3.77288747473693e-174,"C04","MarkerC04-045"
1.90107848142431e-178,10.0319034218182,1,0.005,3.80215696284862e-174,"C04","MarkerC04-083"
1.9011714812508e-178,10.177457441053,1,0.004,3.80234296250161e-174,"C04","MarkerC04-145"
1.90122155995568e-178,9.67867569870142,1,0.005,3.80244311991136e-174,"C04","MarkerC04-113"
1.90125733126276e-178,9.40991949158069,1,0.006,3.80251466252553e-174,"C04","MarkerC04-135"
1.91593475974168e-178,10.03858972211,1,0.004,3.83186951948337e-174,"C04","MarkerC04-059"
1.91598522637258e-178,9.73789507785409,1,0.005,3.83197045274516e-174,"C04","MarkerC04-038"
1.91599964565284e-178,9.92909379951917,1,0.004,3.83199929130568e-174,"C04","MarkerC04-141"
1.91602848453753e-178,9.42398569926725,1,0.005,3.83205696907507e-174,"C04","MarkerC04-088"
1.91620152691628e-178,9.62946377377267,1,0.005,3.83240305383256e-174,"C04","MarkerC04-140"
1.93098691489011e-178,9.57670429268215,1,0.005,3.86197382978022e-174,"C04","MarkerC04-024"
1.93102324484584e-178,9.69324649741184,1,0.006,3.86204648969167e-174,"C04","MarkerC04-107"
1.93103051091871e-178,10.0618088339647,1,0.005,3.86206102183741e-174,"C04","MarkerC04-020"
1.93852440050726e-178,9.68708539406683,1,0.006,3.87704880101453e-174,"C04","MarkerC04-137"
1.94601804714399e-178,10.7378988577422,1,0.003,3.89203609428799e-174,"C04","MarkerC04-109"
1.94604733673686e-178,10.2650116929053,1,0.004,3.89209467347371e-174,"C04","MarkerC04-150"
1.96114390341031e-178,9.3652975325767,1,0.006,3.92228780682062e-174,"C04","MarkerC04-136"
1.9766102875818e-178,9.87157584530077,1,0.005,3.95322057516361e-174,"C04","MarkerC04-077"
1.97665491109218e-178,9.89784292758598,1,0.004,3.95330982218437e-174,"C04","MarkerC04-019"
1.97673672346471e-178,9.84139589398658,1,0.005,3.95347344692941e-174,"C04","MarkerC04-050"
1.99227345067578e-178,9.52294925628467,1,0.005,3.98454690135155e-174,"C04","MarkerC04-007"
1.99995204019588e-178,9.90619848868445,1,0.005,3.99990408039176e-174,"C04","MarkerC04-055"
2.07129918721686e-178,9.69396226306413,1,0.005,4.14259837443373e-174,"C04","MarkerC04-018"
2.18744445356446e-178,9.85162298279628,1,0.005,4.37488890712892e-174,"C04","MarkerC04-012"
2.98017900729812e-178,10.1487681457518,1,0.005,5.96035801459625e-174,"C04","MarkerC04-090"
2.98027971026634e-178,10.049328614277,1,0.004,5.96055942053269e-174,"C04","MarkerC04-042"
2.98029089969436e-178,9.51482883210176,1,0.006,5.96058179938872e-174,"C04","MarkerC04-092"
2.98031327867506e-178,9.69235385388096,1,0.006,5.96062655735011e-174,"C04","MarkerC04-036"
2.98033565782329e-178,10.6992039985323,1,0.003,5.96067131564658e-174,"C04","MarkerC04-078"
3.00338543677467e-178,9.95451529565197,1,0.005,6.00677087354934e-174,"C04","MarkerC04-065"
3.00355458067616e-178,8.82878659192191,1,0.008,6.00710916135232e-174,"C04","MarkerC04-076"
3.00357713391241e-178,9.92651414775771,1,0.004,6.00715426782482e-174,"C04","MarkerC04-134"
3.00364479463237e-178,9.53597624984889,1,0.007,6.00728958926473e-174,"C04","MarkerC04-111"
3.00373501128545e-178,9.94474445592033,1,0.005,6.00747002257091e-174,"C04","MarkerC04-068"
3.02705645215415e-178,10.1566855600432,1,0.004,6.0541129043083e-174,"C04","MarkerC04-127"
3.02705645215415e-178,10.0714303679831,1,0.005,6.0541129043083e-174,"C04","MarkerC04-052"
3.05044421862083e-178,9.68829768875341,1,0.005,6.10088843724166e-174,"C04","MarkerC04-112"
3.05069617702983e-178,9.60947908968475,1,0.005,6.10139235405966e-174,"C04","MarkerC04-129"
3.05069617702983e-178,9.34301076337333,1,0.007,6.10139235405966e-174,"C04","MarkerC04-074"
3.05085652498143e-178,9.30504717838682,1,0.007,6.10171304996287e-174,"C04","MarkerC04-054"
3.07461262739115e-178,10.0102100648252,1,0.004,6.1492252547823e-174,"C04","MarkerC04-105"
3.07467034138788e-178,9.49487038659255,1,0.006,6.14934068277577e-174,"C04","MarkerC04-099"
3.09851858692124e-178,9.44352952687121,1,0.005,6.19703717384248e-174,"C04","MarkerC04-027"
3.12266880652335e-178,9.86553312034519,1,0.006,6.24533761304671e-174,"C04","MarkerC04-030"
3.12276258918718e-178,9.61526478013495,1,0.006,6.24552517837436e-174,"C04","MarkerC04-061"
3.12285637465399e-178,10.5613021636205,1,0.003,6.24571274930798e-174,"C04","MarkerC04-086"
3.12286809803423e-178,9.3327637811707,1,0.006,6.24573619606846e-174,"C04","MarkerC04-022"
3.12291499199381e-178,10.3980744536637,1,0.003,6.24582998398762e-174,"C04","MarkerC04-098"
3.12293843923624e-178,9.98251637284538,1,0.004,6.24587687847247e-174,"C04","MarkerC04-016"
3.12296188665386e-178,9.9354400873793,1,0.005,6.24592377330771e-174,"C04","MarkerC04-066"
3.1718680756253e-178,10.1800144381816,1,0.005,6.34373615125061e-174,"C04","MarkerC04-053"
3.24656173672355e-178,9.48338316540893,1,0.006,6.4931234734471e-174,"C04","MarkerC04-064"
3.29748772798102e-178,9.39222858496493,1,0.006,6.59497545596205e-174,"C04","MarkerC04-148"
3.29767339233377e-178,9.55353975350902,1,0.007,6.59534678466753e-174,"C04","MarkerC04-048"
3.34938755105571e-178,9.53177613172082,1,0.005,6.69877510211143e-174,"C04","MarkerC04-071"
3.37559192546701e-178,9.78663698750209,1,0.005,6.75118385093403e-174,"C04","MarkerC04-093"
3.37561726498596e-178,9.88985306708405,1,0.004,6.75123452997193e-174,"C04","MarkerC04-101"
3.40183507078921e-178,9.20033076957713,1,0.007,6.80367014157842e-174,"C04","MarkerC04-009"
4.53686470199079e-178,9.57491404083101,1,0.005,9.07372940398158e-174,"C04","MarkerC04-139"
4.73103519019715e-178,9.36566456823453,1,0.006,9.4620703803943e-174,"C04","MarkerC04-096"
4.73162005770265e-178,9.64512216409512,1,0.006,9.46324011540531e-174,"C04","MarkerC04-081"
4.73170868026786e-178,10.4875741004301,1,0.004,9.46341736053571e-174,"C04","MarkerC04-132"
4.73172640497869e-178,10.4062915449418,1,0.004,9.46345280995738e-174,"C04","MarkerC04-058"
4.73172640497869e-178,9.65594386637448,1,0.005,9.46345280995738e-174,"C04","MarkerC04-062"
4.73174412975631e-178,9.81329406279337,1,0.004,9.46348825951263e-174,"C04","MarkerC04-104"
4.7317618545993e-178,9.84031206261382,1,0.005,9.46352370919859e-174,"C04","MarkerC04-029"
4.76860149570518e-178,9.89339718438032,1,0.005,9.53720299141036e-174,"C04","MarkerC04-082"
4.76874439811344e-178,9.84635278938164,1,0.006,9.53748879622688e-174,"C04","MarkerC04-146"
4.8055655931149e-178,9.27165541101806,1,0.007,9.6111311862298e-174,"C04","MarkerC04-006"
4.8056015945628e-178,9.88883359881136,1,0.005,9.6112031891256e-174,"C04","MarkerC04-102"
4.80579960732367e-178,9.82615009826782,1,0.006,9.61159921464733e-174,"C04","MarkerC04-072"
4.84305169303601e-178,9.99673523949956,1,0.004,9.68610338607202e-174,"C04","MarkerC04-040"
4.88084812503765e-178,9.98791269157828,1,0.004,9.76169625007529e-174,"C04","MarkerC04-087"
4.8809943828137e-178,9.6092788299419,1,0.006,9.7619887656274e-174,"C04","MarkerC04-110"
4.88143318230747e-178,9.53549120206417,1,0.006,9.76286636461495e-174,"C04","MarkerC04-115"
4.91862596157848e-178,9.65690777692759,1,0.006,9.83725192315696e-174,"C04","MarkerC04-025"
4.91921553608745e-178,9.27079922075212,1,0.006,9.8384310721749e-174,"C04","MarkerC04-138"
4.93842881406373e-178,10.3497004896814,1,0.005,9.87685762812745e-174,"C04","MarkerC04-015"
4.9572899689809e-178,9.67887368533102,1,0.005,9.91457993796181e-174,"C04","MarkerC04-014"
4.95756849021057e-178,10.1065424451401,1,0.004,9.91513698042114e-174,"C04","MarkerC04-126"
4.95775417968025e-178,10.1902359678965,1,0.004,9.91550835936049e-174,"C04","MarkerC04-056"
5.07412449201839e-178,9.33547537357718,1,0.007,1.01482489840368e-173,"C04","MarkerC04-116"
5.07444757156658e-178,9.89231888824563,1,0.005,1.01488951431332e-173,"C04","MarkerC04-128"
5.11410505150376e-178,9.76688121784294,1,0.005,1.02282101030075e-173,"C04","MarkerC04-033"
5.52765375293697e-178,9.89455462218507,1,0.005,1.10553075058739e-173,"C04","MarkerC04-002"
5.54880398958813e-178,9.55368471837921,1,0.005,1.10976079791763e-173,"C04","MarkerC04-120"
5.97363755125466e-178,9.40047528456226,1,0.007,1.19472751025093e-173,"C04","MarkerC04-131"
7.6076531614273e-178,9.95443571001947,1,0.005,1.52153063228546e-173,"C04","MarkerC04-089"
7.6664999041134e-178,9.41151663320123,1,0.006,1.53329998082268e-173,"C04","MarkerC04-057"
7.66684373039808e-178,10.0010411260465,1,0.005,1.53336874607962e-173,"C04","MarkerC04-047"
7.72704290415407e-178,9.92468928509022,1,0.005,1.54540858083081e-173,"C04","MarkerC04-118"
7.727187291731e-178,9.23371530526535,1,0.007,1.5454374583462e-173,"C04","MarkerC04-069"
7.84736543578991e-178,9.53092336591878,1,0.006,1.56947308715798e-173,"C04","MarkerC04-144"
7.90824140740316e-178,9.68420882054016,1,0.005,1.58164828148063e-173,"C04","MarkerC04-124"
8.2216127050924e-178,9.89532345135037,1,0.004,1.64432254101848e-173,"C04","MarkerC04-032"
1.18229523198822e-177,10.0946097370976,1,0.005,2.36459046397644e-173,"C04","MarkerC04-060"
1.19146598389017e-177,9.67206966646639,1,0.006,2.38293196778034e-173,"C04","MarkerC04-100"
1.21013398355997e-177,9.54023869657811,1,0.006,2.42026796711994e-173,"C04","MarkerC04-085"
1.94945433672583e-177,10.3518166967494,1,0.004,3.89890867345166e-173,"C04","MarkerC04-091"
2.02630836682085e-177,9.64667611770653,1,0.006,4.0526167336417e-173,"C04","MarkerC04-041"
7.3173159716056e-179,10.3253939478749,1,0.003,1.46346319432112e-174,"C05","MarkerC05-079"
7.31748195235613e-179,9.56061186916044,1,0.005,1.46349639047123e-174,"C05","MarkerC05-080"
7.3175649441356e-179,10.3921471357633,1,0.003,1.46351298882712e-174,"C05","MarkerC05-095"
7.3175649441356e-179,10.0593780986664,1,0.004,1.46351298882712e-174,"C05","MarkerC05-142"
7.3175926082705e-179,9.96077701699194,1,0.004,1.4635185216541e-174,"C05","MarkerC05-008"
7.3175926082705e-179,10.2356874946518,1,0.004,1.4635185216541e-174,"C05","MarkerC05-061"
7.31762027250912e-179,10.5780471668378,1,0.003,1.46352405450182e-174,"C05","MarkerC05-147"
7.3176479368522e-179,9.49007291351633,1,0.006,1.46352958737044e-174,"C05","MarkerC05-133"
7.3177309305052e-179,10.5577626428757,1,0.003,1.46354618610104e-174,"C05","MarkerC05-018"
7.31775859526462e-179,9.81251309684123,1,0.004,1.46355171905292e-174,"C05","MarkerC05-032"
7.31778626012776e-179,10.0346424001413,1,0.005,1.46355725202555e-174,"C05","MarkerC05-040"
7.31789692062194e-179,10.5359729286531,1,0.003,1.46357938412439e-174,"C05","MarkerC05-067"
7.31806291448517e-179,10.0014982936423,1,0.004,1.46361258289703e-174,"C05","MarkerC05-025"
7.31809058049367e-179,9.79155032168896,1,0.005,1.46361811609873e-174,"C05","MarkerC05-146"
7.31814591282183e-179,11.0007803320726,1,0.003,1.46362918256437e-174,"C05","MarkerC05-076"
7.31814591282183e-179,10.4466111113601,1,0.004,1.46362918256437e-174,"C05","MarkerC05-078"
7.31820124556711e-179,9.89490418354029,1,0.005,1.46364024911342e-174,"C05","MarkerC05-021"
7.31833957925028e-179,9.83036853544031,1,0.005,1.46366791585006e-174,"C05","MarkerC05-026"
1.17200940689072e-178,9.39107524709155,1,0.007,2.34401881378144e-174,"C05","MarkerC05-139"
1.17202708920365e-178,9.77022585630256,1,0.005,2.34405417840729e-174,"C05","MarkerC05-106"
1.1720403511127e-178,9.9587440823025,1,0.005,2.34408070222539e-174,"C05","MarkerC05-049"
1.17205361317091e-178,9.41579383337704,1,0.006,2.34410722634182e-174,"C05","MarkerC05-002"
1.17205803389013e-178,9.94329789075885,1,0.004,2.34411606778026e-174,"C05","MarkerC05-128"
1.172062454626e-178,9.81747299539959,1,0.004,2.34412490925201e-174,"C05","MarkerC05-077"
1.172062454626e-178,10.0629281360891,1,0.005,2.34412490925201e-174,"C05","MarkerC05-075"
1.17206687537841e-178,9.9884325294216,1,0.005,2.34413375075682e-174,"C05","MarkerC05-150"
1.17207571693307e-178,10.0515242028428,1,0.004,2.34415143386614e-174,"C05","MarkerC05-126"
1.17207571693307e-178,9.77418996777253,1,0.005,2.34415143386614e-174,"C05","MarkerC05-124"
1.17209340024164e-178,9.48926528532539,1,0.006,2.34418680048327e-174,"C05","MarkerC05-069"
1.17209782111015e-178,9.94698461216667,1,0.004,2.34419564222029e-174,"C05","MarkerC05-121"
1.17210224199531e-178,10.126969679295,1,0.004,2.34420448399062e-174,"C05","MarkerC05-036"
1.17210224199531e-178,10.0239121399221,1,0.005,2.34420448399062e-174,"C05","MarkerC05-081"
1.17211108381548e-178,9.83119718531136,1,0.005,2.34422216763096e-174,"C05","MarkerC05-029"
1.17211550475049e-178,10.701729691844,1,0.004,2.34423100950097e-174,"C05","MarkerC05-017"
1.17211992570203e-178,9.99231262560148,1,0.005,2.34423985140406e-174,"C05","MarkerC05-028"
1.17212876765484e-178,10.2220877261115,1,0.004,2.34425753530968e-174,"C05","MarkerC05-048"
1.17215971501275e-178,9.8677470916523,1,0.005,2.34431943002551e-174,"C05","MarkerC05-129"
1.18118346478507e-178,9.84738594669061,1,0.005,2.36236692957013e-174,"C05","MarkerC05-120"
1.18129930205308e-178,9.95082681363445,1,0.004,2.36259860410617e-174,"C05","MarkerC05-089"
1.19050108486798e-178,10.1452769930031,1,0.003,2.38100216973595e-174,"C05","MarkerC05-045"
1.199860435929e-178,10.0830901911331,1,0.004,2.39972087185799e-174,"C05","MarkerC05-093"
1.20924766830424e-178,9.68557544789921,1,0.005,2.41849533660848e-174,"C05","MarkerC05-085"
1.28705424242675e-178,9.66347720173972,1,0.006,2.5741084848535e-174,"C05","MarkerC05-105"
1.87166794401524e-178,9.9747525691167,1,0.005,3.74333588803048e-174,"C05","MarkerC05-009"
1.87170316063801e-178,9.6020063453018,1,0.005,3.74340632127601e-174,"C05","MarkerC05-109"
1.87171724747159e-178,10.1341434506912,1,0.004,3.74343449494317e-174,"C05","MarkerC05-149"
1.8717242909277e-178,9.6486614332733,1,0.006,3.74344858185541e-174,"C05","MarkerC05-066"
1.87173133441048e-178,10.0901102011051,1,0.005,3.74346266882097e-174,"C05","MarkerC05-034"
1.87173837791955e-178,10.3707352881995,1,0.003,3.7434767558391e-174,"C05","MarkerC05-051"
1.87174542145527e-178,9.29151984516312,1,0.007,3.74349084291055e-174,"C05","MarkerC05-011"
1.8717524650169e-178,9.67897264911733,1,0.006,3.74350493003381e-174,"C05","MarkerC05-145"
1.8717595086052e-178,9.91282925466728,1,0.005,3.7435190172104e-174,"C05","MarkerC05-058"
1.87178768322197e-178,9.49560391748972,1,0.006,3.74357536644393e-174,"C05","MarkerC05-123"
1.87179472694206e-178,9.68688331843242,1,0.005,3.74358945388411e-174,"C05","MarkerC05-144"
1.87180881446147e-178,9.89632151991991,1,0.005,3.74361762892294e-174,"C05","MarkerC05-006"
1.87181585826079e-178,9.56068615188026,1,0.006,3.74363171652158e-174,"C05","MarkerC05-044"
1.87185107765262e-178,9.74819569824502,1,0.005,3.74370215530524e-174,"C05","MarkerC05-119"
1.87188629770384e-178,10.2199973726376,1,0.004,3.74377259540769e-174,"C05","MarkerC05-037"
1.8719074300511e-178,9.92142984792628,1,0.006,3.7438148601022e-174,"C05","MarkerC05-097"
1.88640824408718e-178,9.86590991956107,1,0.005,3.77281648817436e-174,"C05","MarkerC05-005"
1.88645083610449e-178,9.76450893305849,1,0.006,3.77290167220899e-174,"C05","MarkerC05-039"
1.8864579348672e-178,9.92369660034373,1,0.005,3.77291586973441e-174,"C05","MarkerC05-122"
1.88646503365621e-178,10.2037616988841,1,0.003,3.77293006731242e-174,"C05","MarkerC05-055"
1.88646503365621e-178,9.39231493984726,1,0.006,3.77293006731242e-174,"C05","MarkerC05-140"
1.88647213247209e-178,9.77774903129651,1,0.005,3.77294426494417e-174,"C05","MarkerC05-116"
1.88647213247209e-178,9.64704857406529,1,0.007,3.77294426494417e-174,"C05","MarkerC05-041"
1.88647923131426e-178,9.44861782142791,1,0.007,3.77295846262852e-174,"C05","MarkerC05-050"
1.88648633018331e-178,9.34320974039667,1,0.006,3.77297266036662e-174,"C05","MarkerC05-035"
1.88655022119944e-178,9.61014990929255,1,0.006,3.77310044239887e-174,"C05","MarkerC05-033"
1.88656441949553e-178,9.97862721815326,1,0.005,3.77312883899107e-174,"C05","MarkerC05-099"
1.89375767872541e-178,10.1841716279368,1,0.004,3.78751535745082e-174,"C05","MarkerC05-091"
1.90109994252123e-178,10.0587027017004,1,0.005,3.80219988504246e-174,"C05","MarkerC05-092"
1.90111425005271e-178,9.7510868199668,1,0.005,3.80222850010541e-174,"C05","MarkerC05-137"
1.90120725162029e-178,9.65687501389236,1,0.006,3.80241450324058e-174,"C05","MarkerC05-064"
1.90121440577473e-178,9.83216534218325,1,0.005,3.80242881154946e-174,"C05","MarkerC05-073"
1.90122871416351e-178,9.44184363617202,1,0.006,3.80245742832702e-174,"C05","MarkerC05-100"
1.91602848453753e-178,9.7556817410327,1,0.005,3.83205696907507e-174,"C05","MarkerC05-132"
1.91603569432611e-178,9.89613111270366,1,0.004,3.83207138865222e-174,"C05","MarkerC05-030"
1.91605732385402e-178,9.40554097110207,1,0.006,3.83211464770805e-174,"C05","MarkerC05-115"
1.93117583808789e-178,10.1657964640295,1,0.003,3.86235167617579e-174,"C05","MarkerC05-107"
1.94614985376654e-178,9.01938297199311,1,0.008,3.89229970753307e-174,"C05","MarkerC05-143"
1.94623772978346e-178,9.88914355740053,1,0.004,3.89247545956692e-174,"C05","MarkerC05-098"
1.96133576982479e-178,9.88124817262345,1,0.005,3.92267153964957e-174,"C05","MarkerC05-062"
1.97670697312115e-178,9.62942431463578,1,0.005,3.9534139462423e-174,"C05","MarkerC05-074"
1.99220598821934e-178,9.95787504163522,1,0.005,3.98441197643868e-174,"C05","MarkerC05-004"
2.00775838942627e-178,9.66254074104716,1,0.005,4.01551677885255e-174,"C05","MarkerC05-068"
2.00778105177612e-178,9.90681278336782,1,0.005,4.01556210355224e-174,"C05","MarkerC05-023"
2.07139269986512e-178,10.0286078736034,1,0.004,4.14278539973025e-174,"C05","MarkerC05-094"
2.08764104300402e-178,9.70914415390802,1,0.004,4.17528208600803e-174,"C05","MarkerC05-103"
2.55630511967388e-178,9.64691637369496,1,0.005,5.11261023934775e-174,"C05","MarkerC05-043"
2.98005593049035e-178,9.6333199309733,1,0.005,5.9601118609807e-174,"C05","MarkerC05-082"
2.98024614223436e-178,9.77306010610983,1,0.006,5.96049228446872e-174,"C05","MarkerC05-001"
2.98026852088089e-178,9.77736551214792,1,0.005,5.96053704176179e-174,"C05","MarkerC05-101"
2.9803916064253e-178,9.58479086857658,1,0.006,5.96078321285059e-174,"C05","MarkerC05-012"
2.98045874612709e-178,9.25788575344042,1,0.006,5.96091749225418e-174,"C05","MarkerC05-019"
3.00362224089051e-178,10.2268800092414,1,0.005,6.00724448178103e-174,"C05","MarkerC05-127"
3.00371245686915e-178,9.91979784696596,1,0.004,6.00742491373829e-174,"C05","MarkerC05-024"
3.00374628855643e-178,9.74586352016701,1,0.005,6.00749257711286e-174,"C05","MarkerC05-134"
3.02707918142603e-178,10.2346128587912,1,0.004,6.05415836285206e-174,"C05","MarkerC05-031"
3.02715873521354e-178,10.1362377438397,1,0.005,6.05431747042709e-174,"C05","MarkerC05-113"
3.02718146524943e-178,9.61865715674888,1,0.005,6.05436293049886e-174,"C05","MarkerC05-003"
3.02721556062165e-178,9.5024593073655,1,0.005,6.0544311212433e-174,"C05","MarkerC05-096"
3.02721556062165e-178,9.78341360386599,1,0.005,6.0544311212433e-174,"C05","MarkerC05-136"
3.02726102171222e-178,10.0196537540899,1,0.005,6.05452204342445e-174,"C05","MarkerC05-086"
3.0506503648699e-178,9.65527080418727,1,0.005,6.10130072973981e-174,"C05","MarkerC05-020"
3.05073053659939e-178,9.49534874896804,1,0.006,6.10146107319878e-174,"C05","MarkerC05-072"
3.05086797872732e-178,9.59264486531981,1,0.006,6.10173595745465e-174,"C05","MarkerC05-071"
3.09884430607346e-178,9.9190938615299,1,0.004,6.19768861214693e-174,"C05","MarkerC05-014"
3.12263363874701e-178,9.57623987857017,1,0.006,6.24526727749401e-174,"C05","MarkerC05-088"
3.14736145751518e-178,9.3618697028114,1,0.007,6.29472291503035e-174,"C05","MarkerC05-057"
3.1718680756253e-178,9.36488174542042,1,0.007,6.34373615125061e-174,"C05","MarkerC05-053"
3.17187998254159e-178,8.97986919617337,1,0.009,6.34375996508317e-174,"C05","MarkerC05-087"
3.20912433966698e-178,9.80244040907948,1,0.005,6.41824867933396e-174,"C05","MarkerC05-083"
3.27218369875108e-178,10.0874118560777,1,0.005,6.54436739750216e-174,"C05","MarkerC05-056"
3.29785906708905e-178,9.92910282004043,1,0.005,6.59571813417809e-174,"C05","MarkerC05-104"
3.42847500017875e-178,9.51895592468509,1,0.005,6.85695000035751e-174,"C05","MarkerC05-117"
3.48209404491218e-178,9.96209545350015,1,0.004,6.96418808982436e-174,"C05","MarkerC05-110"
4.76840501185226e-178,10.220571479736,1,0.004,9.53681002370451e-174,"C05","MarkerC05-141"
4.76881585091522e-178,9.83152280895322,1,0.006,9.53763170183043e-174,"C05","MarkerC05-052"
4.84317867976663e-178,9.36778571420167,1,0.007,9.68635735953326e-174,"C05","MarkerC05-059"
4.84332381151525e-178,9.40715751043643,1,0.006,9.68664762303051e-174,"C05","MarkerC05-070"
4.91939979254263e-178,9.92417273335886,1,0.005,9.83879958508526e-174,"C05","MarkerC05-015"
4.99648208418095e-178,9.94608902746137,1,0.004,9.9929641683619e-174,"C05","MarkerC05-111"
5.11391352065201e-178,10.0490725119295,1,0.005,1.0227827041304e-173,"C05","MarkerC05-130"
5.11435405228208e-178,9.8349391942884,1,0.005,1.02287081045642e-173,"C05","MarkerC05-102"
5.15440023151722e-178,9.26505275478439,1,0.007,1.03088004630344e-173,"C05","MarkerC05-007"
5.29635989204857e-178,10.0863413593829,1,0.004,1.05927197840971e-173,"C05","MarkerC05-013"
5.31688502447636e-178,9.62879701052301,1,0.005,1.06337700489527e-173,"C05","MarkerC05-022"
5.48499887828032e-178,10.1314424152895,1,0.004,1.09699977565606e-173,"C05","MarkerC05-108"
5.48499887828032e-178,9.43816622606454,1,0.006,1.09699977565606e-173,"C05","MarkerC05-054"
5.52765375293697e-178,9.23769371077387,1,0.006,1.10553075058739e-173,"C05","MarkerC05-084"
5.92794501554814e-178,9.57009958435202,1,0.005,1.18558900310963e-173,"C05","MarkerC05-114"
6.25946818186934e-178,9.64152559788745,1,0.005,1.25189363637387e-173,"C05","MarkerC05-027"
6.30827958996164e-178,9.72561472325972,1,0.005,1.26165591799233e-173,"C05","MarkerC05-131"
7.49007785352661e-178,9.6225340059167,1,0.006,1.49801557070532e-173,"C05","MarkerC05-090"
7.78666650637754e-178,10.1556600378666,1,0.005,1.55733330127551e-173,"C05","MarkerC05-135"
7.90936449064003e-178,9.4490945643608,1,0.007,1.58187289812801e-173,"C05","MarkerC05-046"
7.9705123211028e-178,10.0300562978589,1,0.004,1.59410246422056e-173,"C05","MarkerC05-063"
8.03252251078925e-178,9.96337439576143,1,0.005,1.60650450215785e-173,"C05","MarkerC05-125"
8.09543803611959e-178,9.82121262744025,1,0.005,1.61908760722392e-173,"C05","MarkerC05-065"
8.22148982265012e-178,9.94605842248039,1,0.005,1.64429796453002e-173,"C05","MarkerC05-118"
9.16616109776755e-178,10.2477286619202,1,0.004,1.83323221955351e-173,"C05","MarkerC05-148"
9.82838773496738e-178,9.17885643798576,1,0.007,1.96567754699348e-173,"C05","MarkerC05-112"
1.20084210995356e-177,9.79212934694644,1,0.005,2.40168421990712e-173,"C05","MarkerC05-016"
1.24830437571459e-177,9.90457485759808,1,0.005,2.49660875142917e-173,"C05","MarkerC05-042"
1.27773828151776e-177,9.95934512623748,1,0.004,2.55547656303551e-173,"C05","MarkerC05-138"
1.30774831795881e-177,9.59094020696829,1,0.006,2.61549663591762e-173,"C05","MarkerC05-060"
1.35954191322888e-177,9.61228309516389,1,0.006,2.71908382645776e-173,"C05","MarkerC05-010"
1.46914790908066e-177,9.38340225070184,1,0.006,2.93829581816132e-173,"C05","MarkerC05-038"
2.3477599615435e-177,9.31792676230332,1,0.006,4.69551992308701e-173,"C05","MarkerC05-047"
7.31750961617841e-179,9.89130812139991,1,0.005,1.46350192323568e-174,"C06","MarkerC06-145"
7.3175649441356e-179,10.3625438429032,1,0.003,1.46351298882712e-174,"C06","MarkerC06-044"
7.31767560129899e-179,9.75891973902221,1,0.005,1.4635351202598e-174,"C06","MarkerC06-090"
7.3177309305052e-179,10.0509206428262,1,0.005,1.46354618610104e-174,"C06","MarkerC06-014"
7.31781392509536e-179,10.0847919030229,1,0.005,1.46356278501907e-174,"C06","MarkerC06-123"
7.31786925534245e-179,10.1687130228267,1,0.004,1.46357385106849e-174,"C06","MarkerC06-121"
7.31789692062194e-179,10.3166874070097,1,0.004,1.46357938412439e-174,"C06","MarkerC06-076"
7.31795225149357e-179,9.66443296417498,1,0.006,1.46359045029871e-174,"C06","MarkerC06-053"
7.31797991708496e-179,10.4187884292413,1,0.003,1.46359598341699e-174,"C06","MarkerC06-074"
7.31800758278081e-179,9.63004676381018,1,0.005,1.46360151655616e-174,"C06","MarkerC06-056"
7.31803524858113e-179,9.55904308708471,1,0.006,1.46360704971623e-174,"C06","MarkerC06-117"
1.17202708920365e-178,10.6149391050875,1,0.003,2.34405417840729e-174,"C06","MarkerC06-065"
1.17203593045973e-178,9.792583323985,1,0.005,2.34407186091946e-174,"C06","MarkerC06-023"
1.17206687537841e-178,10.0053134730571,1,0.005,2.34413375075682e-174,"C06","MarkerC06-047"
1.17207129614759e-178,10.5251096457634,1,0.003,2.34414259229518e-174,"C06","MarkerC06-079"
1.17207129614759e-178,10.0430357829405,1,0.004,2.34414259229518e-174,"C06","MarkerC06-097"
1.1720845585541e-178,9.49259631007851,1,0.005,2.34416911710821e-174,"C06","MarkerC06-135"
1.17208897938966e-178,10.028835573335,1,0.005,2.34417795877933e-174,"C06","MarkerC06-043"
1.17209782111015e-178,10.0314772804014,1,0.004,2.34419564222029e-174,"C06","MarkerC06-137"
1.17209782111015e-178,9.36916761831696,1,0.006,2.34419564222029e-174,"C06","MarkerC06-105"
1.17209782111015e-178,9.29668646297172,1,0.006,2.34419564222029e-174,"C06","MarkerC06-129"
1.17211108381548e-178,9.30275974677409,1,0.007,2.34422216763096e-174,"C06","MarkerC06-142"
1.17211992570203e-178,9.91964884041519,1,0.005,2.34423985140406e-174,"C06","MarkerC06-036"
1.17212876765484e-178,10.1790115249691,1,0.005,2.34425753530968e-174,"C06","MarkerC06-082"
1.17215087282749e-178,9.93168894781748,1,0.004,2.34430174565498e-174,"C06","MarkerC06-067"
1.18121910581747e-178,9.87037170153761,1,0.006,2.36243821163495e-174,"C06","MarkerC06-061"
1.18122356102164e-178,10.2009122522002,1,0.003,2.36244712204328e-174,"C06","MarkerC06-049"
1.18122356102164e-178,10.0044017290523,1,0.004,2.36244712204328e-174,"C06","MarkerC06-055"
1.1813037575584e-178,9.59829600749351,1,0.006,2.3626075151168e-174,"C06","MarkerC06-136"
1.18133049094133e-178,9.87656537961705,1,0.005,2.36266098188267e-174,"C06","MarkerC06-030"
1.181348313531e-178,10.8403467371531,1,0.002,2.36269662706199e-174,"C06","MarkerC06-039"
1.19045618452952e-178,10.3322445202559,1,0.004,2.38091236905903e-174,"C06","MarkerC06-078"
1.19051455529807e-178,9.20674396982875,1,0.007,2.38102911059614e-174,"C06","MarkerC06-050"
1.19054598689146e-178,10.0184355059922,1,0.004,2.38109197378293e-174,"C06","MarkerC06-003"
1.19055047718646e-178,10.2573010217019,1,0.004,2.38110095437291e-174,"C06","MarkerC06-012"
1.19055496749837e-178,10.409044174819,1,0.004,2.38110993499673e-174,"C06","MarkerC06-114"
1.19988306279436e-178,9.84249489484094,1,0.005,2.39976612558873e-174,"C06","MarkerC06-094"
1.20454491880109e-178,9.77914347177587,1,0.005,2.40908983760217e-174,"C06","MarkerC06-098"
1.26224689557835e-178,9.46936776880873,1,0.005,2.52449379115671e-174,"C06","MarkerC06-020"
1.8069173790588e-178,9.35958781240756,1,0.006,3.6138347581176e-174,"C06","MarkerC06-042"
1.87163977119197e-178,10.2490394920308,1,0.004,3.74327954238394e-174,"C06","MarkerC06-089"
1.87171020404137e-178,9.2156990129385,1,0.007,3.74342040808274e-174,"C06","MarkerC06-006"
1.87171724747159e-178,9.70521576065751,1,0.005,3.74343449494317e-174,"C06","MarkerC06-025"
1.87178063952816e-178,10.3935496616938,1,0.004,3.74356127905632e-174,"C06","MarkerC06-045"
1.87178063952816e-178,10.2946447600713,1,0.004,3.74356127905632e-174,"C06","MarkerC06-102"
1.87180177068862e-178,9.93813183421363,1,0.005,3.74360354137724e-174,"C06","MarkerC06-109"
1.87180881446147e-178,10.2309331379612,1,0.004,3.74361762892294e-174,"C06","MarkerC06-035"
1.87180881446147e-178,9.90425875389128,1,0.005,3.74361762892294e-174,"C06","MarkerC06-009"
1.87180881446147e-178,9.66009689702849,1,0.006,3.74361762892294e-174,"C06","MarkerC06-128"
1.87182290208621e-178,9.78000982854357,1,0.006,3.74364580417242e-174,"C06","MarkerC06-068"
1.87183698981666e-178,10.3625907101844,1,0.004,3.74367397963331e-174,"C06","MarkerC06-029"
1.8718440337215e-178,10.541529026433,1,0.003,3.74368806744299e-174,"C06","MarkerC06-013"
1.87187220960427e-178,9.94696108688294,1,0.004,3.74374441920854e-174,"C06","MarkerC06-125"
1.87189334179306e-178,9.7383456213769,1,0.005,3.74378668358612e-174,"C06","MarkerC06-027"
1.88637984994058e-178,9.95288134749366,1,0.004,3.77275969988117e-174,"C06","MarkerC06-143"
1.88637984994058e-178,10.1543604365941,1,0.005,3.77275969988117e-174,"C06","MarkerC06-107"
1.88638694843745e-178,9.75205921199233,1,0.005,3.77277389687491e-174,"C06","MarkerC06-028"
1.88641534269038e-178,9.54262075368572,1,0.005,3.77283068538077e-174,"C06","MarkerC06-037"
1.88657151868341e-178,9.90338792322266,1,0.005,3.77314303736683e-174,"C06","MarkerC06-010"
1.90115717329068e-178,10.0195090471245,1,0.005,3.80231434658136e-174,"C06","MarkerC06-048"
1.90118578931828e-178,9.83960174227035,1,0.005,3.80237157863656e-174,"C06","MarkerC06-001"
1.90124302265965e-178,9.91438961020635,1,0.004,3.8024860453193e-174,"C06","MarkerC06-016"
1.91610779369731e-178,10.0796076495353,1,0.004,3.83221558739463e-174,"C06","MarkerC06-108"
1.91610779369731e-178,10.0212134215956,1,0.005,3.83221558739463e-174,"C06","MarkerC06-126"
1.91612221389575e-178,10.0852261125115,1,0.005,3.8322444277915e-174,"C06","MarkerC06-133"
1.9310959067981e-178,9.64398123381931,1,0.005,3.8621918135962e-174,"C06","MarkerC06-005"
1.93110317314307e-178,9.7472908283298,1,0.005,3.86220634628614e-174,"C06","MarkerC06-034"
1.94608394934469e-178,9.42936330247313,1,0.006,3.89216789868937e-174,"C06","MarkerC06-103"
1.94611323992468e-178,9.87000073057562,1,0.005,3.89222647984935e-174,"C06","MarkerC06-041"
1.94611323992468e-178,9.73070216409284,1,0.005,3.89222647984935e-174,"C06","MarkerC06-077"
1.9461278853791e-178,10.2281057226344,1,0.004,3.8922557707582e-174,"C06","MarkerC06-024"
1.94617914533349e-178,9.64558468052576,1,0.006,3.89235829066698e-174,"C06","MarkerC06-130"
1.95378321065563e-178,9.86211348128857,1,0.005,3.90756642131125e-174,"C06","MarkerC06-132"
1.99208606057555e-178,9.90387948024218,1,0.004,3.9841721211511e-174,"C06","MarkerC06-054"
1.99211604181286e-178,9.72132979530751,1,0.004,3.98423208362572e-174,"C06","MarkerC06-080"
1.99228844264154e-178,9.90860564602454,1,0.005,3.98457688528308e-174,"C06","MarkerC06-060"
2.0234168269209e-178,9.53622193935299,1,0.005,4.04683365384179e-174,"C06","MarkerC06-070"
2.12036107394862e-178,9.44603136674869,1,0.005,4.24072214789725e-174,"C06","MarkerC06-040"
2.13689658579141e-178,9.90752921320588,1,0.004,4.27379317158281e-174,"C06","MarkerC06-022"
2.23907702619825e-178,9.75907688441717,1,0.004,4.4781540523965e-174,"C06","MarkerC06-127"
2.40188105216356e-178,9.37702956920534,1,0.007,4.80376210432712e-174,"C06","MarkerC06-004"
2.98042517608767e-178,9.86448157073509,1,0.004,5.96085035217534e-174,"C06","MarkerC06-011"
2.98048112636176e-178,9.49670486791443,1,0.006,5.96096225272353e-174,"C06","MarkerC06-120"
2.98051469702789e-178,9.19480462977865,1,0.007,5.96102939405577e-174,"C06","MarkerC06-101"
3.0037575658697e-178,9.67151048674274,1,0.005,6.00751513173939e-174,"C06","MarkerC06-075"
3.00383650824266e-178,10.270273551861,1,0.004,6.00767301648531e-174,"C06","MarkerC06-099"
3.02717010021048e-178,9.89537275796275,1,0.005,6.05434020042097e-174,"C06","MarkerC06-131"
3.02735194593133e-178,10.0405045309649,1,0.006,6.05470389186266e-174,"C06","MarkerC06-058"
3.05086797872732e-178,10.1813452884265,1,0.004,6.10173595745465e-174,"C06","MarkerC06-092"
3.05086797872732e-178,10.1791925474499,1,0.004,6.10173595745465e-174,"C06","MarkerC06-144"
3.0746587985026e-178,10.8091622295098,1,0.003,6.1493175970052e-174,"C06","MarkerC06-015"
3.0985534837723e-178,9.75016337091377,1,0.005,6.19710696754461e-174,"C06","MarkerC06-046"
3.09863491127892e-178,10.5774569970095,1,0.003,6.19726982255783e-174,"C06","MarkerC06-002"
3.14739690308373e-178,9.81044011748532,1,0.005,6.29479380616747e-174,"C06","MarkerC06-059"
3.17196333220106e-178,10.0769500596938,1,0.004,6.34392666440212e-174,"C06","MarkerC06-146"
3.18422264399592e-178,10.0107370922555,1,0.004,6.36844528799183e-174,"C06","MarkerC06-062"
3.19667327343812e-178,9.62694805184604,1,0.005,6.39334654687625e-174,"C06","MarkerC06-017"
3.19674527292537e-178,10.1593536635314,1,0.005,6.39349054585075e-174,"C06","MarkerC06-071"
3.22155128469935e-178,9.7770305608263,1,0.005,6.44310256939871e-174,"C06","MarkerC06-147"
3.22161174995406e-178,10.0224414296748,1,0.004,6.44322349990812e-174,"C06","MarkerC06-139"
3.22186571635634e-178,10.3191461208365,1,0.003,6.44373143271268e-174,"C06","MarkerC06-064"
3.2720608757697e-178,9.49389342756515,1,0.007,6.54412175153941e-174,"C06","MarkerC06-057"
3.27219598130172e-178,9.7497045257111,1,0.005,6.54439196260343e-174,"C06","MarkerC06-124"
3.27222054654013e-178,9.61180057461043,1,0.006,6.54444109308026e-174,"C06","MarkerC06-086"
3.29769814836698e-178,9.3931273794296,1,0.006,6.59539629673397e-174,"C06","MarkerC06-100"
3.32344872139054e-178,9.72639193090766,1,0.005,6.64689744278108e-174,"C06","MarkerC06-115"
3.34933726503062e-178,9.91877132277695,1,0.004,6.69867453006124e-174,"C06","MarkerC06-096"
3.59254528697962e-178,9.92552899012836,1,0.005,7.18509057395925e-174,"C06","MarkerC06-119"
3.64880918537333e-178,9.48662231154901,1,0.005,7.29761837074666e-174,"C06","MarkerC06-081"
4.73156688495698e-178,9.54538232584723,1,0.005,9.46313376991397e-174,"C06","MarkerC06-008"
4.76886944121526e-178,9.90546801579203,1,0.005,9.53773888243052e-174,"C06","MarkerC06-018"
4.80588961580824e-178,10.4226795381208,1,0.004,9.61177923161647e-174,"C06","MarkerC06-084"
4.80590761770612e-178,9.52270525845191,1,0.006,9.61181523541225e-174,"C06","MarkerC06-148"
4.80601563050438e-178,9.88923370461119,1,0.004,9.61203126100875e-174,"C06","MarkerC06-140"
4.88128691144848e-178,9.42165145480906,1,0.006,9.76257382289697e-174,"C06","MarkerC06-026"
4.9577170412327e-178,9.70536508629659,1,0.005,9.9154340824654e-174,"C06","MarkerC06-104"
4.95773561042124e-178,9.49464265249593,1,0.006,9.91547122084248e-174,"C06","MarkerC06-149"
4.95779131840465e-178,10.1685957043623,1,0.003,9.9155826368093e-174,"C06","MarkerC06-069"
5.05472469536197e-178,9.85599215237943,1,0.005,1.01094493907239e-173,"C06","MarkerC06-091"
5.09434270554548e-178,10.1699567808566,1,0.004,1.0188685411091e-173,"C06","MarkerC06-072"
5.23502283952028e-178,9.54643601099647,1,0.005,1.04700456790406e-173,"C06","MarkerC06-141"
5.79136819908318e-178,9.5123329449844,1,0.007,1.15827363981664e-173,"C06","MarkerC06-063"
5.79143324931896e-178,9.57283855984156,1,0.005,1.15828664986379e-173,"C06","MarkerC06-150"
5.79180188105748e-178,10.0056956741218,1,0.004,1.1583603762115e-173,"C06","MarkerC06-033"
6.55856491676151e-178,10.352232423436,1,0.003,1.3117129833523e-173,"C06","MarkerC06-032"
6.81812977427443e-178,9.53447937181406,1,0.006,1.36362595485489e-173,"C06","MarkerC06-021"
7.54872151682775e-178,9.50974532579737,1,0.005,1.50974430336555e-173,"C06","MarkerC06-113"
7.66698699587801e-178,9.67776521579127,1,0.005,1.5333973991756e-173,"C06","MarkerC06-085"
7.72626325762577e-178,9.65722467547313,1,0.005,1.54525265152515e-173,"C06","MarkerC06-088"
7.72678301327999e-178,9.10335747023872,1,0.008,1.545356602656e-173,"C06","MarkerC06-052"
7.78114112544983e-178,9.26509600343374,1,0.007,1.55622822508997e-173,"C06","MarkerC06-116"
7.78695750702723e-178,9.45745375567719,1,0.006,1.55739150140545e-173,"C06","MarkerC06-134"
7.78698660768849e-178,9.61977747988143,1,0.006,1.5573973215377e-173,"C06","MarkerC06-038"
8.09459106551e-178,9.50012520226347,1,0.007,1.618918213102e-173,"C06","MarkerC06-019"
8.09561954129369e-178,9.5666329242674,1,0.006,1.61912390825874e-173,"C06","MarkerC06-095"
8.15229699576516e-178,9.72612393573767,1,0.005,1.63045939915303e-173,"C06","MarkerC06-051"
8.15817505174537e-178,9.46468773057012,1,0.007,1.63163501034907e-173,"C06","MarkerC06-093"
8.4155259036542e-178,9.58361765230345,1,0.005,1.68310518073084e-173,"C06","MarkerC06-031"
8.74884196782292e-178,9.55202529370642,1,0.005,1.74976839356458e-173,"C06","MarkerC06-111"
9.60332472796151e-178,10.2946472397373,1,0.003,1.9206649455923e-173,"C06","MarkerC06-106"
9.60336059800234e-178,9.75371669449869,1,0.005,1.92067211960047e-173,"C06","MarkerC06-087"
9.75307882075247e-178,9.72955492090786,1,0.005,1.95061576415049e-173,"C06","MarkerC06-112"
9.791374058285e-178,9.45437659270487,1,0.006,1.958274811657e-173,"C06","MarkerC06-066"
1.21957951991547e-177,9.50247251750785,1,0.005,2.43915903983094e-173,"C06","MarkerC06-118"
1.21965682995173e-177,9.23235288327701,1,0.008,2.43931365990347e-173,"C06","MarkerC06-138"
1.23865511895728e-177,9.36264615013599,1,0.007,2.47731023791457e-173,"C06","MarkerC06-083"
1.4023298431141e-177,10.0139170804859,1,0.004,2.80465968622819e-173,"C06","MarkerC06-110"
1.6248617208295e-177,9.5872567414214,1,0.005,3.24972344165899e-173,"C06","MarkerC06-122"
1.74233903681894e-177,9.45497467582894,1,0.006,3.48467807363789e-173,"C06","MarkerC06-073"
2.05814790803178e-177,9.32258126234678,1,0.006,4.11629581606355e-173,"C06","MarkerC06-007"
7.31673506848359e-179,10.321711977507,1,0.004,1.46334701369672e-174,"C07","MarkerC07-090"
7.31695635949937e-179,10.2217395982329,1,0.004,1.46339127189987e-174,"C07","MarkerC07-014"
7.3173159716056e-179,9.73856548973267,1,0.005,1.46346319432112e-174,"C07","MarkerC07-085"
7.31742662502271e-179,10.4824675442797,1,0.004,1.46348532500454e-174,"C07","MarkerC07-099"
7.3175649441356e-179,10.2024962100593,1,0.004,1.46351298882712e-174,"C07","MarkerC07-145"
7.3175926082705e-179,10.5045438377551,1,0.003,1.4635185216541e-174,"C07","MarkerC07-023"
7.3175926082705e-179,9.93833473235452,1,0.003,1.4635185216541e-174,"C07","MarkerC07-036"
7.31767560129899e-179,9.97921062475167,1,0.004,1.4635351202598e-174,"C07","MarkerC07-093"
7.31795225149357e-179,10.1384781705755,1,0.004,1.46359045029871e-174,"C07","MarkerC07-148"
1.17196962265722e-178,10.5041805640126,1,0.004,2.34393924531444e-174,"C07","MarkerC07-072"
1.1720403511127e-178,9.89583368449001,1,0.005,2.34408070222539e-174,"C07","MarkerC07-107"
1.17204477178207e-178,10.1174073150669,1,0.004,2.34408954356415e-174,"C07","MarkerC07-052"
1.17204919246822e-178,9.72546774481719,1,0.005,2.34409838493645e-174,"C07","MarkerC07-026"
1.172062454626e-178,10.0621478615556,1,0.005,2.34412490925201e-174,"C07","MarkerC07-121"
1.17206687537841e-178,9.83916276694523,1,0.004,2.34413375075682e-174,"C07","MarkerC07-150"
1.17207129614759e-178,9.94044483843588,1,0.005,2.34414259229518e-174,"C07","MarkerC07-017"
1.1720845585541e-178,10.6264560125969,1,0.003,2.34416911710821e-174,"C07","MarkerC07-035"
1.1720845585541e-178,10.1738874707031,1,0.004,2.34416911710821e-174,"C07","MarkerC07-081"
1.17209340024164e-178,10.0063868573765,1,0.005,2.34418680048327e-174,"C07","MarkerC07-019"
1.17210224199531e-178,9.89281285140172,1,0.004,2.34420448399062e-174,"C07","MarkerC07-018"
1.17211550475049e-178,10.0015618714616,1,0.004,2.34423100950097e-174,"C07","MarkerC07-013"
1.17212434667011e-178,9.61792284691849,1,0.005,2.34424869334022e-174,"C07","MarkerC07-110"
1.17212876765484e-178,10.164008916114,1,0.004,2.34425753530968e-174,"C07","MarkerC07-050"
1.18116564467015e-178,9.60273993666949,1,0.006,2.3623312893403e-174,"C07","MarkerC07-111"
1.18125029259875e-178,9.60119094052377,1,0.005,2.3625005851975e-174,"C07","MarkerC07-006"
1.19047414446266e-178,9.71965642932987,1,0.005,2.38094828892531e-174,"C07","MarkerC07-016"
1.19051006513791e-178,10.3021343848381,1,0.003,2.38102013027582e-174,"C07","MarkerC07-133"
1.19977445771262e-178,10.12439213927,1,0.004,2.39954891542524e-174,"C07","MarkerC07-102"
1.19980613318437e-178,9.53917936378227,1,0.006,2.39961226636875e-174,"C07","MarkerC07-096"
1.199860435929e-178,10.3090330707158,1,0.003,2.39972087185799e-174,"C07","MarkerC07-094"
1.20916101908547e-178,9.98913044565325,1,0.004,2.41832203817093e-174,"C07","MarkerC07-048"
1.20918838132914e-178,9.82355562924687,1,0.005,2.41837676265828e-174,"C07","MarkerC07-029"
1.21861633068829e-178,9.63662756880128,1,0.005,2.43723266137659e-174,"C07","MarkerC07-002"
1.21865769444439e-178,9.70189368167447,1,0.005,2.43731538888877e-174,"C07","MarkerC07-020"
1.21871284829234e-178,9.84369449400697,1,0.004,2.43742569658468e-174,"C07","MarkerC07-114"
1.21874961890432e-178,9.70367834035739,1,0.005,2.43749923780865e-174,"C07","MarkerC07-106"
1.27212159920623e-178,9.28389163312553,1,0.007,2.54424319841247e-174,"C07","MarkerC07-139"
1.87154116963403e-178,10.2644487670996,1,0.004,3.74308233926805e-174,"C07","MarkerC07-056"
1.87166794401524e-178,10.4994341934266,1,0.004,3.74333588803048e-174,"C07","MarkerC07-031"
1.87167498728719e-178,9.8379177224199,1,0.005,3.74334997457438e-174,"C07","MarkerC07-046"
1.87167498728719e-178,9.62880881965979,1,0.006,3.74334997457438e-174,"C07","MarkerC07-065"
1.87168907390975e-178,9.99388409404672,1,0.005,3.7433781478195e-174,"C07","MarkerC07-030"
1.87170316063801e-178,10.2540374083925,1,0.003,3.74340632127601e-174,"C07","MarkerC07-074"
1.87171020404137e-178,9.4203298771435,1,0.006,3.74342040808274e-174,"C07","MarkerC07-039"
1.87173837791955e-178,9.72332754151677,1,0.005,3.7434767558391e-174,"C07","MarkerC07-027"
1.87174542145527e-178,9.7939407935466,1,0.005,3.74349084291055e-174,"C07","MarkerC07-063"
1.8717524650169e-178,10.1437465866893,1,0.004,3.74350493003381e-174,"C07","MarkerC07-097"
1.8717524650169e-178,10.1411452139469,1,0.005,3.74350493003381e-174,"C07","MarkerC07-129"
1.87176655221977e-178,10.0539383227976,1,0.004,3.74353310443955e-174,"C07","MarkerC07-130"
1.87177359586082e-178,9.76915734945202,1,0.005,3.74354719172165e-174,"C07","MarkerC07-075"
1.87180881446147e-178,10.1688126217779,1,0.004,3.74361762892294e-174,"C07","MarkerC07-041"
1.87180881446147e-178,10.1485918551728,1,0.005,3.74361762892294e-174,"C07","MarkerC07-105"
1.87185107765262e-178,10.1312927405576,1,0.004,3.74370215530524e-174,"C07","MarkerC07-034"
1.87191447421955e-178,10.1872038134542,1,0.004,3.7438289484391e-174,"C07","MarkerC07-142"
1.88637275147059e-178,10.1223611596474,1,0.004,3.77274550294117e-174,"C07","MarkerC07-060"
1.88639404696081e-178,9.74369574161718,1,0.005,3.77278809392162e-174,"C07","MarkerC07-070"
1.88640114551085e-178,10.4500153694004,1,0.003,3.77280229102169e-174,"C07","MarkerC07-137"
1.88652892395501e-178,9.51810674930947,1,0.006,3.77305784791003e-174,"C07","MarkerC07-037"
1.90109994252123e-178,10.1745058526383,1,0.004,3.80219988504246e-174,"C07","MarkerC07-011"
1.90109994252123e-178,9.84721887607734,1,0.006,3.80219988504246e-174,"C07","MarkerC07-080"
1.90123586839804e-178,9.9061596016743,1,0.004,3.80247173679608e-174,"C07","MarkerC07-059"
1.90125017694776e-178,9.79335882622783,1,0.005,3.80250035389553e-174,"C07","MarkerC07-127"
1.91589150368239e-178,10.4280826815494,1,0.004,3.83178300736478e-174,"C07","MarkerC07-112"
1.9159203409472e-178,9.60333861215294,1,0.006,3.8318406818944e-174,"C07","MarkerC07-009"
1.91610058363894e-178,9.44008449844988,1,0.007,3.83220116727787e-174,"C07","MarkerC07-140"
1.93095058561412e-178,9.92839572385908,1,0.004,3.86190117122823e-174,"C07","MarkerC07-087"
1.93100871278182e-178,9.37303702050567,1,0.006,3.86201742556364e-174,"C07","MarkerC07-086"
1.93105230930019e-178,9.70067439341581,1,0.005,3.86210461860037e-174,"C07","MarkerC07-134"
1.9461278853791e-178,10.0786791921697,1,0.004,3.8922557707582e-174,"C07","MarkerC07-003"
1.9461425309432e-178,10.0842218515037,1,0.004,3.89228506188641e-174,"C07","MarkerC07-149"
1.94620111429649e-178,10.4480529075093,1,0.003,3.89240222859298e-174,"C07","MarkerC07-144"
1.96140956957319e-178,9.83750657805262,1,0.004,3.92281913914639e-174,"C07","MarkerC07-038"
1.99224346708106e-178,10.4196405842793,1,0.003,3.98448693416212e-174,"C07","MarkerC07-032"
2.08741329304681e-178,9.88309645568179,1,0.004,4.17482658609362e-174,"C07","MarkerC07-132"
2.08749182472199e-178,9.8814714043301,1,0.004,4.17498364944398e-174,"C07","MarkerC07-083"
2.1368644311669e-178,9.95276012969762,1,0.004,4.2737288623338e-174,"C07","MarkerC07-007"
2.98022376375475e-178,9.77790616584706,1,0.005,5.9604475275095e-174,"C07","MarkerC07-054"
2.98027971026634e-178,9.82898648569236,1,0.004,5.96055942053269e-174,"C07","MarkerC07-045"
2.98029089969436e-178,10.0156806651296,1,0.005,5.96058179938872e-174,"C07","MarkerC07-069"
2.98046993622345e-178,9.68162867132887,1,0.007,5.96093987244689e-174,"C07","MarkerC07-115"
2.99190015701472e-178,10.2352425948413,1,0.004,5.98380031402945e-174,"C07","MarkerC07-120"
3.00338543677467e-178,10.0076743899089,1,0.005,6.00677087354934e-174,"C07","MarkerC07-001"
3.00350947470864e-178,9.78103269132636,1,0.006,6.00701894941728e-174,"C07","MarkerC07-044"
3.00358841059351e-178,10.4603564495257,1,0.004,6.00717682118702e-174,"C07","MarkerC07-068"
3.00368990262168e-178,9.57470815737065,1,0.005,6.00737980524336e-174,"C07","MarkerC07-125"
3.00374628855643e-178,9.83072348811083,1,0.004,6.00749257711286e-174,"C07","MarkerC07-118"
3.02710191086745e-178,9.97856541171032,1,0.004,6.05420382173491e-174,"C07","MarkerC07-095"
3.02715873521354e-178,9.55622672401537,1,0.006,6.05431747042709e-174,"C07","MarkerC07-113"
3.02723829108186e-178,9.42884865304195,1,0.007,6.05447658216371e-174,"C07","MarkerC07-122"
3.05067327086444e-178,9.72922590050935,1,0.005,6.10134654172888e-174,"C07","MarkerC07-136"
3.07419711843284e-178,9.6042944481609,1,0.006,6.14839423686568e-174,"C07","MarkerC07-135"
3.07449720263061e-178,9.71264708647356,1,0.005,6.14899440526121e-174,"C07","MarkerC07-067"
3.07460108472071e-178,9.67323168529321,1,0.006,6.14920216944142e-174,"C07","MarkerC07-028"
3.07460108472071e-178,9.56028391158124,1,0.006,6.14920216944142e-174,"C07","MarkerC07-077"
3.07461262739115e-178,9.90534428534015,1,0.005,6.1492252547823e-174,"C07","MarkerC07-076"
3.07477422929969e-178,9.47405841831255,1,0.006,6.14954845859938e-174,"C07","MarkerC07-091"
3.09870470797927e-178,9.41040183382091,1,0.007,6.19740941595854e-174,"C07","MarkerC07-025"
3.12245780577604e-178,9.9084603731163,1,0.005,6.24491561155209e-174,"C07","MarkerC07-119"
3.12265708388718e-178,9.6648039600374,1,0.006,6.24531416777436e-174,"C07","MarkerC07-124"
3.14731419737453e-178,8.9706633719653,1,0.008,6.29462839474905e-174,"C07","MarkerC07-064"
3.17184426192635e-178,10.178458510338,1,0.003,6.34368852385269e-174,"C07","MarkerC07-047"
3.1718680756253e-178,9.90606345803369,1,0.004,6.34373615125061e-174,"C07","MarkerC07-082"
3.17189188950251e-178,10.0003360096589,1,0.005,6.34378377900502e-174,"C07","MarkerC07-040"
3.19672127291708e-178,10.4129221037581,1,0.003,6.39344254583417e-174,"C07","MarkerC07-021"
3.24648861799833e-178,9.36802055034752,1,0.006,6.49297723599666e-174,"C07","MarkerC07-071"
3.27213456900803e-178,9.79564098624192,1,0.005,6.54426913801605e-174,"C07","MarkerC07-100"
3.31055464173675e-178,9.24060972459926,1,0.007,6.6211092834735e-174,"C07","MarkerC07-104"
3.32343624693372e-178,9.28559620483466,1,0.007,6.64687249386743e-174,"C07","MarkerC07-098"
3.34958870266823e-178,10.0381875886916,1,0.004,6.69917740533646e-174,"C07","MarkerC07-022"
3.37556658613702e-178,10.2396996016783,1,0.004,6.75113317227405e-174,"C07","MarkerC07-101"
3.46863730781005e-178,9.6061738088331,1,0.006,6.9372746156201e-174,"C07","MarkerC07-008"
3.62051373174807e-178,9.90913228812314,1,0.005,7.24102746349613e-174,"C07","MarkerC07-055"
4.10033372663944e-178,9.47915454326695,1,0.006,8.20066745327888e-174,"C07","MarkerC07-141"
4.73137192330776e-178,9.62060777357508,1,0.005,9.46274384661551e-174,"C07","MarkerC07-147"
4.73140737028547e-178,9.74854099798076,1,0.006,9.46281474057094e-174,"C07","MarkerC07-024"
4.73158460913923e-178,10.0121228269126,1,0.004,9.46316921827846e-174,"C07","MarkerC07-109"
4.80583561051623e-178,9.72032068783266,1,0.006,9.61167122103246e-174,"C07","MarkerC07-015"
4.80594362170395e-178,9.48623078501857,1,0.006,9.61188724340789e-174,"C07","MarkerC07-049"
4.80596162380339e-178,9.49977861054284,1,0.007,9.61192324760679e-174,"C07","MarkerC07-138"
4.84317867976663e-178,9.73835960766623,1,0.005,9.68635735953326e-174,"C07","MarkerC07-131"
4.88132347875431e-178,9.80907251817871,1,0.005,9.76264695750862e-174,"C07","MarkerC07-012"
4.89970985423324e-178,9.36567605306628,1,0.008,9.79941970846648e-174,"C07","MarkerC07-116"
4.918920740043e-178,9.43884907203378,1,0.006,9.83784148008601e-174,"C07","MarkerC07-057"
4.91903128649922e-178,9.33584078119856,1,0.006,9.83806257299845e-174,"C07","MarkerC07-062"
4.99629494777517e-178,9.54914581715176,1,0.005,9.99258989555034e-174,"C07","MarkerC07-061"
5.11408589809727e-178,9.79395440539686,1,0.005,1.02281717961945e-173,"C07","MarkerC07-146"
5.1944872273485e-178,10.2952763417455,1,0.004,1.0388974454697e-173,"C07","MarkerC07-143"
5.1945455888961e-178,9.78175204346113,1,0.005,1.03890911777922e-173,"C07","MarkerC07-128"
5.35825419075384e-178,10.187509227138,1,0.004,1.07165083815077e-173,"C07","MarkerC07-123"
5.44222439550824e-178,9.69508537686621,1,0.005,1.08844487910165e-173,"C07","MarkerC07-084"
5.61374977812062e-178,10.0234562480669,1,0.004,1.12274995562413e-173,"C07","MarkerC07-053"
7.49060975502416e-178,9.78971036836787,1,0.006,1.49812195100483e-173,"C07","MarkerC07-051"
7.66664316320119e-178,9.2865614191374,1,0.007,1.53332863264024e-173,"C07","MarkerC07-004"
7.66675777238795e-178,10.0713298559317,1,0.005,1.53335155447759e-173,"C07","MarkerC07-088"
7.72660975753004e-178,9.67445739216346,1,0.005,1.54532195150601e-173,"C07","MarkerC07-089"
7.78646281236072e-178,9.72193215245705,1,0.005,1.55729256247214e-173,"C07","MarkerC07-079"
7.78707391031846e-178,10.0290119516626,1,0.005,1.55741478206369e-173,"C07","MarkerC07-117"
7.81710319133527e-178,9.97206877906429,1,0.005,1.56342063826705e-173,"C07","MarkerC07-092"
8.09543803611959e-178,9.42904690627509,1,0.006,1.61908760722392e-173,"C07","MarkerC07-108"
8.28625512787006e-178,9.76653187843434,1,0.005,1.65725102557401e-173,"C07","MarkerC07-103"
8.35074988827041e-178,9.42283123575496,1,0.006,1.67014997765408e-173,"C07","MarkerC07-058"
1.07886872490676e-177,9.51220806151226,1,0.006,2.15773744981351e-173,"C07","MarkerC07-078"
1.34884281935448e-177,9.48510331254805,1,0.006,2.69768563870897e-173,"C07","MarkerC07-042"
1.44646269784743e-177,9.36338031291527,1,0.006,2.89292539569487e-173,"C07","MarkerC07-043"
1.65014434688512e-177,9.78918765623905,1,0.005,3.30028869377024e-173,"C07","MarkerC07-033"
1.72886358700044e-177,9.5773515146865,1,0.006,3.45772717400088e-173,"C07","MarkerC07-066"
2.08201038919902e-177,9.51903770618631,1,0.006,4.16402077839804e-173,"C07","MarkerC07-073"
2.15588593546813e-177,9.76840004231629,1,0.005,4.31177187093625e-173,"C07","MarkerC07-010"
3.25478020767535e-177,9.59392798649181,1,0.005,6.50956041535071e-173,"C07","MarkerC07-126"
9.2752650386215e-177,9.45503576852861,1,0.007,1.8550530077243e-172,"C07","MarkerC07-005"
7.31706700750508e-179,9.96383489576345,1,0.004,1.46341340150102e-174,"C08","MarkerC08-059"
7.31723298263599e-179,10.0566822951854,1,0.004,1.4634465965272e-174,"C08","MarkerC08-122"
7.31734363480412e-179,10.4135729584437,1,0.004,1.46346872696082e-174,"C08","MarkerC08-127"
7.3173712981071e-179,9.63916729053847,1,0.006,1.46347425962142e-174,"C08","MarkerC08-016"
7.31742662502271e-179,9.96206532313155,1,0.005,1.46348532500454e-174,"C08","MarkerC08-051"
7.31745428863682e-179,9.6400405749327,1,0.005,1.46349085772736e-174,"C08","MarkerC08-139"
7.31750961617841e-179,10.2211423569771,1,0.004,1.46350192323568e-174,"C08","MarkerC08-121"
7.31762027250912e-179,10.0562517829279,1,0.005,1.46352405450182e-174,"C08","MarkerC08-052"
7.31775859526462e-179,10.2297545482543,1,0.005,1.46355171905292e-174,"C08","MarkerC08-024"
7.31795225149357e-179,10.2407722289388,1,0.003,1.46359045029871e-174,"C08","MarkerC08-033"
7.31795225149357e-179,9.98420441347637,1,0.004,1.46359045029871e-174,"C08","MarkerC08-137"
7.31797991708496e-179,9.91793754009858,1,0.005,1.46359598341699e-174,"C08","MarkerC08-039"
7.31817357914149e-179,9.8723069085205,1,0.005,1.4636347158283e-174,"C08","MarkerC08-012"
1.17199172484317e-178,9.55473062895084,1,0.006,2.34398344968633e-174,"C08","MarkerC08-095"
1.17201382744412e-178,10.012575920859,1,0.004,2.34402765488824e-174,"C08","MarkerC08-044"
1.17203150982342e-178,9.99734505015613,1,0.005,2.34406301964684e-174,"C08","MarkerC08-144"
1.1720403511127e-178,9.54815941185853,1,0.006,2.34408070222539e-174,"C08","MarkerC08-123"
1.17205803389013e-178,9.79023556590228,1,0.005,2.34411606778026e-174,"C08","MarkerC08-080"
1.17205803389013e-178,9.67611613094877,1,0.005,2.34411606778026e-174,"C08","MarkerC08-133"
1.17205803389013e-178,9.80692364180894,1,0.006,2.34411606778026e-174,"C08","MarkerC08-145"
1.172062454626e-178,10.4923776205689,1,0.004,2.34412490925201e-174,"C08","MarkerC08-114"
1.172062454626e-178,10.003436977194,1,0.005,2.34412490925201e-174,"C08","MarkerC08-029"
1.17206687537841e-178,10.2624401212236,1,0.003,2.34413375075682e-174,"C08","MarkerC08-003"
1.1720845585541e-178,10.3208704018377,1,0.003,2.34416911710821e-174,"C08","MarkerC08-103"
1.17208897938966e-178,9.83053419081255,1,0.006,2.34417795877933e-174,"C08","MarkerC08-005"
1.17209340024164e-178,10.1915154899055,1,0.004,2.34418680048327e-174,"C08","MarkerC08-070"
1.17209782111015e-178,11.0326054182293,1,0.003,2.34419564222029e-174,"C08","MarkerC08-001"
1.17210666289713e-178,10.3367005906045,1,0.003,2.34421332579426e-174,"C08","MarkerC08-129"
1.17211108381548e-178,9.89498361783511,1,0.005,2.34422216763096e-174,"C08","MarkerC08-043"
1.17211992570203e-178,9.45521530699298,1,0.006,2.34423985140406e-174,"C08","MarkerC08-118"
1.17212434667011e-178,10.0264690888778,1,0.004,2.34424869334022e-174,"C08","MarkerC08-065"
1.17213760967415e-178,10.0822974833056,1,0.004,2.3442752193483e-174,"C08","MarkerC08-109"
1.17215971501275e-178,10.1778688874369,1,0.004,2.34431943002551e-174,"C08","MarkerC08-009"
1.18120574030482e-178,9.77535406891973,1,0.005,2.36241148060965e-174,"C08","MarkerC08-149"
1.18121910581747e-178,10.0913045453579,1,0.004,2.36243821163495e-174,"C08","MarkerC08-055"
1.1812681139845e-178,10.1824196068279,1,0.004,2.36253622796901e-174,"C08","MarkerC08-042"
1.18127256937269e-178,9.84332597962906,1,0.005,2.36254513874538e-174,"C08","MarkerC08-057"
1.18127256937269e-178,9.36550249376216,1,0.007,2.36254513874538e-174,"C08","MarkerC08-017"
1.18129039109268e-178,10.0300310280642,1,0.004,2.36258078218537e-174,"C08","MarkerC08-113"
1.19037536816703e-178,10.2643673319213,1,0.004,2.38075073633406e-174,"C08","MarkerC08-112"
1.19046965445424e-178,10.2486484851311,1,0.003,2.38093930890848e-174,"C08","MarkerC08-138"
1.19979255788035e-178,9.97570412691042,1,0.005,2.39958511576071e-174,"C08","MarkerC08-141"
1.19983780948821e-178,9.39008428415752,1,0.006,2.39967561897642e-174,"C08","MarkerC08-025"
1.199860435929e-178,10.1824024884305,1,0.003,2.39972087185799e-174,"C08","MarkerC08-079"
1.19990116459246e-178,10.1508712040879,1,0.003,2.39980232918491e-174,"C08","MarkerC08-050"
1.21867148267355e-178,10.2671500328519,1,0.004,2.4373429653471e-174,"C08","MarkerC08-040"
1.21870365581186e-178,10.5572932783523,1,0.004,2.43740731162372e-174,"C08","MarkerC08-068"
1.23783309499465e-178,9.62924963262623,1,0.005,2.4756661899893e-174,"C08","MarkerC08-099"
1.34871375475607e-178,10.2501226320721,1,0.004,2.69742750951214e-174,"C08","MarkerC08-064"
1.71761009917376e-178,10.0341559873148,1,0.004,3.43522019834752e-174,"C08","MarkerC08-010"
1.87164681435841e-178,9.69016303466107,1,0.006,3.74329362871682e-174,"C08","MarkerC08-002"
1.87165385755095e-178,10.0652541401803,1,0.005,3.74330771510189e-174,"C08","MarkerC08-089"
1.87168907390975e-178,9.96120473863162,1,0.005,3.7433781478195e-174,"C08","MarkerC08-111"
1.87168907390975e-178,9.85811187970809,1,0.005,3.7433781478195e-174,"C08","MarkerC08-115"
1.87173837791955e-178,9.61202119645117,1,0.005,3.7434767558391e-174,"C08","MarkerC08-106"
1.87173837791955e-178,9.58802088702979,1,0.006,3.7434767558391e-174,"C08","MarkerC08-035"
1.87174542145527e-178,9.79928628147811,1,0.005,3.74349084291055e-174,"C08","MarkerC08-116"
1.8717595086052e-178,10.2847110148682,1,0.003,3.7435190172104e-174,"C08","MarkerC08-147"
1.87179472694206e-178,10.2044520670291,1,0.004,3.74358945388411e-174,"C08","MarkerC08-073"
1.87179472694206e-178,9.78099218775701,1,0.005,3.74358945388411e-174,"C08","MarkerC08-054"
1.87180177068862e-178,9.87745106920875,1,0.005,3.74360354137724e-174,"C08","MarkerC08-007"
1.87181585826079e-178,9.49493072877261,1,0.005,3.74363171652158e-174,"C08","MarkerC08-020"
1.87182994593829e-178,9.79081929820138,1,0.005,3.74365989187658e-174,"C08","MarkerC08-107"
1.87185812161003e-178,10.2395329073877,1,0.004,3.74371624322006e-174,"C08","MarkerC08-069"
1.87185812161003e-178,9.4300468354232,1,0.007,3.74371624322006e-174,"C08","MarkerC08-058"
1.87187220960427e-178,10.0033157597327,1,0.005,3.74374441920854e-174,"C08","MarkerC08-117"
1.88635145621951e-178,9.51522364006634,1,0.007,3.77270291243903e-174,"C08","MarkerC08-011"
1.88635855461005e-178,10.127524092966,1,0.004,3.7727171092201e-174,"C08","MarkerC08-093"
1.88638694843745e-178,10.0364950715408,1,0.005,3.77277389687491e-174,"C08","MarkerC08-049"
1.90109278879524e-178,9.32937530875154,1,0.007,3.80218557759048e-174,"C08","MarkerC08-100"
1.9011643272573e-178,9.61717760995357,1,0.005,3.8023286545146e-174,"C08","MarkerC08-066"
1.90121440577473e-178,9.94993227551152,1,0.005,3.80242881154946e-174,"C08","MarkerC08-125"
1.90122155995568e-178,9.84856509720306,1,0.005,3.80244311991136e-174,"C08","MarkerC08-074"
1.90125017694776e-178,10.1247708103055,1,0.005,3.80250035389553e-174,"C08","MarkerC08-102"
1.90126448560446e-178,9.75807027126926,1,0.005,3.80252897120892e-174,"C08","MarkerC08-150"
1.90127163997324e-178,9.49773471428095,1,0.006,3.80254327994648e-174,"C08","MarkerC08-019"
1.91602127477586e-178,10.0138719894939,1,0.005,3.83204254955172e-174,"C08","MarkerC08-091"
1.91610058363894e-178,9.99690901518798,1,0.004,3.83220116727787e-174,"C08","MarkerC08-110"
1.91610058363894e-178,9.59233538532646,1,0.006,3.83220116727787e-174,"C08","MarkerC08-097"
1.93082707116411e-178,9.45096841530302,1,0.007,3.86165414232821e-174,"C08","MarkerC08-045"
1.94592285899653e-178,9.78769656155341,1,0.005,3.89184571799307e-174,"C08","MarkerC08-061"
1.94609127194865e-178,9.86883053231348,1,0.005,3.8921825438973e-174,"C08","MarkerC08-013"
1.96132101020664e-178,9.50085500156357,1,0.006,3.92264202041328e-174,"C08","MarkerC08-078"
1.96134314967546e-178,9.66477588290075,1,0.004,3.92268629935092e-174,"C08","MarkerC08-142"
1.97666978581837e-178,9.70995172565661,1,0.005,3.95333957163674e-174,"C08","MarkerC08-082"
2.00769795773802e-178,9.67396152469673,1,0.006,4.01539591547604e-174,"C08","MarkerC08-087"
2.76327186214824e-178,10.1314920511322,1,0.004,5.52654372429648e-174,"C08","MarkerC08-014"
2.98023495297388e-178,10.2672143677306,1,0.004,5.96046990594775e-174,"C08","MarkerC08-032"
2.9802573315365e-178,10.0016669358151,1,0.005,5.96051466307299e-174,"C08","MarkerC08-022"
2.98026852088089e-178,10.1603316045226,1,0.005,5.96053704176179e-174,"C08","MarkerC08-018"
2.9803916064253e-178,9.62898963054474,1,0.005,5.96078321285059e-174,"C08","MarkerC08-104"
3.0035996873172e-178,10.6487617070394,1,0.003,6.00719937463439e-174,"C08","MarkerC08-030"
3.0037575658697e-178,9.65097341246723,1,0.007,6.00751513173939e-174,"C08","MarkerC08-131"
3.00376884322525e-178,10.0292232695865,1,0.005,6.0075376864505e-174,"C08","MarkerC08-071"
3.00379139806261e-178,9.65723430044473,1,0.005,6.00758279612522e-174,"C08","MarkerC08-085"
3.02714737025952e-178,9.32880562516511,1,0.007,6.05429474051905e-174,"C08","MarkerC08-004"
3.02723829108186e-178,9.57420762670751,1,0.006,6.05447658216371e-174,"C08","MarkerC08-021"
3.0506160061991e-178,9.69850932992759,1,0.005,6.1012320123982e-174,"C08","MarkerC08-015"
3.05067327086444e-178,10.1671999372239,1,0.004,6.10134654172888e-174,"C08","MarkerC08-105"
3.05068472392566e-178,11.0634418439035,1,0.003,6.10136944785133e-174,"C08","MarkerC08-124"
3.05071908336638e-178,9.86085277508268,1,0.005,6.10143816673277e-174,"C08","MarkerC08-120"
3.08643820623574e-178,10.0140755176941,1,0.004,6.17287641247149e-174,"C08","MarkerC08-046"
3.12256330437629e-178,9.45575063235185,1,0.007,6.24512660875258e-174,"C08","MarkerC08-048"
3.12265708388718e-178,9.0553781076983,1,0.009,6.24531416777436e-174,"C08","MarkerC08-072"
3.1226922519263e-178,9.43642303998544,1,0.007,6.2453845038526e-174,"C08","MarkerC08-088"
3.12284465131739e-178,9.82200422594338,1,0.005,6.24568930263477e-174,"C08","MarkerC08-038"
3.17177282189574e-178,10.097293188987,1,0.004,6.34354564379148e-174,"C08","MarkerC08-108"
3.17178472845681e-178,9.51248600757848,1,0.004,6.34356945691363e-174,"C08","MarkerC08-027"
3.17184426192635e-178,9.49742780509656,1,0.006,6.34368852385269e-174,"C08","MarkerC08-098"
3.19662527467674e-178,10.1849722114846,1,0.004,6.39325054935347e-174,"C08","MarkerC08-076"
3.22164802964886e-178,10.0940788355876,1,0.005,6.44329605929772e-174,"C08","MarkerC08-092"
3.29767339233377e-178,9.98984740620434,1,0.004,6.59534678466753e-174,"C08","MarkerC08-008"
4.19741195344216e-178,9.68626294677084,1,0.005,8.39482390688432e-174,"C08","MarkerC08-081"
4.76842287368767e-178,9.64091460104299,1,0.004,9.53684574737534e-174,"C08","MarkerC08-067"
4.76865508360851e-178,9.91373269260077,1,0.005,9.53731016721702e-174,"C08","MarkerC08-101"
4.76879798761441e-178,9.66331788514852,1,0.005,9.53759597522881e-174,"C08","MarkerC08-006"
4.8059796259697e-178,9.36660388172397,1,0.007,9.61195925193941e-174,"C08","MarkerC08-047"
4.88132347875431e-178,9.13940869837476,1,0.007,9.76264695750862e-174,"C08","MarkerC08-034"
4.91899443740611e-178,10.2151873877978,1,0.004,9.83798887481222e-174,"C08","MarkerC08-086"
4.91904971114917e-178,9.57518308766974,1,0.005,9.83809942229835e-174,"C08","MarkerC08-134"
4.91967619010125e-178,10.044054807159,1,0.005,9.8393523802025e-174,"C08","MarkerC08-026"
4.95795844609055e-178,9.39746667770601,1,0.007,9.91591689218109e-174,"C08","MarkerC08-119"
4.99638851510629e-178,9.66850638764904,1,0.005,9.99277703021258e-174,"C08","MarkerC08-060"
5.0350218075077e-178,9.56263645760682,1,0.006,1.00700436150154e-173,"C08","MarkerC08-094"
5.1338670573176e-178,9.44327186980002,1,0.006,1.02677341146352e-173,"C08","MarkerC08-031"
5.19431214661875e-178,9.52854448497015,1,0.006,1.03886242932375e-173,"C08","MarkerC08-090"
5.19475958682181e-178,9.38620127210096,1,0.007,1.03895191736436e-173,"C08","MarkerC08-096"
5.23500323438299e-178,9.87367226313152,1,0.005,1.0470006468766e-173,"C08","MarkerC08-083"
5.31722352198849e-178,9.79208941669039,1,0.005,1.0634447043977e-173,"C08","MarkerC08-041"
5.33782940723795e-178,9.87620349910376,1,0.005,1.06756588144759e-173,"C08","MarkerC08-077"
5.35815386405311e-178,10.0885795919322,1,0.004,1.07163077281062e-173,"C08","MarkerC08-132"
5.4422040163502e-178,9.51526516307057,1,0.006,1.08844080327004e-173,"C08","MarkerC08-128"
5.44238743150766e-178,9.75228587706963,1,0.005,1.08847748630153e-173,"C08","MarkerC08-136"
5.74640117497036e-178,9.58510712302496,1,0.006,1.14928023499407e-173,"C08","MarkerC08-075"
6.16322791772101e-178,10.0793717777307,1,0.004,1.2326455835442e-173,"C08","MarkerC08-023"
7.4901618354749e-178,9.88449415284251,1,0.005,1.49803236709498e-173,"C08","MarkerC08-028"
7.49024581835987e-178,9.27735782884201,1,0.008,1.49804916367197e-173,"C08","MarkerC08-056"
7.49046977730188e-178,9.71293682388162,1,0.007,1.49809395546038e-173,"C08","MarkerC08-130"
7.54810086811283e-178,9.7633960834731,1,0.005,1.50962017362257e-173,"C08","MarkerC08-135"
7.60782375630883e-178,10.3366392286171,1,0.004,1.52156475126177e-173,"C08","MarkerC08-036"
7.66713026402166e-178,9.83345047117611,1,0.006,1.53342605280433e-173,"C08","MarkerC08-084"
7.78660830754452e-178,9.91502160989839,1,0.005,1.5573216615089e-173,"C08","MarkerC08-148"
7.84803995802996e-178,9.69366940700126,1,0.005,1.56960799160599e-173,"C08","MarkerC08-126"
7.97072081780261e-178,9.73449826078012,1,0.005,1.59414416356052e-173,"C08","MarkerC08-063"
8.61394255183056e-178,9.67601115891449,1,0.006,1.72278851036611e-173,"C08","MarkerC08-143"
9.52906197428673e-178,9.85340439997296,1,0.005,1.90581239485735e-173,"C08","MarkerC08-037"
1.18229523198822e-177,9.61936013370053,1,0.006,2.36459046397644e-173,"C08","MarkerC08-053"
1.26774361573839e-177,9.43297545968297,1,0.005,2.53548723147679e-173,"C08","MarkerC08-140"
1.28761000504513e-177,9.90741840636092,1,0.005,2.57522001009027e-173,"C08","MarkerC08-062"
1.84661642402825e-177,9.20630088279637,1,0.008,3.6932328480565e-173,"C08","MarkerC08-146"
9.63608715496143e-179,9.42665212963965,1,0.007,1.92721743099229e-174,"C09","MarkerC09-081"
9.63663537870702e-179,9.9065731097587,1,0.005,1.9273270757414e-174,"C09","MarkerC09-006"
9.63689122707535e-179,10.0667757478514,1,0.004,1.92737824541507e-174,"C09","MarkerC09-127"
9.63692777739356e-179,10.8569187399041,1,0.003,1.92738555547871e-174,"C09","MarkerC09-092"
9.63711053105658e-179,10.5195214235272,1,0.003,1.92742210621132e-174,"C09","MarkerC09-012"
9.63711053105658e-179,9.72457347799191,1,0.005,1.92742210621132e-174,"C09","MarkerC09-015"
9.63718363348806e-179,10.7559807845376,1,0.003,1.92743672669761e-174,"C09","MarkerC09-142"
9.63740294409091e-179,10.0552857000666,1,0.004,1.92748058881818e-174,"C09","MarkerC09-124"
9.63743949634071e-179,10.1430580751212,1,0.004,1.92748789926814e-174,"C09","MarkerC09-105"
9.637476048728e-179,9.97252681198907,1,0.004,1.9274952097456e-174,"C09","MarkerC09-116"
9.63758570672066e-179,9.74023698253819,1,0.005,1.92751714134413e-174,"C09","MarkerC09-109"
9.63784158019599e-179,9.34015505414933,1,0.006,1.9275683160392e-174,"C09","MarkerC09-107"
1.54582207528095e-178,10.0108503352377,1,0.004,3.0916441505619e-174,"C09","MarkerC09-110"
1.54586887039857e-178,10.4553840596331,1,0.003,3.09173774079714e-174,"C09","MarkerC09-045"
1.54588641893111e-178,9.64898952198778,1,0.006,3.09177283786221e-174,"C09","MarkerC09-069"
1.5458922684859e-178,10.1764308255257,1,0.003,3.09178453697181e-174,"C09","MarkerC09-113"
1.54589811806297e-178,9.53075835960314,1,0.006,3.09179623612593e-174,"C09","MarkerC09-087"
1.54590396766182e-178,9.39780156121135,1,0.005,3.09180793532365e-174,"C09","MarkerC09-061"
1.54592151659088e-178,9.95138805416099,1,0.005,3.09184303318177e-174,"C09","MarkerC09-146"
1.54592736627786e-178,10.1129191683711,1,0.004,3.09185473255571e-174,"C09","MarkerC09-111"
1.54595076524636e-178,10.5145633708602,1,0.003,3.09190153049272e-174,"C09","MarkerC09-117"
1.54595076524636e-178,9.98614589760427,1,0.005,3.09190153049272e-174,"C09","MarkerC09-126"
1.54596246486255e-178,9.72308450283376,1,0.005,3.09192492972511e-174,"C09","MarkerC09-132"
1.54598001445234e-178,11.0121482696478,1,0.002,3.09196002890469e-174,"C09","MarkerC09-119"
1.54598586435977e-178,10.0491569462564,1,0.004,3.09197172871954e-174,"C09","MarkerC09-041"
1.54599756424048e-178,9.81802951762499,1,0.005,3.09199512848097e-174,"C09","MarkerC09-031"
1.54602096426612e-178,10.3639067090668,1,0.004,3.09204192853223e-174,"C09","MarkerC09-018"
1.55799027399125e-178,9.39735600499822,1,0.007,3.11598054798249e-174,"C09","MarkerC09-064"
1.55804333197235e-178,10.4362311211769,1,0.004,3.11608666394469e-174,"C09","MarkerC09-120"
1.57018878204375e-178,9.78533953923454,1,0.005,3.1403775640875e-174,"C09","MarkerC09-050"
1.57027196208958e-178,10.5888006658144,1,0.003,3.14054392417915e-174,"C09","MarkerC09-100"
1.58263238136917e-178,9.6978555460289,1,0.005,3.16526476273834e-174,"C09","MarkerC09-073"
1.62012196925365e-178,10.4276471603385,1,0.004,3.2402439385073e-174,"C09","MarkerC09-009"
1.65851105121237e-178,10.2370905611976,1,0.004,3.31702210242475e-174,"C09","MarkerC09-047"
1.67150824962493e-178,9.53152455616798,1,0.006,3.34301649924987e-174,"C09","MarkerC09-148"
1.75185459463956e-178,9.59485873769025,1,0.006,3.50370918927912e-174,"C09","MarkerC09-134"
2.28476114952262e-178,10.3491541016972,1,0.003,4.56952229904523e-174,"C09","MarkerC09-094"
2.47236509600671e-178,9.76124788436795,1,0.004,4.94473019201343e-174,"C09","MarkerC09-059"
2.47236509600671e-178,10.1048625750313,1,0.004,4.94473019201343e-174,"C09","MarkerC09-150"
2.47243043268684e-178,10.0664254110497,1,0.004,4.94486086537369e-174,"C09","MarkerC09-049"
2.47246776870361e-178,10.1950280535259,1,0.004,4.94493553740723e-174,"C09","MarkerC09-079"
2.47247710279554e-178,10.2776179589012,1,0.004,4.94495420559108e-174,"C09","MarkerC09-007"
2.47249577108448e-178,10.2212477959988,1,0.004,4.94499154216896e-174,"C09","MarkerC09-039"
2.47249577108448e-178,10.0067847365328,1,0.005,4.94499154216896e-174,"C09","MarkerC09-101"
2.472542442421e-178,10.5217898485977,1,0.004,4.94508488484199e-174,"C09","MarkerC09-088"
2.4725704456433e-178,9.65270256214545,1,0.006,4.9451408912866e-174,"C09","MarkerC09-025"
2.4725891146339e-178,9.39185228993177,1,0.006,4.9451782292678e-174,"C09","MarkerC09-036"
2.47260778376454e-178,9.71032208775372,1,0.006,4.94521556752907e-174,"C09","MarkerC09-037"
2.47263578772321e-178,9.83770895751599,1,0.005,4.94527157544642e-174,"C09","MarkerC09-002"
2.47264512244641e-178,9.22654620725115,1,0.007,4.94529024489283e-174,"C09","MarkerC09-098"
2.49167241231045e-178,10.0753124122955,1,0.004,4.98334482462089e-174,"C09","MarkerC09-026"
2.49177588483013e-178,9.98935226843831,1,0.004,4.98355176966027e-174,"C09","MarkerC09-010"
2.49183232618834e-178,9.60015807414859,1,0.005,4.98366465237667e-174,"C09","MarkerC09-042"
2.49186995446724e-178,9.90794077295125,1,0.004,4.98373990893449e-174,"C09","MarkerC09-005"
2.49189817604765e-178,9.47818501472739,1,0.007,4.98379635209531e-174,"C09","MarkerC09-068"
2.50161383196807e-178,10.1214882203796,1,0.004,5.00322766393613e-174,"C09","MarkerC09-070"
2.5114716101343e-178,9.63980387973161,1,0.006,5.02294322026859e-174,"C09","MarkerC09-057"
2.51153797769711e-178,9.71586464730019,1,0.005,5.02307595539422e-174,"C09","MarkerC09-029"
2.51159486556883e-178,9.40750840071665,1,0.007,5.02318973113765e-174,"C09","MarkerC09-051"
2.53114126804824e-178,9.50513350805151,1,0.006,5.06228253609648e-174,"C09","MarkerC09-033"
2.53119859885364e-178,9.80974152401246,1,0.005,5.06239719770729e-174,"C09","MarkerC09-139"
2.55090700923569e-178,9.74386808906192,1,0.005,5.10181401847139e-174,"C09","MarkerC09-144"
2.55097441632974e-178,9.99088551398227,1,0.004,5.10194883265949e-174,"C09","MarkerC09-131"
2.55101293546481e-178,9.61446629295835,1,0.006,5.10202587092961e-174,"C09","MarkerC09-016"
2.57088513915565e-178,9.69249896476791,1,0.006,5.1417702783113e-174,"C09","MarkerC09-103"
2.57092395819822e-178,10.1397889853484,1,0.004,5.14184791639644e-174,"C09","MarkerC09-014"
2.59099019833886e-178,9.60125276122774,1,0.006,5.18198039667771e-174,"C09","MarkerC09-004"
2.63183158381137e-178,10.1314745223823,1,0.004,5.26366316762274e-174,"C09","MarkerC09-082"
2.67335630085898e-178,9.89642629214173,1,0.004,5.34671260171797e-174,"C09","MarkerC09-028"
2.89020721779103e-178,9.84736785295803,1,0.005,5.78041443558207e-174,"C09","MarkerC09-048"
3.22410184511324e-178,9.73687669772598,1,0.004,6.44820369022648e-174,"C09","MarkerC09-090"
3.94274318618563e-178,10.1196108499786,1,0.004,7.88548637237127e-174,"C09","MarkerC09-108"
3.94283229006541e-178,10.0760292523181,1,0.004,7.88566458013083e-174,"C09","MarkerC09-141"
3.94299565238354e-178,9.53879465839858,1,0.007,7.88599130476709e-174,"C09","MarkerC09-053"
3.97354257296922e-178,9.72591949289425,1,0.006,7.94708514593844e-174,"C09","MarkerC09-129"
3.9736473377457e-178,10.3238670803236,1,0.003,7.94729467549141e-174,"C09","MarkerC09-076"
3.97381197366254e-178,9.86292002651616,1,0.005,7.94762394732508e-174,"C09","MarkerC09-102"
3.97387184295141e-178,10.4909298656278,1,0.003,7.94774368590282e-174,"C09","MarkerC09-013"
4.00453700886022e-178,9.54350290835882,1,0.006,8.00907401772044e-174,"C09","MarkerC09-071"
4.00480850575404e-178,9.51385556720221,1,0.007,8.00961701150808e-174,"C09","MarkerC09-086"
4.00485375701662e-178,10.1464287521026,1,0.005,8.00970751403325e-174,"C09","MarkerC09-080"
4.00491409282563e-178,9.65496956934076,1,0.006,8.00982818565126e-174,"C09","MarkerC09-128"
4.03590971227734e-178,9.78290669130881,1,0.005,8.07181942455469e-174,"C09","MarkerC09-066"
4.03595531409751e-178,10.3396695526228,1,0.004,8.07191062819502e-174,"C09","MarkerC09-121"
4.03603131827065e-178,9.98128502437477,1,0.005,8.0720626365413e-174,"C09","MarkerC09-032"
4.03618333089002e-178,10.0546072288706,1,0.005,8.07236666178004e-174,"C09","MarkerC09-149"
4.03621373409747e-178,9.78469344017198,1,0.005,8.07242746819495e-174,"C09","MarkerC09-043"
4.0362593393359e-178,10.8871523293967,1,0.003,8.0725186786718e-174,"C09","MarkerC09-093"
4.06732874700166e-178,10.4716007547037,1,0.004,8.13465749400331e-174,"C09","MarkerC09-106"
4.06772704907792e-178,9.84511379044048,1,0.005,8.13545409815584e-174,"C09","MarkerC09-030"
4.06772704907792e-178,9.43645175890951,1,0.006,8.13545409815584e-174,"C09","MarkerC09-138"
4.06783429088378e-178,9.74581275360637,1,0.005,8.13566858176756e-174,"C09","MarkerC09-044"
4.09931627553996e-178,9.80451853700878,1,0.004,8.19863255107992e-174,"C09","MarkerC09-084"
4.09943978729385e-178,9.6432432884704,1,0.005,8.19887957458771e-174,"C09","MarkerC09-003"
4.13174177762724e-178,9.66446686267735,1,0.005,8.26348355525449e-174,"C09","MarkerC09-065"
4.16393728499798e-178,9.97149388811148,1,0.004,8.32787456999596e-174,"C09","MarkerC09-075"
4.16395296653278e-178,9.07182983441603,1,0.008,8.32790593306556e-174,"C09","MarkerC09-021"
4.1959724906727e-178,9.60043006086802,1,0.006,8.3919449813454e-174,"C09","MarkerC09-063"
4.19625693370549e-178,9.64623026647316,1,0.007,8.39251386741098e-174,"C09","MarkerC09-077"
4.19644657305333e-178,9.39775532830745,1,0.006,8.39289314610666e-174,"C09","MarkerC09-114"
4.21307380334034e-178,9.72338292635991,1,0.004,8.42614760668068e-174,"C09","MarkerC09-008"
4.22935270190118e-178,9.70567721494559,1,0.005,8.45870540380237e-174,"C09","MarkerC09-046"
4.2296075455451e-178,9.44751884703115,1,0.006,8.4592150910902e-174,"C09","MarkerC09-095"
4.24583832467173e-178,10.0456462360314,1,0.005,8.49167664934347e-174,"C09","MarkerC09-091"
4.26237207647075e-178,9.56295753793141,1,0.006,8.5247441529415e-174,"C09","MarkerC09-067"
4.43195539700797e-178,9.63830331566611,1,0.005,8.86391079401594e-174,"C09","MarkerC09-023"
4.6439537910507e-178,9.74133946703867,1,0.005,9.28790758210141e-174,"C09","MarkerC09-115"
4.64423355241107e-178,10.4094958203016,1,0.004,9.28846710482215e-174,"C09","MarkerC09-054"
4.7170424667671e-178,9.78361949830859,1,0.005,9.4340849335342e-174,"C09","MarkerC09-034"
4.79109962749876e-178,9.79625072253493,1,0.005,9.58219925499752e-174,"C09","MarkerC09-085"
6.26883352600368e-178,10.0544120409292,1,0.005,1.25376670520074e-173,"C09","MarkerC09-001"
6.31803239814881e-178,10.5489214924086,1,0.004,1.26360647962976e-173,"C09","MarkerC09-040"
6.31824608204534e-178,10.0236692827597,1,0.005,1.26364921640907e-173,"C09","MarkerC09-135"
6.3426954778821e-178,9.6893571097948,1,0.005,1.26853909557642e-173,"C09","MarkerC09-130"
6.3672819234262e-178,9.62894772494051,1,0.005,1.27345638468524e-173,"C09","MarkerC09-145"
6.41693899154851e-178,10.1541268193082,1,0.004,1.2833877983097e-173,"C09","MarkerC09-058"
6.41693899154851e-178,9.78640947318523,1,0.005,1.2833877983097e-173,"C09","MarkerC09-099"
6.41720424012523e-178,9.52192431509585,1,0.006,1.28344084802505e-173,"C09","MarkerC09-024"
6.41730069685808e-178,10.4907575673375,1,0.003,1.28346013937162e-173,"C09","MarkerC09-020"
6.56878595961728e-178,9.64793582868618,1,0.005,1.31375719192346e-173,"C09","MarkerC09-147"
6.64660547307427e-178,9.89503127401578,1,0.004,1.32932109461485e-173,"C09","MarkerC09-011"
6.67226484863203e-178,10.1059816680065,1,0.004,1.33445296972641e-173,"C09","MarkerC09-072"
6.77673522925959e-178,9.90579095312386,1,0.005,1.35534704585192e-173,"C09","MarkerC09-104"
6.77678615263538e-178,10.1078016743827,1,0.005,1.35535723052708e-173,"C09","MarkerC09-140"
9.93830513510139e-178,9.49278574852891,1,0.007,1.98766102702028e-173,"C09","MarkerC09-074"
9.93849144956112e-178,10.173303678603,1,0.004,1.98769828991222e-173,"C09","MarkerC09-089"
9.9387150315014e-178,9.56531526338708,1,0.006,1.98774300630028e-173,"C09","MarkerC09-027"
1.00163259711724e-177,9.77514406334635,1,0.006,2.00326519423448e-173,"C09","MarkerC09-118"
1.00935204035185e-177,9.81353542033687,1,0.004,2.0187040807037e-173,"C09","MarkerC09-123"
1.00936339333468e-177,9.93308464019576,1,0.005,2.01872678666937e-173,"C09","MarkerC09-017"
1.009492069353e-177,9.91025514108037,1,0.005,2.01898413870599e-173,"C09","MarkerC09-056"
1.01731014978744e-177,10.0801898802523,1,0.004,2.03462029957489e-173,"C09","MarkerC09-038"
1.04132818494955e-177,9.54424835209318,1,0.006,2.0826563698991e-173,"C09","MarkerC09-125"
1.04134380063136e-177,9.59503115470446,1,0.007,2.08268760126271e-173,"C09","MarkerC09-133"
1.04940038370642e-177,10.0993913762081,1,0.005,2.09880076741284e-173,"C09","MarkerC09-052"
1.09105205657934e-177,9.54414254516525,1,0.005,2.18210411315868e-173,"C09","MarkerC09-137"
1.10816477560158e-177,9.84479954686516,1,0.005,2.21632955120315e-173,"C09","MarkerC09-097"
1.19319009104234e-177,9.36505454155023,1,0.006,2.38638018208468e-173,"C09","MarkerC09-122"
1.234038324959e-177,9.23742475498345,1,0.007,2.468076649918e-173,"C09","MarkerC09-078"
1.45483285309982e-177,9.55784399682663,1,0.006,2.90966570619963e-173,"C09","MarkerC09-035"
1.57104563445314e-177,10.087144945835,1,0.005,3.14209126890629e-173,"C09","MarkerC09-143"
1.59556612461661e-177,9.82796272386776,1,0.006,3.19113224923321e-173,"C09","MarkerC09-112"
1.59710584650043e-177,9.29760604132499,1,0.005,3.19421169300087e-173,"C09","MarkerC09-136"
1.64594444349427e-177,9.6873036976674,1,0.005,3.29188888698854e-173,"C09","MarkerC09-062"
1.67165121114499e-177,9.52719761192896,1,0.006,3.34330242228997e-173,"C09","MarkerC09-096"
1.7378454012558e-177,9.18592302484232,1,0.006,3.47569080251159e-173,"C09","MarkerC09-055"
1.96800649590752e-177,9.94035227738155,1,0.004,3.93601299181503e-173,"C09","MarkerC09-060"
2.48457293468625e-177,9.42204670820213,1,0.006,4.96914586937249e-173,"C09","MarkerC09-083"
3.00650607017024e-177,9.99381369962216,1,0.005,6.01301214034049e-173,"C09","MarkerC09-019"
3.66375578584234e-177,9.42668707420539,1,0.006,7.32751157168468e-173,"C09","MarkerC09-022"
9.63667192805899e-179,9.31261059856751,1,0.007,1.9273343856118e-174,"C10","MarkerC10-070"
9.63670847755136e-179,10.1741070138538,1,0.004,1.92734169551027e-174,"C10","MarkerC10-103"
9.63674502717925e-179,9.94810290778,1,0.004,1.92734900543585e-174,"C10","MarkerC10-007"
9.63678157694657e-179,9.54900469696575,1,0.005,1.92735631538931e-174,"C10","MarkerC10-092"
9.63681812685137e-179,9.7662013194663,1,0.005,1.92736362537027e-174,"C10","MarkerC10-011"
9.6369643278512e-179,9.79594774289746,1,0.005,1.92739286557024e-174,"C10","MarkerC10-049"
9.63700087844535e-179,10.0784830470553,1,0.004,1.92740017568907e-174,"C10","MarkerC10-018"
9.63711053105658e-179,10.1631340298714,1,0.003,1.92742210621132e-174,"C10","MarkerC10-006"
9.63725673647045e-179,9.8398829674161,1,0.004,1.92745134729409e-174,"C10","MarkerC10-021"
9.637476048728e-179,9.94303031658991,1,0.004,1.9274952097456e-174,"C10","MarkerC10-110"
9.63769536595364e-179,10.0415604979684,1,0.004,1.92753907319073e-174,"C10","MarkerC10-116"
1.54581037672183e-178,9.81306662347257,1,0.005,3.09162075344365e-174,"C10","MarkerC10-128"
1.54581622599033e-178,10.1428162861886,1,0.004,3.09163245198067e-174,"C10","MarkerC10-125"
1.54585717148715e-178,10.0007646180469,1,0.004,3.0917143429743e-174,"C10","MarkerC10-052"
1.54585717148715e-178,9.38289670272806,1,0.006,3.0917143429743e-174,"C10","MarkerC10-059"
1.5458922684859e-178,10.2814976081074,1,0.003,3.09178453697181e-174,"C10","MarkerC10-111"
1.54590396766182e-178,10.5135242539779,1,0.003,3.09180793532365e-174,"C10","MarkerC10-123"
1.54590396766182e-178,9.62145716755107,1,0.005,3.09180793532365e-174,"C10","MarkerC10-053"
1.54590981728294e-178,9.00257316175974,1,0.007,3.09181963456589e-174,"C10","MarkerC10-017"
1.54592736627786e-178,9.64523712780671,1,0.005,3.09185473255571e-174,"C10","MarkerC10-065"
1.54593321598694e-178,9.38720787912772,1,0.007,3.09186643197388e-174,"C10","MarkerC10-030"
1.54593906571797e-178,10.5141053327366,1,0.003,3.09187813143594e-174,"C10","MarkerC10-106"
1.54596246486255e-178,9.62297998061085,1,0.006,3.09192492972511e-174,"C10","MarkerC10-133"
1.54596831470397e-178,9.53591331218282,1,0.005,3.09193662940794e-174,"C10","MarkerC10-095"
1.54599171428899e-178,10.2373169371553,1,0.004,3.09198342857799e-174,"C10","MarkerC10-055"
1.54599171428899e-178,9.51894343527946,1,0.004,3.09198342857799e-174,"C10","MarkerC10-099"
1.54599171428899e-178,10.2463354410188,1,0.004,3.09198342857799e-174,"C10","MarkerC10-120"
1.54599756424048e-178,9.67696987076387,1,0.005,3.09199512848097e-174,"C10","MarkerC10-027"
1.54600926420932e-178,10.0999804788105,1,0.003,3.09201852841863e-174,"C10","MarkerC10-079"
1.54601511422682e-178,10.3992606652562,1,0.004,3.09203022845364e-174,"C10","MarkerC10-002"
1.55800795978501e-178,9.55754707931157,1,0.006,3.11601591957002e-174,"C10","MarkerC10-054"
1.55807870495893e-178,9.39174972418578,1,0.006,3.11615740991785e-174,"C10","MarkerC10-088"
1.5581435575095e-178,9.62511074389077,1,0.005,3.116287115019e-174,"C10","MarkerC10-112"
1.57030761202276e-178,9.38505633010026,1,0.005,3.14061522404553e-174,"C10","MarkerC10-100"
1.57031949551283e-178,9.78781990505386,1,0.005,3.14063899102565e-174,"C10","MarkerC10-124"
1.59499341341422e-178,11.278341446975,1,0.002,3.18998682682843e-174,"C10","MarkerC10-081"
1.59499341341422e-178,9.81628464692107,1,0.004,3.18998682682843e-174,"C10","MarkerC10-076"
2.47243043268684e-178,9.91709254097895,1,0.005,4.94486086537369e-174,"C10","MarkerC10-019"
2.47244910062484e-178,10.0448846000465,1,0.005,4.94489820124968e-174,"C10","MarkerC10-051"
2.47246776870361e-178,10.1497174454505,1,0.004,4.94493553740723e-174,"C10","MarkerC10-150"
2.47247710279554e-178,10.1923330455557,1,0.004,4.94495420559108e-174,"C10","MarkerC10-061"
2.47249577108448e-178,9.5434983844977,1,0.006,4.94499154216896e-174,"C10","MarkerC10-047"
2.4725144395137e-178,9.4612515211282,1,0.007,4.9450288790274e-174,"C10","MarkerC10-078"
2.47257978012113e-178,9.79816541976871,1,0.005,4.94515956024226e-174,"C10","MarkerC10-039"
2.4725891146339e-178,9.51597042491287,1,0.005,4.9451782292678e-174,"C10","MarkerC10-138"
2.4725891146339e-178,9.90607076252687,1,0.005,4.9451782292678e-174,"C10","MarkerC10-143"
2.4725891146339e-178,9.66990705356722,1,0.006,4.9451782292678e-174,"C10","MarkerC10-101"
2.49179469847492e-178,9.88484916565141,1,0.004,4.98358939694983e-174,"C10","MarkerC10-005"
2.49195462016238e-178,9.5288076174281,1,0.006,4.98390924032476e-174,"C10","MarkerC10-043"
2.49200165789661e-178,9.89483917687723,1,0.005,4.98400331579321e-174,"C10","MarkerC10-122"
2.51127251791643e-178,10.1635771560264,1,0.004,5.02254503583286e-174,"C10","MarkerC10-137"
2.51132939980484e-178,10.2157373813163,1,0.005,5.02265879960968e-174,"C10","MarkerC10-134"
2.51134836071891e-178,9.57380849839235,1,0.005,5.02269672143782e-174,"C10","MarkerC10-093"
2.51140524431674e-178,9.84860451455806,1,0.005,5.02281048863347e-174,"C10","MarkerC10-077"
2.51145264829413e-178,9.40586737668614,1,0.006,5.02290529658826e-174,"C10","MarkerC10-139"
2.51146212919634e-178,9.76816559171953,1,0.006,5.02292425839268e-174,"C10","MarkerC10-131"
2.51153797769711e-178,9.57103589051749,1,0.006,5.02307595539422e-174,"C10","MarkerC10-041"
2.51154745892028e-178,10.0608932882052,1,0.004,5.02309491784057e-174,"C10","MarkerC10-098"
2.51157590280252e-178,9.71645846270515,1,0.005,5.02315180560504e-174,"C10","MarkerC10-045"
2.53119859885364e-178,9.72014240208342,1,0.006,5.06239719770729e-174,"C10","MarkerC10-035"
2.53121770940887e-178,9.62435197774755,1,0.006,5.06243541881774e-174,"C10","MarkerC10-009"
2.53122726474065e-178,10.3152222263672,1,0.004,5.0624545294813e-174,"C10","MarkerC10-042"
2.5508010873833e-178,9.8492973698271,1,0.005,5.10160217476659e-174,"C10","MarkerC10-024"
2.55090700923569e-178,9.67925798763576,1,0.005,5.10181401847139e-174,"C10","MarkerC10-113"
2.57094336793852e-178,9.979786201727,1,0.005,5.14188673587704e-174,"C10","MarkerC10-069"
2.57097248282183e-178,9.86801978373834,1,0.005,5.14194496564366e-174,"C10","MarkerC10-141"
2.59073592050933e-178,9.42928240623399,1,0.006,5.18147184101866e-174,"C10","MarkerC10-063"
2.59106844266699e-178,9.80699349924054,1,0.005,5.18213688533399e-174,"C10","MarkerC10-001"
2.67313431841127e-178,9.81152027148593,1,0.005,5.34626863682254e-174,"C10","MarkerC10-086"
2.77958133199788e-178,10.5158003255965,1,0.003,5.55916266399576e-174,"C10","MarkerC10-022"
2.77964427551289e-178,9.58809662602172,1,0.005,5.55928855102577e-174,"C10","MarkerC10-084"
2.84552250631094e-178,9.69739122801627,1,0.005,5.69104501262188e-174,"C10","MarkerC10-108"
3.51271939161536e-178,9.54067400874362,1,0.006,7.02543878323073e-174,"C10","MarkerC10-130"
3.94271348533717e-178,9.51376472879674,1,0.006,7.88542697067435e-174,"C10","MarkerC10-109"
3.94277288725596e-178,9.58439006030966,1,0.005,7.88554577451192e-174,"C10","MarkerC10-015"
3.94278773787512e-178,10.5140262126237,1,0.003,7.88557547575024e-174,"C10","MarkerC10-126"
3.94278773787512e-178,10.0780693427246,1,0.004,7.88557547575024e-174,"C10","MarkerC10-033"
3.94283229006541e-178,9.62170106757819,1,0.005,7.88566458013083e-174,"C10","MarkerC10-091"
3.94286199180415e-178,9.60371738449907,1,0.007,7.88572398360829e-174,"C10","MarkerC10-080"
3.94293624712508e-178,9.55821403716089,1,0.006,7.88587249425015e-174,"C10","MarkerC10-044"
3.94295109835639e-178,9.89037611430265,1,0.005,7.88590219671278e-174,"C10","MarkerC10-040"
3.94296594964277e-178,9.9892325035095,1,0.005,7.88593189928554e-174,"C10","MarkerC10-067"
3.94305505853273e-178,9.94589056052602,1,0.005,7.88611011706546e-174,"C10","MarkerC10-028"
3.97351264068063e-178,10.2097504573214,1,0.004,7.94702528136127e-174,"C10","MarkerC10-062"
3.97366230436675e-178,9.83142129516543,1,0.005,7.94732460873349e-174,"C10","MarkerC10-026"
3.97373713831367e-178,9.71945325573087,1,0.005,7.94747427662734e-174,"C10","MarkerC10-146"
3.97376707228447e-178,10.03813950104,1,0.004,7.94753414456894e-174,"C10","MarkerC10-104"
3.97388681041338e-178,9.85445663668573,1,0.005,7.94777362082676e-174,"C10","MarkerC10-136"
4.00453700886022e-178,9.7514900422724,1,0.005,8.00907401772044e-174,"C10","MarkerC10-074"
4.00476325499969e-178,9.66947967498949,1,0.006,8.00952650999938e-174,"C10","MarkerC10-117"
4.00494426106897e-178,9.9314656270972,1,0.005,8.00988852213793e-174,"C10","MarkerC10-129"
4.03597051481819e-178,10.2277962785999,1,0.004,8.07194102963638e-174,"C10","MarkerC10-085"
4.06780365008097e-178,9.53552771929221,1,0.005,8.13560730016194e-174,"C10","MarkerC10-058"
4.0995324235395e-178,9.74154964600353,1,0.005,8.199064847079e-174,"C10","MarkerC10-121"
4.09960962200224e-178,10.0087779835988,1,0.005,8.19921924400447e-174,"C10","MarkerC10-057"
4.0996868219111e-178,10.0753786826737,1,0.004,8.1993736438222e-174,"C10","MarkerC10-020"
4.19671524339481e-178,9.99542311259627,1,0.005,8.39343048678963e-174,"C10","MarkerC10-013"
4.21974026420743e-178,9.85925846613592,1,0.005,8.43948052841485e-174,"C10","MarkerC10-140"
4.22930492041894e-178,10.1667343047254,1,0.004,8.45860984083788e-174,"C10","MarkerC10-075"
4.26275732476663e-178,9.70465558067856,1,0.005,8.52551464953326e-174,"C10","MarkerC10-083"
4.29594010468809e-178,9.63224234310049,1,0.005,8.59188020937617e-174,"C10","MarkerC10-003"
4.39734244866838e-178,9.35350289524633,1,0.007,8.79468489733676e-174,"C10","MarkerC10-072"
4.53687170075272e-178,10.0754718434124,1,0.004,9.07374340150543e-174,"C10","MarkerC10-102"
6.26895131625224e-178,10.6232806897306,1,0.003,1.25379026325045e-173,"C10","MarkerC10-071"
6.26899843296782e-178,10.6141659890969,1,0.004,1.25379968659356e-173,"C10","MarkerC10-087"
6.26899843296782e-178,10.3976231820486,1,0.004,1.25379968659356e-173,"C10","MarkerC10-089"
6.26902199145824e-178,9.51569399932013,1,0.006,1.25380439829165e-173,"C10","MarkerC10-096"
6.26906910870308e-178,9.89263648342085,1,0.005,1.25381382174062e-173,"C10","MarkerC10-127"
6.26921046255025e-178,10.062140693802,1,0.005,1.25384209251005e-173,"C10","MarkerC10-082"
6.36694695599527e-178,9.42463510567295,1,0.007,1.27338939119905e-173,"C10","MarkerC10-132"
6.36711443751807e-178,9.88006046395377,1,0.006,1.27342288750361e-173,"C10","MarkerC10-066"
6.36718621665639e-178,9.89090483963056,1,0.005,1.27343724333128e-173,"C10","MarkerC10-118"
6.367497268893e-178,9.87240408093739,1,0.005,1.2734994537786e-173,"C10","MarkerC10-014"
6.36766476482104e-178,9.18841948793809,1,0.007,1.27353295296421e-173,"C10","MarkerC10-036"
6.46725015817154e-178,9.22613181391542,1,0.007,1.29345003163431e-173,"C10","MarkerC10-060"
6.46737166729004e-178,9.53550011010019,1,0.006,1.29347433345801e-173,"C10","MarkerC10-107"
6.51763690657928e-178,9.86114953518067,1,0.005,1.30352738131586e-173,"C10","MarkerC10-037"
6.62041054416781e-178,9.64316266095418,1,0.006,1.32408210883356e-173,"C10","MarkerC10-148"
6.671989083929e-178,9.43678259600751,1,0.007,1.3343978167858e-173,"C10","MarkerC10-105"
6.67203922212203e-178,9.56084999840482,1,0.006,1.33440784442441e-173,"C10","MarkerC10-097"
6.72374159757975e-178,9.44745726781237,1,0.007,1.34474831951595e-173,"C10","MarkerC10-119"
6.80338280363507e-178,9.71125875259228,1,0.006,1.36067656072701e-173,"C10","MarkerC10-034"
6.93713742162961e-178,9.70483012527491,1,0.005,1.38742748432592e-173,"C10","MarkerC10-149"
7.04577625387225e-178,9.90473907548487,1,0.004,1.40915525077445e-173,"C10","MarkerC10-064"
7.21251132356927e-178,9.55271355032221,1,0.006,1.44250226471385e-173,"C10","MarkerC10-008"
7.26845114766866e-178,9.50749213406238,1,0.006,1.45369022953373e-173,"C10","MarkerC10-010"
7.35383738883433e-178,9.45456415377034,1,0.006,1.47076747776687e-173,"C10","MarkerC10-147"
7.55749920765681e-178,9.83595479287547,1,0.005,1.51149984153136e-173,"C10","MarkerC10-012"
9.93808156233563e-178,9.56331689521069,1,0.006,1.98761631246712e-173,"C10","MarkerC10-038"
9.93856597631838e-178,10.0231496783835,1,0.005,1.98771319526368e-173,"C10","MarkerC10-144"
1.01732159205728e-177,9.3321567993668,1,0.007,2.03464318411456e-173,"C10","MarkerC10-023"
1.03327151810978e-177,9.66674565887049,1,0.005,2.06654303621957e-173,"C10","MarkerC10-046"
1.05765005686049e-177,9.51354227386663,1,0.007,2.11530011372099e-173,"C10","MarkerC10-048"
1.0910561464198e-177,9.66168063973379,1,0.005,2.1821122928396e-173,"C10","MarkerC10-016"
1.09107659585134e-177,9.42369483377336,1,0.006,2.18215319170267e-173,"C10","MarkerC10-114"
1.18855051826821e-177,9.49852133576497,1,0.007,2.37710103653641e-173,"C10","MarkerC10-142"
1.20713166543522e-177,10.1248782772295,1,0.004,2.41426333087044e-173,"C10","MarkerC10-094"
1.23562055052287e-177,10.1100527314448,1,0.004,2.47124110104574e-173,"C10","MarkerC10-029"
1.51252444132396e-177,9.47025669487854,1,0.006,3.02504888264792e-173,"C10","MarkerC10-073"
1.63320590603517e-177,9.40509475333451,1,0.007,3.26641181207034e-173,"C10","MarkerC10-025"
1.6332914354621e-177,9.17973704170105,1,0.007,3.2665828709242e-173,"C10","MarkerC10-004"
1.64597522686296e-177,9.49182830663355,1,0.006,3.29195045372591e-173,"C10","MarkerC10-068"
1.67170748488529e-177,9.52072557940085,1,0.007,3.34341496977058e-173,"C10","MarkerC10-032"
1.6783082272459e-177,9.33008430129771,1,0.007,3.35661645449181e-173,"C10","MarkerC10-050"
1.71123716273389e-177,9.35505142390173,1,0.006,3.42247432546778e-173,"C10","MarkerC10-135"
1.75835351096558e-177,9.44794124116505,1,0.006,3.51670702193116e-173,"C10","MarkerC10-056"
1.7929582346432e-177,9.59965428504411,1,0.006,3.5859164692864e-173,"C10","MarkerC10-031"
2.63481225147812e-177,9.6365682996664,1,0.005,5.26962450295625e-173,"C10","MarkerC10-115"
2.71810660381082e-177,9.54035985633102,1,0.006,5.43621320762163e-173,"C10","MarkerC10-090"
3.98347960119616e-177,9.01015103103156,1,0.008,7.96695920239233e-173,"C10","MarkerC10-145"
9.63619679722885e-179,9.97493603643383,1,0.006,1.92723935944577e-174,"C11","MarkerC11-135"
9.63626989276212e-179,10.4041552394149,1,0.003,1.92725397855242e-174,"C11","MarkerC11-084"
9.63645263401031e-179,10.4459474950388,1,0.004,1.92729052680206e-174,"C11","MarkerC11-056"
9.63652573147403e-179,9.25838073204699,1,0.007,1.92730514629481e-174,"C11","MarkerC11-137"
9.63659882949058e-179,10.3775638479757,1,0.003,1.92731976589812e-174,"C11","MarkerC11-106"
9.63670847755136e-179,10.892217979352,1,0.002,1.92734169551027e-174,"C11","MarkerC11-030"
9.63674502717925e-179,10.0429561354684,1,0.004,1.92734900543585e-174,"C11","MarkerC11-065"
9.6369643278512e-179,10.0179547963297,1,0.005,1.92739286557024e-174,"C11","MarkerC11-068"
9.6369643278512e-179,9.84067048513683,1,0.005,1.92739286557024e-174,"C11","MarkerC11-116"
9.63700087844535e-179,9.85604383970842,1,0.005,1.92740017568907e-174,"C11","MarkerC11-061"
9.63707398004901e-179,10.3744187097717,1,0.004,1.9274147960098e-174,"C11","MarkerC11-109"
9.63707398004901e-179,9.92628671705756,1,0.005,1.9274147960098e-174,"C11","MarkerC11-088"
9.63729328816836e-179,10.1826501639998,1,0.004,1.92745865763367e-174,"C11","MarkerC11-102"
1.54582792459367e-178,9.74718453365309,1,0.005,3.09165584918734e-174,"C11","MarkerC11-079"
1.54583377392818e-178,9.90566509389123,1,0.005,3.09166754785637e-174,"C11","MarkerC11-050"
1.54585717148715e-178,10.0619449927091,1,0.005,3.0917143429743e-174,"C11","MarkerC11-057"
1.54586887039857e-178,10.5434369393244,1,0.003,3.09173774079714e-174,"C11","MarkerC11-136"
1.54587471988736e-178,10.3696520021512,1,0.003,3.09174943977472e-174,"C11","MarkerC11-036"
1.54587471988736e-178,9.59678900324112,1,0.006,3.09174943977472e-174,"C11","MarkerC11-060"
1.5458805693981e-178,10.2676414465685,1,0.003,3.0917611387962e-174,"C11","MarkerC11-012"
1.5458805693981e-178,10.3863538190329,1,0.003,3.0917611387962e-174,"C11","MarkerC11-063"
1.54588641893111e-178,9.92274120184132,1,0.005,3.09177283786221e-174,"C11","MarkerC11-022"
1.5459156669257e-178,9.95315458831325,1,0.005,3.09183133385141e-174,"C11","MarkerC11-129"
1.54592736627786e-178,10.0690320485085,1,0.004,3.09185473255571e-174,"C11","MarkerC11-017"
1.54593321598694e-178,11.3189658226899,1,0.003,3.09186643197388e-174,"C11","MarkerC11-048"
1.54593906571797e-178,9.61667442007884,1,0.006,3.09187813143594e-174,"C11","MarkerC11-120"
1.54595076524636e-178,9.98789974270237,1,0.005,3.09190153049272e-174,"C11","MarkerC11-002"
1.54596246486255e-178,10.3898489427555,1,0.003,3.09192492972511e-174,"C11","MarkerC11-075"
1.54596246486255e-178,10.0453394447424,1,0.005,3.09192492972511e-174,"C11","MarkerC11-045"
1.54596246486255e-178,10.0522933207574,1,0.005,3.09192492972511e-174,"C11","MarkerC11-111"
1.54599171428899e-178,9.7728279335799,1,0.005,3.09198342857799e-174,"C11","MarkerC11-094"
1.54599756424048e-178,10.4562597766138,1,0.003,3.09199512848097e-174,"C11","MarkerC11-014"
1.54600341421392e-178,9.7234029915765,1,0.005,3.09200682842785e-174,"C11","MarkerC11-033"
1.55799027399125e-178,9.61399076786549,1,0.005,3.11598054798249e-174,"C11","MarkerC11-062"
1.55800795978501e-178,10.0238910235033,1,0.004,3.11601591957002e-174,"C11","MarkerC11-133"
1.55804333197235e-178,10.0352431171802,1,0.005,3.11608666394469e-174,"C11","MarkerC11-024"
1.55808460053423e-178,9.85285802842821,1,0.004,3.11616920106845e-174,"C11","MarkerC11-041"
1.55816124503483e-178,10.3494496311948,1,0.004,3.11632249006967e-174,"C11","MarkerC11-148"
1.57023037151854e-178,10.22616835457,1,0.003,3.14046074303708e-174,"C11","MarkerC11-007"
1.57024225442686e-178,9.54361270730668,1,0.006,3.14048450885372e-174,"C11","MarkerC11-031"
1.59504169332315e-178,9.86384657318644,1,0.004,3.19008338664631e-174,"C11","MarkerC11-077"
1.62007293207368e-178,9.8173441392207,1,0.005,3.24014586414736e-174,"C11","MarkerC11-010"
1.76536198599737e-178,10.1634428085399,1,0.004,3.53072397199474e-174,"C11","MarkerC11-122"
1.85024187288893e-178,10.0456226968274,1,0.004,3.70048374577786e-174,"C11","MarkerC11-115"
2.47238376345425e-178,10.2945960103747,1,0.004,4.94476752690849e-174,"C11","MarkerC11-070"
2.47238376345425e-178,9.85640116471862,1,0.005,4.94476752690849e-174,"C11","MarkerC11-117"
2.47243043268684e-178,10.4829871956928,1,0.003,4.94486086537369e-174,"C11","MarkerC11-028"
2.47243043268684e-178,9.77539622117469,1,0.005,4.94486086537369e-174,"C11","MarkerC11-072"
2.47243976663825e-178,9.38416009634837,1,0.007,4.94487953327649e-174,"C11","MarkerC11-004"
2.4725237737811e-178,9.83585465505018,1,0.005,4.94504754756221e-174,"C11","MarkerC11-096"
2.4725237737811e-178,10.1773954225299,1,0.005,4.94504754756221e-174,"C11","MarkerC11-138"
2.47255177679324e-178,9.29018984701046,1,0.006,4.94510355358647e-174,"C11","MarkerC11-093"
2.47256111120067e-178,9.67016217453506,1,0.005,4.94512222240134e-174,"C11","MarkerC11-092"
2.47257978012113e-178,9.60147652324354,1,0.005,4.94515956024226e-174,"C11","MarkerC11-107"
2.47257978012113e-178,9.93330570361645,1,0.005,4.94515956024226e-174,"C11","MarkerC11-127"
2.4726171183824e-178,9.81665647501624,1,0.004,4.94523423676479e-174,"C11","MarkerC11-042"
2.47264512244641e-178,10.1041982830513,1,0.004,4.94529024489283e-174,"C11","MarkerC11-025"
2.49167241231045e-178,10.0748360669485,1,0.004,4.98334482462089e-174,"C11","MarkerC11-013"
2.49177588483013e-178,9.75973515094261,1,0.005,4.98355176966027e-174,"C11","MarkerC11-105"
2.49181351226082e-178,10.0687044611594,1,0.005,4.98362702452163e-174,"C11","MarkerC11-140"
2.49186995446724e-178,9.74378764070031,1,0.006,4.98373990893449e-174,"C11","MarkerC11-095"
2.49197343514996e-178,10.1264100544164,1,0.004,4.98394687029992e-174,"C11","MarkerC11-038"
2.51124407745287e-178,9.86578384813917,1,0.005,5.02248815490574e-174,"C11","MarkerC11-134"
2.51125355757173e-178,9.89856170744192,1,0.005,5.02250711514346e-174,"C11","MarkerC11-085"
2.51133888024413e-178,10.0878251594045,1,0.005,5.02267776048826e-174,"C11","MarkerC11-044"
2.51137680235748e-178,10.0505260888033,1,0.005,5.02275360471495e-174,"C11","MarkerC11-128"
2.51140524431674e-178,9.79835983488991,1,0.004,5.02281048863347e-174,"C11","MarkerC11-026"
2.5114905721172e-178,9.72457598476529,1,0.005,5.02298114423439e-174,"C11","MarkerC11-009"
2.53099794668797e-178,9.96515697990887,1,0.004,5.06199589337594e-174,"C11","MarkerC11-020"
2.53110304822909e-178,9.78678841162007,1,0.005,5.06220609645818e-174,"C11","MarkerC11-083"
2.55101293546481e-178,9.57625714157582,1,0.006,5.10202587092961e-174,"C11","MarkerC11-101"
2.59094129682763e-178,10.3313503841371,1,0.003,5.18188259365527e-174,"C11","MarkerC11-003"
2.6315236422275e-178,9.89991899597557,1,0.005,5.26304728445501e-174,"C11","MarkerC11-108"
2.6317322438991e-178,9.65650807140936,1,0.005,5.2634644877982e-174,"C11","MarkerC11-052"
2.63193092745549e-178,9.70234306043192,1,0.005,5.26386185491097e-174,"C11","MarkerC11-103"
2.67316458766486e-178,9.97587427894586,1,0.005,5.34632917532972e-174,"C11","MarkerC11-043"
2.67326548764078e-178,10.1094745241739,1,0.004,5.34653097528156e-174,"C11","MarkerC11-124"
2.67329575837243e-178,10.0324365023382,1,0.004,5.34659151674485e-174,"C11","MarkerC11-067"
2.67331593904975e-178,10.2388437190849,1,0.004,5.34663187809951e-174,"C11","MarkerC11-091"
3.10057166375272e-178,10.0225234773389,1,0.005,6.20114332750544e-174,"C11","MarkerC11-078"
3.30008885106995e-178,9.73052591014439,1,0.005,6.60017770213989e-174,"C11","MarkerC11-054"
3.43155773188707e-178,9.56858656330774,1,0.005,6.86311546377413e-174,"C11","MarkerC11-053"
3.94275803669266e-178,9.42380867576408,1,0.006,7.88551607338533e-174,"C11","MarkerC11-090"
3.94281743927945e-178,10.0539064530219,1,0.004,7.8856348785589e-174,"C11","MarkerC11-146"
3.94283229006541e-178,10.0733173674807,1,0.006,7.88566458013083e-174,"C11","MarkerC11-034"
3.94293624712508e-178,10.4924019239497,1,0.004,7.88587249425015e-174,"C11","MarkerC11-104"
3.94298080098582e-178,9.84772715096131,1,0.005,7.88596160197164e-174,"C11","MarkerC11-071"
3.97340787943778e-178,10.0565085258219,1,0.004,7.94681575887556e-174,"C11","MarkerC11-100"
3.97352760679698e-178,10.3920887580417,1,0.004,7.94705521359396e-174,"C11","MarkerC11-080"
3.97379700648048e-178,10.1720831657086,1,0.004,7.94759401296096e-174,"C11","MarkerC11-097"
4.00473308811288e-178,10.2050560917682,1,0.004,8.00946617622576e-174,"C11","MarkerC11-143"
4.00482358945136e-178,9.88419898607906,1,0.005,8.00964717890271e-174,"C11","MarkerC11-123"
4.00492917691893e-178,9.47324969047886,1,0.006,8.00985835383786e-174,"C11","MarkerC11-008"
4.03581851017431e-178,10.0784600736669,1,0.004,8.07163702034862e-174,"C11","MarkerC11-113"
4.03581851017431e-178,9.74353595863394,1,0.005,8.07163702034862e-174,"C11","MarkerC11-121"
4.03587931134816e-178,9.90884137496519,1,0.004,8.07175862269632e-174,"C11","MarkerC11-059"
4.03601611732207e-178,9.58896054469953,1,0.005,8.07203223464414e-174,"C11","MarkerC11-132"
4.03621373409747e-178,9.76572281464923,1,0.005,8.07242746819495e-174,"C11","MarkerC11-139"
4.06765044951063e-178,9.80454442700844,1,0.005,8.13530089902126e-174,"C11","MarkerC11-087"
4.06784961137163e-178,10.4699764725728,1,0.003,8.13569922274326e-174,"C11","MarkerC11-114"
4.1314928162494e-178,9.56124344768634,1,0.005,8.2629856324988e-174,"C11","MarkerC11-032"
4.13166397559329e-178,9.5814221803548,1,0.006,8.26332795118658e-174,"C11","MarkerC11-089"
4.16385887820493e-178,9.97481535287452,1,0.004,8.32771775640987e-174,"C11","MarkerC11-142"
4.16393728499798e-178,9.30796333921823,1,0.006,8.32787456999596e-174,"C11","MarkerC11-046"
4.19650978806434e-178,9.63502584186867,1,0.005,8.39301957612869e-174,"C11","MarkerC11-019"
4.26245233367523e-178,9.39429378124189,1,0.006,8.52490466735047e-174,"C11","MarkerC11-119"
4.29571362721422e-178,9.31881349168198,1,0.007,8.59142725442844e-174,"C11","MarkerC11-099"
4.36316378469274e-178,9.75499237218249,1,0.006,8.72632756938547e-174,"C11","MarkerC11-006"
4.39720998431905e-178,10.1421740938354,1,0.003,8.79441996863809e-174,"C11","MarkerC11-074"
4.43177182945415e-178,10.2083830053786,1,0.004,8.86354365890831e-174,"C11","MarkerC11-027"
4.44891145184561e-178,9.36791681127297,1,0.006,8.89782290369122e-174,"C11","MarkerC11-037"
4.50132174990013e-178,9.60635434609808,1,0.006,9.00264349980026e-174,"C11","MarkerC11-082"
4.53682045391614e-178,9.18439139806794,1,0.007,9.07364090783228e-174,"C11","MarkerC11-035"
4.64397127564469e-178,9.63535699336945,1,0.005,9.28794255128937e-174,"C11","MarkerC11-144"
4.64426852376036e-178,9.78426971545221,1,0.005,9.28853704752072e-174,"C11","MarkerC11-066"
5.09929669884675e-178,9.52162654618287,1,0.005,1.01985933976935e-173,"C11","MarkerC11-018"
5.28143169727005e-178,9.35767898262851,1,0.006,1.05628633945401e-173,"C11","MarkerC11-098"
6.26845661200946e-178,10.0043280540981,1,0.005,1.25369132240189e-173,"C11","MarkerC11-125"
6.26913978523034e-178,9.58034862535856,1,0.006,1.25382795704607e-173,"C11","MarkerC11-126"
6.31819859611399e-178,9.48347587707501,1,0.006,1.2636397192228e-173,"C11","MarkerC11-051"
6.31824608204534e-178,10.1022371280321,1,0.004,1.26364921640907e-173,"C11","MarkerC11-145"
6.3426954778821e-178,10.1867840570826,1,0.003,1.26853909557642e-173,"C11","MarkerC11-015"
6.36732977734863e-178,9.31465357389148,1,0.007,1.27346595546973e-173,"C11","MarkerC11-141"
6.46678844424153e-178,9.67171364268313,1,0.006,1.29335768884831e-173,"C11","MarkerC11-112"
6.72412055287e-178,9.60422067616993,1,0.007,1.344824110574e-173,"C11","MarkerC11-069"
6.82917092893989e-178,9.45152697790471,1,0.007,1.36583418578798e-173,"C11","MarkerC11-150"
6.99031371424134e-178,9.99802266242883,1,0.004,1.39806274284827e-173,"C11","MarkerC11-064"
6.99115415004295e-178,9.84507937096471,1,0.005,1.39823083000859e-173,"C11","MarkerC11-058"
6.99125921158811e-178,10.1206669813779,1,0.004,1.39825184231762e-173,"C11","MarkerC11-110"
8.01105275092475e-178,9.91953216550245,1,0.005,1.60221055018495e-173,"C11","MarkerC11-021"
8.16877237290275e-178,9.48999610256487,1,0.006,1.63375447458055e-173,"C11","MarkerC11-130"
9.93696377357984e-178,9.76719671240674,1,0.006,1.98739275471597e-173,"C11","MarkerC11-029"
9.93808156233563e-178,9.50583614570813,1,0.006,1.98761631246712e-173,"C11","MarkerC11-005"
9.93834239771405e-178,10.4396814520527,1,0.004,1.98766847954281e-173,"C11","MarkerC11-039"
9.93860323990482e-178,9.16311721569271,1,0.008,1.98772064798096e-173,"C11","MarkerC11-086"
1.00939366857648e-177,9.61511191703571,1,0.006,2.01878733715295e-173,"C11","MarkerC11-131"
1.01732540617569e-177,10.110368898907,1,0.005,2.03465081235137e-173,"C11","MarkerC11-011"
1.03312819882695e-177,9.92556246971044,1,0.005,2.0662563976539e-173,"C11","MarkerC11-023"
1.04129305051723e-177,9.40702481501704,1,0.007,2.08258610103446e-173,"C11","MarkerC11-081"
1.05353690297335e-177,9.83240292344281,1,0.005,2.10707380594669e-173,"C11","MarkerC11-076"
1.07405429530851e-177,9.73745093074327,1,0.005,2.14810859061702e-173,"C11","MarkerC11-147"
1.07423146590357e-177,9.66022778255533,1,0.005,2.14846293180714e-173,"C11","MarkerC11-118"
1.12555400192435e-177,9.5623656498785,1,0.006,2.2511080038487e-173,"C11","MarkerC11-040"
1.5832229328896e-177,9.44887719438554,1,0.006,3.16644586577921e-173,"C11","MarkerC11-016"
1.65875739638536e-177,9.21437869433289,1,0.007,3.31751479277072e-173,"C11","MarkerC11-001"
1.71116036173906e-177,9.35392451655838,1,0.006,3.42232072347812e-173,"C11","MarkerC11-073"
1.71116676169078e-177,9.2787297634072,1,0.006,3.42233352338155e-173,"C11","MarkerC11-047"
1.9452236206024e-177,10.2475201871363,1,0.004,3.8904472412048e-173,"C11","MarkerC11-055"
2.47599717494252e-177,9.47182615221935,1,0.006,4.95199434988503e-173,"C11","MarkerC11-049"
3.92220837104407e-177,9.58546907066921,1,0.006,7.84441674208813e-173,"C11","MarkerC11-149"
9.63656228041357e-179,10.7613268288176,1,0.003,1.92731245608271e-174,"C12","MarkerC12-020"
9.63685467689462e-179,10.3102280630721,1,0.004,1.92737093537892e-174,"C12","MarkerC12-075"
9.63689122707535e-179,9.85765118938362,1,0.004,1.92737824541507e-174,"C12","MarkerC12-030"
9.63692777739356e-179,10.0285667787577,1,0.004,1.92738555547871e-174,"C12","MarkerC12-115"
9.6369643278512e-179,10.887896560366,1,0.003,1.92739286557024e-174,"C12","MarkerC12-011"
9.63700087844535e-179,10.0095407875956,1,0.005,1.92740017568907e-174,"C12","MarkerC12-026"
9.63700087844535e-179,9.55860238386883,1,0.005,1.92740017568907e-174,"C12","MarkerC12-047"
9.63703742917697e-179,10.1973377495322,1,0.004,1.92740748583539e-174,"C12","MarkerC12-105"
9.63711053105658e-179,10.867831032248,1,0.003,1.92742210621132e-174,"C12","MarkerC12-146"
9.63718363348806e-179,10.1932689211255,1,0.004,1.92743672669761e-174,"C12","MarkerC12-004"
9.63718363348806e-179,9.74338152606955,1,0.005,1.92743672669761e-174,"C12","MarkerC12-145"
9.63722018491003e-179,10.7653281979348,1,0.003,1.92744403698201e-174,"C12","MarkerC12-001"
9.63725673647045e-179,10.4288059747785,1,0.004,1.92745134729409e-174,"C12","MarkerC12-137"
9.63732984000473e-179,10.448134502779,1,0.003,1.92746596800095e-174,"C12","MarkerC12-073"
9.63740294409091e-179,9.81410037693577,1,0.005,1.92748058881818e-174,"C12","MarkerC12-069"
9.63758570672066e-179,10.1994812411277,1,0.004,1.92751714134413e-174,"C12","MarkerC12-129"
9.63765881273849e-179,9.82905251173219,1,0.005,1.9275317625477e-174,"C12","MarkerC12-119"
1.54583962328496e-178,10.2670131996855,1,0.003,3.09167924656992e-174,"C12","MarkerC12-040"
1.54587471988736e-178,9.76044815532364,1,0.006,3.09174943977472e-174,"C12","MarkerC12-109"
1.54589811806297e-178,10.2952459081712,1,0.003,3.09179623612593e-174,"C12","MarkerC12-024"
1.54592151659088e-178,9.49253674637733,1,0.005,3.09184303318177e-174,"C12","MarkerC12-099"
1.54593321598694e-178,9.52375354876597,1,0.005,3.09186643197388e-174,"C12","MarkerC12-034"
1.54593906571797e-178,9.59966134614827,1,0.005,3.09187813143594e-174,"C12","MarkerC12-121"
1.54594491547111e-178,9.76451801195605,1,0.005,3.09188983094222e-174,"C12","MarkerC12-045"
1.54595076524636e-178,10.0210297854717,1,0.004,3.09190153049272e-174,"C12","MarkerC12-079"
1.5459566150434e-178,9.94508468184028,1,0.005,3.0919132300868e-174,"C12","MarkerC12-097"
1.54596246486255e-178,10.0604844646031,1,0.004,3.09192492972511e-174,"C12","MarkerC12-128"
1.54596246486255e-178,9.58887394028151,1,0.005,3.09192492972511e-174,"C12","MarkerC12-147"
1.54596831470397e-178,10.3662433659001,1,0.004,3.09193662940794e-174,"C12","MarkerC12-103"
1.54597416456702e-178,10.1886788676685,1,0.004,3.09194832913405e-174,"C12","MarkerC12-039"
1.54597416456702e-178,9.82230654568161,1,0.005,3.09194832913405e-174,"C12","MarkerC12-132"
1.54603266441104e-178,9.78109048904157,1,0.005,3.09206532882208e-174,"C12","MarkerC12-086"
1.55793132278747e-178,10.0185153357567,1,0.004,3.11586264557495e-174,"C12","MarkerC12-126"
1.55803743655254e-178,10.5881941484608,1,0.003,3.11607487310507e-174,"C12","MarkerC12-044"
1.55807870495893e-178,10.2859511346859,1,0.003,3.11615740991785e-174,"C12","MarkerC12-008"
1.57023037151854e-178,10.1479043297196,1,0.004,3.14046074303708e-174,"C12","MarkerC12-101"
1.58259046422813e-178,9.482216975045,1,0.005,3.16518092845626e-174,"C12","MarkerC12-013"
1.5950054832551e-178,10.4016196342054,1,0.003,3.1900109665102e-174,"C12","MarkerC12-122"
1.60751169229523e-178,10.2877400831991,1,0.003,3.21502338459046e-174,"C12","MarkerC12-098"
1.64559611489449e-178,9.91235956834652,1,0.004,3.29119222978898e-174,"C12","MarkerC12-120"
2.47230909450549e-178,10.0118686957258,1,0.004,4.94461818901098e-174,"C12","MarkerC12-092"
2.47230909450549e-178,9.86928010227911,1,0.005,4.94461818901098e-174,"C12","MarkerC12-125"
2.47233709509823e-178,10.2904982703325,1,0.003,4.94467419019647e-174,"C12","MarkerC12-138"
2.47247710279554e-178,9.97841744647551,1,0.005,4.94495420559108e-174,"C12","MarkerC12-108"
2.47253310808345e-178,10.1472912020738,1,0.004,4.94506621616691e-174,"C12","MarkerC12-032"
2.472542442421e-178,9.72556927406957,1,0.006,4.94508488484199e-174,"C12","MarkerC12-068"
2.47256111120067e-178,10.0820790488299,1,0.005,4.94512222240134e-174,"C12","MarkerC12-050"
2.47257978012113e-178,9.47832135494393,1,0.007,4.94515956024226e-174,"C12","MarkerC12-142"
2.47259844918137e-178,9.6702515904007,1,0.006,4.94519689836274e-174,"C12","MarkerC12-077"
2.47260778376454e-178,9.33423079797194,1,0.006,4.94521556752907e-174,"C12","MarkerC12-057"
2.47263578772321e-178,9.9568505576932,1,0.005,4.94527157544642e-174,"C12","MarkerC12-072"
2.47269179658788e-178,9.80187246723549,1,0.006,4.94538359317576e-174,"C12","MarkerC12-017"
2.49164419327441e-178,10.4506576387772,1,0.003,4.98328838654881e-174,"C12","MarkerC12-061"
2.49177588483013e-178,9.53396848079324,1,0.006,4.98355176966027e-174,"C12","MarkerC12-038"
2.49178529163479e-178,9.89531863081258,1,0.005,4.98357058326958e-174,"C12","MarkerC12-007"
2.49180410535026e-178,9.63445150152436,1,0.005,4.98360821070052e-174,"C12","MarkerC12-114"
2.49186054734463e-178,9.96230823923308,1,0.004,4.98372109468925e-174,"C12","MarkerC12-095"
2.49186054734463e-178,9.29830565297505,1,0.007,4.98372109468925e-174,"C12","MarkerC12-116"
2.49186995446724e-178,9.45662742193713,1,0.007,4.98373990893449e-174,"C12","MarkerC12-134"
2.49188876881888e-178,9.87209153963352,1,0.005,4.98377753763776e-174,"C12","MarkerC12-042"
2.49188876881888e-178,9.60006609384456,1,0.005,4.98377753763776e-174,"C12","MarkerC12-127"
2.49190758331164e-178,9.82617959542006,1,0.006,4.98381516662329e-174,"C12","MarkerC12-049"
2.49199225027892e-178,10.0576547449535,1,0.004,4.98398450055784e-174,"C12","MarkerC12-046"
2.51124407745287e-178,9.71186014671634,1,0.005,5.02248815490574e-174,"C12","MarkerC12-070"
2.51132939980484e-178,10.1893218529651,1,0.004,5.02265879960968e-174,"C12","MarkerC12-107"
2.51133888024413e-178,9.65106719985036,1,0.005,5.02267776048826e-174,"C12","MarkerC12-110"
2.51139576362799e-178,10.4093990727357,1,0.003,5.02279152725598e-174,"C12","MarkerC12-054"
2.51142420580071e-178,10.2165203652268,1,0.004,5.02284841160142e-174,"C12","MarkerC12-010"
2.53087374137452e-178,9.62230745609048,1,0.005,5.06174748274904e-174,"C12","MarkerC12-060"
2.53093106614989e-178,9.75163986332069,1,0.005,5.06186213229977e-174,"C12","MarkerC12-025"
2.53104571957727e-178,9.71588183610697,1,0.005,5.06209143915454e-174,"C12","MarkerC12-112"
2.5310552742629e-178,10.1718004747183,1,0.005,5.06211054852579e-174,"C12","MarkerC12-118"
2.53129415306727e-178,10.3191127029718,1,0.004,5.06258830613454e-174,"C12","MarkerC12-009"
2.5508684916919e-178,9.42222305902443,1,0.006,5.1017369833838e-174,"C12","MarkerC12-087"
2.55093589777326e-178,9.63159394135219,1,0.005,5.10187179554652e-174,"C12","MarkerC12-141"
2.55098404605924e-178,10.3606938047551,1,0.004,5.10196809211848e-174,"C12","MarkerC12-149"
2.5709530728633e-178,10.2802942645363,1,0.004,5.14190614572659e-174,"C12","MarkerC12-037"
2.57105012411541e-178,9.72545355008566,1,0.005,5.14210024823082e-174,"C12","MarkerC12-033"
2.59105866199738e-178,10.1115222795724,1,0.004,5.18211732399475e-174,"C12","MarkerC12-029"
2.61136071669622e-178,9.43243077370715,1,0.005,5.22272143339245e-174,"C12","MarkerC12-041"
2.61146914700872e-178,10.2328320999022,1,0.004,5.22293829401744e-174,"C12","MarkerC12-082"
2.63161304092883e-178,10.1761816491289,1,0.005,5.26322608185766e-174,"C12","MarkerC12-094"
2.6316428411677e-178,9.55198621737292,1,0.005,5.26328568233539e-174,"C12","MarkerC12-093"
2.63170244265283e-178,9.59077078648299,1,0.005,5.26340488530566e-174,"C12","MarkerC12-066"
2.69408883457004e-178,10.2394432185421,1,0.004,5.38817766914008e-174,"C12","MarkerC12-113"
2.71520740806436e-178,9.83638519740677,1,0.005,5.43041481612872e-174,"C12","MarkerC12-100"
2.73658427745203e-178,9.97727950842231,1,0.005,5.47316855490405e-174,"C12","MarkerC12-003"
2.75786900641198e-178,9.2472904726626,1,0.007,5.51573801282395e-174,"C12","MarkerC12-023"
2.77950789969013e-178,10.1145395383228,1,0.004,5.55901579938025e-174,"C12","MarkerC12-016"
2.82318918382169e-178,10.309785198652,1,0.003,5.64637836764338e-174,"C12","MarkerC12-136"
2.82328507721667e-178,10.1024334873505,1,0.004,5.64657015443334e-174,"C12","MarkerC12-027"
2.8676426592382e-178,9.1117745985968,1,0.007,5.73528531847639e-174,"C12","MarkerC12-111"
3.51295789567885e-178,9.7293535389311,1,0.005,7.02591579135769e-174,"C12","MarkerC12-085"
3.94262438412858e-178,9.88746071715665,1,0.005,7.88524876825715e-174,"C12","MarkerC12-043"
3.94265408430865e-178,9.91171120581947,1,0.005,7.88530816861729e-174,"C12","MarkerC12-135"
3.94266893448248e-178,9.12826575330165,1,0.007,7.88533786896496e-174,"C12","MarkerC12-019"
3.94272833573327e-178,9.93037420743339,1,0.006,7.88545667146654e-174,"C12","MarkerC12-067"
3.94275803669266e-178,9.85944416685322,1,0.005,7.88551607338533e-174,"C12","MarkerC12-140"
3.94290654482966e-178,9.91804950717585,1,0.005,7.88581308965932e-174,"C12","MarkerC12-056"
3.94301050383754e-178,9.84226901815141,1,0.005,7.88602100767507e-174,"C12","MarkerC12-064"
3.97352760679698e-178,9.20992841080851,1,0.007,7.94705521359396e-174,"C12","MarkerC12-123"
3.97355753919776e-178,9.72938277322682,1,0.006,7.94711507839553e-174,"C12","MarkerC12-002"
3.97379700648048e-178,9.96491506081309,1,0.005,7.94759401296096e-174,"C12","MarkerC12-148"
4.00455209154069e-178,9.62743898180426,1,0.005,8.00910418308138e-174,"C12","MarkerC12-055"
4.00480850575404e-178,9.72531581058613,1,0.005,8.00961701150808e-174,"C12","MarkerC12-104"
4.00491409282563e-178,10.0120044484814,1,0.005,8.00982818565126e-174,"C12","MarkerC12-048"
4.00497442953846e-178,9.99970074271735,1,0.005,8.00994885907693e-174,"C12","MarkerC12-035"
4.03600091643067e-178,9.63817202183722,1,0.005,8.07200183286134e-174,"C12","MarkerC12-074"
4.03606172033854e-178,9.82963899973673,1,0.004,8.07212344067707e-174,"C12","MarkerC12-131"
4.03607692145825e-178,9.95302782498477,1,0.005,8.07215384291651e-174,"C12","MarkerC12-089"
4.06780365008097e-178,9.53080526173152,1,0.005,8.13560730016194e-174,"C12","MarkerC12-090"
4.09930083683071e-178,9.34697061644462,1,0.006,8.19860167366142e-174,"C12","MarkerC12-006"
4.13150837589833e-178,9.4901671639013,1,0.006,8.26301675179666e-174,"C12","MarkerC12-078"
4.13185070292445e-178,10.1768443896856,1,0.004,8.2637014058489e-174,"C12","MarkerC12-012"
4.19660461235801e-178,10.0476795234941,1,0.005,8.39320922471602e-174,"C12","MarkerC12-021"
4.26195476324644e-178,9.64442404725975,1,0.006,8.52390952649287e-174,"C12","MarkerC12-065"
4.29577833385194e-178,9.32792452638353,1,0.006,8.59155666770388e-174,"C12","MarkerC12-036"
4.32967433796541e-178,9.51480039596332,1,0.006,8.65934867593082e-174,"C12","MarkerC12-124"
4.36344310201634e-178,10.0722540323067,1,0.005,8.72688620403267e-174,"C12","MarkerC12-130"
4.53670088020376e-178,9.57357314781762,1,0.006,9.07340176040753e-174,"C12","MarkerC12-031"
4.57227165518851e-178,9.9984782747976,1,0.004,9.14454331037703e-174,"C12","MarkerC12-091"
5.13960168523396e-178,9.47864951174739,1,0.006,1.02792033704679e-173,"C12","MarkerC12-076"
5.34357590647345e-178,9.16801677620775,1,0.007,1.06871518129469e-173,"C12","MarkerC12-139"
5.47004324212432e-178,9.99242739372389,1,0.004,1.09400864842486e-173,"C12","MarkerC12-062"
6.22082773332522e-178,9.99789337304516,1,0.004,1.24416554666504e-173,"C12","MarkerC12-096"
6.26883352600368e-178,9.78547771662704,1,0.006,1.25376670520074e-173,"C12","MarkerC12-081"
6.36730585034251e-178,10.2381198860808,1,0.003,1.2734611700685e-173,"C12","MarkerC12-028"
6.4662781670035e-178,10.0144076585548,1,0.004,1.2932556334007e-173,"C12","MarkerC12-144"
6.56905746921003e-178,9.61721253863672,1,0.006,1.31381149384201e-173,"C12","MarkerC12-058"
6.59446107287652e-178,9.83913950287745,1,0.004,1.3188922145753e-173,"C12","MarkerC12-014"
6.6203359175492e-178,9.64389451693327,1,0.006,1.32406718350984e-173,"C12","MarkerC12-022"
6.67176346669689e-178,9.41910579868367,1,0.005,1.33435269333938e-173,"C12","MarkerC12-088"
6.67183867159695e-178,9.89755818772854,1,0.005,1.33436773431939e-173,"C12","MarkerC12-018"
6.9912329460547e-178,9.60839369214378,1,0.006,1.39824658921094e-173,"C12","MarkerC12-053"
7.32559478466132e-178,10.2549676353044,1,0.004,1.46511895693226e-173,"C12","MarkerC12-083"
9.10931138451259e-178,9.38061806239929,1,0.006,1.82186227690252e-173,"C12","MarkerC12-133"
9.93770895218234e-178,9.73423896276402,1,0.005,1.98754179043647e-173,"C12","MarkerC12-052"
1.00161757549098e-177,9.60482961084249,1,0.006,2.00323515098196e-173,"C12","MarkerC12-059"
1.00938231525497e-177,9.27636786138697,1,0.007,2.01876463050993e-173,"C12","MarkerC12-051"
1.04130476186368e-177,9.73785554225228,1,0.005,2.08260952372736e-173,"C12","MarkerC12-015"
1.0825421747907e-177,9.49678081821816,1,0.006,2.1650843495814e-173,"C12","MarkerC12-150"
1.13437605859116e-177,9.70124147633323,1,0.005,2.26875211718232e-173,"C12","MarkerC12-080"
1.13872331775064e-177,9.48841834419676,1,0.007,2.27744663550128e-173,"C12","MarkerC12-005"
1.60810768640875e-177,9.68938954449439,1,0.006,3.2162153728175e-173,"C12","MarkerC12-084"
1.68470183802615e-177,9.40136345951732,1,0.007,3.3694036760523e-173,"C12","MarkerC12-063"
1.80690063209407e-177,9.47757311760504,1,0.006,3.61380126418813e-173,"C12","MarkerC12-106"
1.93776288511879e-177,9.25473565128839,1,0.007,3.87552577023757e-173,"C12","MarkerC12-117"
2.16037209329778e-177,9.62539805621132,1,0.006,4.32074418659557e-173,"C12","MarkerC12-071"
2.55440097050015e-177,9.42176358593746,1,0.006,5.10880194100029e-173,"C12","MarkerC12-102"
2.95091310996136e-177,8.98700869609218,1,0.007,5.90182621992271e-173,"C12","MarkerC12-143"
