"p_val","avg_log2FC","pct.1","pct.2","p_val_adj","cluster","gene"
3.13531193980342e-188,9.47964991053692,1,0.006,6.27062387960684e-184,"C01","MarkerC01-019"
3.13533958624482e-188,9.75957036854539,1,0.005,6.27067917248964e-184,"C01","MarkerC01-069"
3.1353856641864e-188,9.86720621704661,1,0.005,6.2707713283728e-184,"C01","MarkerC01-074"
3.13540409555197e-188,10.2559403982888,1,0.004,6.27080819110393e-184,"C01","MarkerC01-085"
3.13545017443723e-188,10.4206253250535,1,0.003,6.27090034887447e-184,"C01","MarkerC01-145"
3.13548703803121e-188,10.1881647349642,1,0.004,6.27097407606243e-184,"C01","MarkerC01-090"
3.13548703803121e-188,9.89855341050354,1,0.005,6.27097407606243e-184,"C01","MarkerC01-104"
3.13552390205581e-188,10.1729909344723,1,0.005,6.27104780411163e-184,"C01","MarkerC01-130"
4.52194451704722e-188,10.301986487388,1,0.003,9.04388903409444e-184,"C01","MarkerC01-032"
4.52250182405136e-188,9.80236048394251,1,0.004,9.04500364810272e-184,"C01","MarkerC01-093"
4.52254163431077e-188,9.96038029406945,1,0.004,9.04508326862155e-184,"C01","MarkerC01-095"
4.52254163431077e-188,10.3822375998043,1,0.004,9.04508326862155e-184,"C01","MarkerC01-143"
4.52258144491881e-188,9.61947257562942,1,0.006,9.04516288983762e-184,"C01","MarkerC01-005"
4.52263452627182e-188,9.80646739584063,1,0.005,9.04526905254364e-184,"C01","MarkerC01-001"
4.52264779670754e-188,9.83310908463984,1,0.005,9.04529559341509e-184,"C01","MarkerC01-103"
4.52266106718027e-188,10.5316993547578,1,0.004,9.04532213436055e-184,"C01","MarkerC01-147"
4.52270087883512e-188,9.72529958030518,1,0.005,9.04540175767024e-184,"C01","MarkerC01-030"
4.52271414946484e-188,9.92018787182927,1,0.005,9.04542829892968e-184,"C01","MarkerC01-141"
4.52275396158312e-188,9.8257825968259,1,0.005,9.04550792316624e-184,"C01","MarkerC01-148"
4.52276723236747e-188,10.3423277231436,1,0.004,9.04553446473494e-184,"C01","MarkerC01-081"
4.52276723236747e-188,9.94781521063238,1,0.005,9.04553446473494e-184,"C01","MarkerC01-100"
4.52278050319024e-188,10.2766175709027,1,0.004,9.04556100638049e-184,"C01","MarkerC01-009"
4.52278050319024e-188,9.56250435452806,1,0.006,9.04556100638049e-184,"C01","MarkerC01-053"
4.52283358686887e-188,10.1634224322731,1,0.004,9.04566717373775e-184,"C01","MarkerC01-079"
4.52284685788518e-188,9.80472208116028,1,0.005,9.04569371577036e-184,"C01","MarkerC01-086"
4.5229397560865e-188,10.1637084240804,1,0.005,9.045879512173e-184,"C01","MarkerC01-023"
4.52296629877845e-188,9.89710541191734,1,0.005,9.0459325975569e-184,"C01","MarkerC01-046"
4.52296629877845e-188,9.85545879184552,1,0.005,9.0459325975569e-184,"C01","MarkerC01-070"
4.52312555818566e-188,10.0894095702471,1,0.004,9.04625111637132e-184,"C01","MarkerC01-121"
4.55365153129764e-188,9.57506372081505,1,0.005,9.10730306259529e-184,"C01","MarkerC01-051"
4.55386531571821e-188,9.75668363893147,1,0.005,9.10773063143641e-184,"C01","MarkerC01-003"
4.55393212539869e-188,10.0618804057171,1,0.004,9.10786425079737e-184,"C01","MarkerC01-043"
4.55394548745141e-188,9.72781381523772,1,0.005,9.10789097490282e-184,"C01","MarkerC01-071"
4.58492136616819e-188,9.87455489600186,1,0.005,9.16984273233637e-184,"C01","MarkerC01-072"
4.58506934880448e-188,10.1424959409576,1,0.004,9.17013869760896e-184,"C01","MarkerC01-068"
4.61660885735314e-188,9.89728368144311,1,0.005,9.23321771470628e-184,"C01","MarkerC01-016"
4.64829687154943e-188,10.3738479859886,1,0.003,9.29659374309885e-184,"C01","MarkerC01-137"
4.68060037032963e-188,9.76472953399086,1,0.005,9.36120074065927e-184,"C01","MarkerC01-073"
4.71261648493905e-188,10.2514705470821,1,0.004,9.4252329698781e-184,"C01","MarkerC01-006"
4.77760077429953e-188,9.96866572450992,1,0.004,9.55520154859905e-184,"C01","MarkerC01-127"
5.01212398121968e-188,9.83319146179103,1,0.005,1.00242479624394e-183,"C01","MarkerC01-112"
5.18698269278985e-188,9.87386860800094,1,0.005,1.03739653855797e-183,"C01","MarkerC01-117"
5.61266961068462e-188,10.1240918784958,1,0.004,1.12253392213692e-183,"C01","MarkerC01-041"
6.50991736589285e-188,9.80793413950095,1,0.005,1.30198347317857e-183,"C01","MarkerC01-077"
6.51012712922407e-188,10.0962114273302,1,0.004,1.30202542584481e-183,"C01","MarkerC01-134"
6.51022247841601e-188,10.1447367913632,1,0.005,1.3020444956832e-183,"C01","MarkerC01-125"
6.51026061848241e-188,9.52811861229132,1,0.006,1.30205212369648e-183,"C01","MarkerC01-114"
6.51054667606905e-188,9.90909515348529,1,0.005,1.30210933521381e-183,"C01","MarkerC01-120"
6.51062296020501e-188,9.74279406120792,1,0.005,1.302124592041e-183,"C01","MarkerC01-045"
6.51066110260608e-188,10.3378890760035,1,0.003,1.30213222052122e-183,"C01","MarkerC01-089"
6.55502474536246e-188,9.42140288061645,1,0.006,1.31100494907249e-183,"C01","MarkerC01-029"
6.55513995180701e-188,10.1668174183656,1,0.004,1.3110279903614e-183,"C01","MarkerC01-060"
6.55521675722285e-188,9.8006875312626,1,0.005,1.31104335144457e-183,"C01","MarkerC01-052"
6.55531276525123e-188,9.85106522863618,1,0.005,1.31106255305025e-183,"C01","MarkerC01-044"
6.59920706468152e-188,9.82927436992104,1,0.005,1.3198414129363e-183,"C01","MarkerC01-037"
6.59947769058476e-188,9.7718919390856,1,0.006,1.31989553811695e-183,"C01","MarkerC01-124"
6.60013497090776e-188,10.2102565406701,1,0.004,1.32002699418155e-183,"C01","MarkerC01-140"
6.6004249682338e-188,10.1097648966095,1,0.004,1.32008499364676e-183,"C01","MarkerC01-057"
6.60059897271696e-188,9.48081561932844,1,0.006,1.32011979454339e-183,"C01","MarkerC01-113"
6.64469884394324e-188,9.88834293025808,1,0.005,1.32893976878865e-183,"C01","MarkerC01-146"
6.64534115271408e-188,9.94577067118449,1,0.004,1.32906823054282e-183,"C01","MarkerC01-048"
6.64559420040925e-188,9.93309613593319,1,0.004,1.32911884008185e-183,"C01","MarkerC01-056"
6.6457109948891e-188,9.99996217912508,1,0.004,1.32914219897782e-183,"C01","MarkerC01-067"
6.69087620100392e-188,9.65378720269388,1,0.005,1.33817524020078e-183,"C01","MarkerC01-096"
6.69097419123413e-188,10.0429297840639,1,0.004,1.33819483824683e-183,"C01","MarkerC01-047"
6.69105258444744e-188,10.092841267078,1,0.004,1.33821051688949e-183,"C01","MarkerC01-107"
6.6915621626179e-188,10.0148518133671,1,0.005,1.33831243252358e-183,"C01","MarkerC01-028"
6.73709781515427e-188,9.50279751908209,1,0.006,1.34741956303085e-183,"C01","MarkerC01-118"
6.73719648072145e-188,9.55272870588568,1,0.006,1.34743929614429e-183,"C01","MarkerC01-136"
6.78322112089509e-188,9.85527377481772,1,0.005,1.35664422417902e-183,"C01","MarkerC01-142"
6.82991987620732e-188,9.42709951746756,1,0.006,1.36598397524146e-183,"C01","MarkerC01-094"
6.87667791195516e-188,9.80605419189947,1,0.005,1.37533558239103e-183,"C01","MarkerC01-002"
6.92432350117241e-188,10.4209461196107,1,0.004,1.38486470023448e-183,"C01","MarkerC01-042"
7.16565417919686e-188,10.1457275164602,1,0.004,1.43313083583937e-183,"C01","MarkerC01-129"
7.21481356695703e-188,9.64418383906788,1,0.006,1.44296271339141e-183,"C01","MarkerC01-021"
7.7252298836544e-188,9.80387218098483,1,0.005,1.54504597673088e-183,"C01","MarkerC01-083"
8.61994020541909e-188,10.2157998061055,1,0.004,1.72398804108382e-183,"C01","MarkerC01-106"
9.35149797889488e-188,9.67434115094025,1,0.006,1.87029959577898e-183,"C01","MarkerC01-007"
9.41568861117904e-188,9.66645517377738,1,0.005,1.88313772223581e-183,"C01","MarkerC01-040"
9.41612916054131e-188,9.85880986366516,1,0.005,1.88322583210826e-183,"C01","MarkerC01-150"
9.41626683642306e-188,9.71824574950998,1,0.005,1.88325336728461e-183,"C01","MarkerC01-059"
9.41629437183971e-188,10.0806558000759,1,0.004,1.88325887436794e-183,"C01","MarkerC01-054"
9.41645958602465e-188,9.63897917584577,1,0.005,1.88329191720493e-183,"C01","MarkerC01-115"
9.48026389940378e-188,9.86842536786472,1,0.005,1.89605277988076e-183,"C01","MarkerC01-022"
9.48134512208258e-188,9.91304799817326,1,0.005,1.89626902441652e-183,"C01","MarkerC01-011"
9.54547692702409e-188,10.2634261314347,1,0.004,1.90909538540482e-183,"C01","MarkerC01-076"
9.54589562114635e-188,9.58758210007854,1,0.006,1.90917912422927e-183,"C01","MarkerC01-119"
9.54625850417276e-188,10.1188310647768,1,0.004,1.90925170083455e-183,"C01","MarkerC01-015"
9.54667723241733e-188,9.48458513077577,1,0.006,1.90933544648347e-183,"C01","MarkerC01-025"
9.61150337145057e-188,9.82234392048705,1,0.005,1.92230067429011e-183,"C01","MarkerC01-075"
9.67705216011352e-188,9.59183302140814,1,0.006,1.9354104320227e-183,"C01","MarkerC01-078"
9.67710875262127e-188,9.91071924695832,1,0.005,1.93542175052425e-183,"C01","MarkerC01-013"
9.67710875262127e-188,9.67874758840652,1,0.005,1.93542175052425e-183,"C01","MarkerC01-098"
9.67742001730033e-188,9.7573728244304,1,0.005,1.93548400346007e-183,"C01","MarkerC01-097"
9.67778788840301e-188,9.99776530716061,1,0.004,1.9355575776806e-183,"C01","MarkerC01-061"
9.74373121434265e-188,9.56902911055419,1,0.006,1.94874624286853e-183,"C01","MarkerC01-036"
9.81052493959859e-188,9.70950631176776,1,0.005,1.96210498791972e-183,"C01","MarkerC01-109"
9.87881579844213e-188,9.7874993711859,1,0.005,1.97576315968843e-183,"C01","MarkerC01-034"
9.94583648719261e-188,10.0178798477427,1,0.005,1.98916729743852e-183,"C01","MarkerC01-135"
9.94601097019088e-188,9.64568239002172,1,0.006,1.98920219403818e-183,"C01","MarkerC01-110"
1.01866708859965e-187,9.73820245526509,1,0.005,2.03733417719931e-183,"C01","MarkerC01-020"
1.02217188139464e-187,9.86605168020038,1,0.005,2.04434376278929e-183,"C01","MarkerC01-133"
1.02574869528168e-187,9.70937144752315,1,0.005,2.05149739056336e-183,"C01","MarkerC01-126"
1.02916949737178e-187,9.35327657996559,1,0.006,2.05833899474356e-183,"C01","MarkerC01-139"
1.05059202027443e-187,9.77717408916218,1,0.005,2.10118404054887e-183,"C01","MarkerC01-105"
1.06497527040512e-187,10.0564353770859,1,0.005,2.12995054081023e-183,"C01","MarkerC01-128"
1.06861108250908e-187,10.2750296214241,1,0.004,2.13722216501816e-183,"C01","MarkerC01-116"
1.11717712737077e-187,9.69848009295213,1,0.005,2.23435425474154e-183,"C01","MarkerC01-088"
1.14819521612236e-187,10.0391529295466,1,0.004,2.29639043224472e-183,"C01","MarkerC01-035"
1.27657016458579e-187,9.73312149531105,1,0.006,2.55314032917158e-183,"C01","MarkerC01-033"
1.3405976300577e-187,10.1066945305373,1,0.005,2.6811952601154e-183,"C01","MarkerC01-004"
1.34073461610391e-187,9.66474782666133,1,0.006,2.68146923220783e-183,"C01","MarkerC01-055"
1.34972501616885e-187,9.63577988514515,1,0.006,2.69945003233771e-183,"C01","MarkerC01-049"
1.35891844064138e-187,9.88566343535167,1,0.005,2.71783688128277e-183,"C01","MarkerC01-131"
1.35906126184118e-187,9.59766700812376,1,0.006,2.71812252368237e-183,"C01","MarkerC01-108"
1.35908109930073e-187,10.047015427909,1,0.004,2.71816219860147e-183,"C01","MarkerC01-080"
1.35909696947548e-187,9.68485123787424,1,0.006,2.71819393895096e-183,"C01","MarkerC01-123"
1.36833418148097e-187,9.7475176031041,1,0.005,2.73666836296194e-183,"C01","MarkerC01-066"
1.37769844884527e-187,10.316501115928,1,0.004,2.75539689769053e-183,"C01","MarkerC01-091"
1.3871955641541e-187,9.80105664881038,1,0.005,2.7743911283082e-183,"C01","MarkerC01-144"
1.39672952926741e-187,9.91867635248791,1,0.005,2.79345905853482e-183,"C01","MarkerC01-026"
1.39676214697564e-187,10.2869207364911,1,0.003,2.79352429395128e-183,"C01","MarkerC01-031"
1.41599011893453e-187,9.93708234632492,1,0.005,2.83198023786906e-183,"C01","MarkerC01-102"
1.41603971887986e-187,9.67502259625472,1,0.005,2.83207943775971e-183,"C01","MarkerC01-010"
1.42568845659902e-187,9.64013972459902,1,0.005,2.85137691319803e-183,"C01","MarkerC01-064"
1.4438581772084e-187,9.48410330331843,1,0.006,2.88771635441679e-183,"C01","MarkerC01-099"
1.44529728360727e-187,9.78602279759784,1,0.005,2.89059456721454e-183,"C01","MarkerC01-065"
1.48528342178503e-187,10.1274515631011,1,0.004,2.97056684357005e-183,"C01","MarkerC01-018"
1.50580761486188e-187,10.0579601834162,1,0.004,3.01161522972377e-183,"C01","MarkerC01-038"
1.62341241484398e-187,9.3969158899488,1,0.007,3.24682482968797e-183,"C01","MarkerC01-027"
1.78634850723987e-187,9.7203305431749,1,0.006,3.57269701447974e-183,"C01","MarkerC01-012"
1.91761520125922e-187,9.80549695234519,1,0.006,3.83523040251844e-183,"C01","MarkerC01-039"
1.91773257042484e-187,9.45067639665377,1,0.007,3.83546514084968e-183,"C01","MarkerC01-017"
1.91777169506936e-187,9.87449617517956,1,0.005,3.83554339013871e-183,"C01","MarkerC01-122"
1.94425861156658e-187,9.91492754327799,1,0.005,3.88851722313316e-183,"C01","MarkerC01-084"
1.95756460857367e-187,10.0977169737371,1,0.004,3.91512921714734e-183,"C01","MarkerC01-082"
1.97095007360617e-187,9.62339471894853,1,0.005,3.94190014721234e-183,"C01","MarkerC01-092"
1.98440960952481e-187,9.80659737957498,1,0.005,3.96881921904961e-183,"C01","MarkerC01-050"
2.01167507496401e-187,9.37763383010137,1,0.007,4.02335014992802e-183,"C01","MarkerC01-062"
2.02553634350485e-187,9.90562989978248,1,0.005,4.0510726870097e-183,"C01","MarkerC01-087"
2.05342604754851e-187,10.1687059531817,1,0.004,4.10685209509702e-183,"C01","MarkerC01-008"
2.11026301451791e-187,9.45700547332216,1,0.006,4.22052602903583e-183,"C01","MarkerC01-101"
2.11744947512792e-187,9.73385197546299,1,0.005,4.23489895025584e-183,"C01","MarkerC01-132"
2.86893220718131e-187,9.76695531710439,1,0.005,5.73786441436263e-183,"C01","MarkerC01-014"
3.52435184627192e-187,9.77696543576735,1,0.005,7.04870369254384e-183,"C01","MarkerC01-063"
3.79901751457097e-187,9.52194626136056,1,0.005,7.59803502914194e-183,"C01","MarkerC01-024"
4.36558795378037e-187,9.93339418500586,1,0.004,8.73117590756074e-183,"C01","MarkerC01-149"
4.47487011207987e-187,9.69329166088989,1,0.005,8.94974022415974e-183,"C01","MarkerC01-111"
5.41148868058403e-187,9.57749720774921,1,0.006,1.08229773611681e-182,"C01","MarkerC01-058"
9.46095643241828e-187,9.60124027627386,1,0.005,1.89219128648366e-182,"C01","MarkerC01-138"
3.135293508977e-188,9.82850620289253,1,0.005,6.27058701795401e-184,"C02","MarkerC02-017"
3.13534880177961e-188,10.0856577541314,1,0.004,6.27069760355923e-184,"C02","MarkerC02-126"
3.13535801734048e-188,9.84216647096254,1,0.004,6.27071603468096e-184,"C02","MarkerC02-023"
3.13535801734048e-188,10.0912553380029,1,0.005,6.27071603468096e-184,"C02","MarkerC02-147"
3.13536723292939e-188,10.1357631051833,1,0.004,6.27073446585877e-184,"C02","MarkerC02-057"
3.1353856641864e-188,9.6508799237374,1,0.005,6.2707713283728e-184,"C02","MarkerC02-117"
3.1354225270251e-188,9.656588599584,1,0.005,6.2708450540502e-184,"C02","MarkerC02-038"
3.13544095860679e-188,10.2840167859329,1,0.004,6.27088191721357e-184,"C02","MarkerC02-082"
3.13549625399662e-188,9.5603438822213,1,0.005,6.27099250799323e-184,"C02","MarkerC02-141"
3.13556998269387e-188,10.2076987906046,1,0.004,6.27113996538774e-184,"C02","MarkerC02-048"
4.52266106718027e-188,9.86843933565547,1,0.005,9.04532213436055e-184,"C02","MarkerC02-107"
4.52283358686887e-188,9.70725559546764,1,0.004,9.04566717373775e-184,"C02","MarkerC02-101"
4.52283358686887e-188,10.1398288612247,1,0.004,9.04566717373775e-184,"C02","MarkerC02-134"
4.52286012894085e-188,9.90110497470265,1,0.005,9.0457202578817e-184,"C02","MarkerC02-135"
4.52288667116794e-188,9.61803716817168,1,0.005,9.04577334233588e-184,"C02","MarkerC02-047"
4.52292648479793e-188,9.78159195094625,1,0.006,9.04585296959586e-184,"C02","MarkerC02-129"
4.52297957018277e-188,10.0563617054054,1,0.004,9.04595914036553e-184,"C02","MarkerC02-131"
4.52299284162551e-188,10.5489168343674,1,0.003,9.04598568325102e-184,"C02","MarkerC02-146"
4.52304592778451e-188,9.95127409234765,1,0.004,9.04609185556901e-184,"C02","MarkerC02-142"
4.52308574281099e-188,9.39799417559313,1,0.006,9.04617148562198e-184,"C02","MarkerC02-085"
4.5533843148186e-188,9.44485806444107,1,0.005,9.1067686296372e-184,"C02","MarkerC02-068"
4.55387867757655e-188,9.73716143229907,1,0.006,9.1077573551531e-184,"C02","MarkerC02-110"
4.55402566058968e-188,10.3620296734087,1,0.004,9.10805132117935e-184,"C02","MarkerC02-052"
4.55402566058968e-188,9.90515477299974,1,0.005,9.10805132117935e-184,"C02","MarkerC02-111"
4.55405238528207e-188,9.87756533113831,1,0.005,9.10810477056415e-184,"C02","MarkerC02-096"
4.55411919769438e-188,9.70653616617559,1,0.005,9.10823839538875e-184,"C02","MarkerC02-027"
4.55417264832573e-188,10.0660523463656,1,0.004,9.10834529665146e-184,"C02","MarkerC02-138"
4.55425282544481e-188,10.1124631986682,1,0.005,9.10850565088962e-184,"C02","MarkerC02-121"
4.58482719787417e-188,9.84291045219135,1,0.004,9.16965439574834e-184,"C02","MarkerC02-072"
4.58523078983026e-188,10.3491792175947,1,0.004,9.17046157966052e-184,"C02","MarkerC02-045"
4.5853115124649e-188,9.76081914148079,1,0.005,9.17062302492979e-184,"C02","MarkerC02-106"
4.5853653283407e-188,9.85199561709588,1,0.004,9.1707306566814e-184,"C02","MarkerC02-130"
4.68021586706791e-188,9.86146295465677,1,0.005,9.36043173413582e-184,"C02","MarkerC02-099"
4.978133937366e-188,10.1632684379072,1,0.004,9.956267874732e-184,"C02","MarkerC02-036"
6.51003178142224e-188,9.763089602146,1,0.005,1.30200635628445e-183,"C02","MarkerC02-033"
6.51014619895141e-188,9.88538703343734,1,0.005,1.30202923979028e-183,"C02","MarkerC02-003"
6.51016526873387e-188,9.97555916946926,1,0.005,1.30203305374677e-183,"C02","MarkerC02-097"
6.51029875877064e-188,10.1036259380486,1,0.004,1.30205975175413e-183,"C02","MarkerC02-041"
6.51035596962043e-188,9.58013345201974,1,0.006,1.30207119392409e-183,"C02","MarkerC02-078"
6.51045132214998e-188,9.95910608808299,1,0.005,1.30209026443e-183,"C02","MarkerC02-049"
6.51047039282179e-188,10.2971211004628,1,0.004,1.30209407856436e-183,"C02","MarkerC02-001"
6.51052760517337e-188,9.38705592495178,1,0.007,1.30210552103467e-183,"C02","MarkerC02-011"
6.51054667606905e-188,10.0556200146738,1,0.005,1.30210933521381e-183,"C02","MarkerC02-022"
6.51054667606905e-188,9.5187006157011,1,0.006,1.30210933521381e-183,"C02","MarkerC02-040"
6.51056574701917e-188,9.55523558338765,1,0.006,1.30211314940383e-183,"C02","MarkerC02-015"
6.51062296020501e-188,10.1669815724158,1,0.004,1.302124592041e-183,"C02","MarkerC02-005"
6.51064203137629e-188,9.82805097476502,1,0.005,1.30212840627526e-183,"C02","MarkerC02-109"
6.55506314728798e-188,9.6022094365006,1,0.005,1.3110126294576e-183,"C02","MarkerC02-013"
6.55508234833228e-188,10.0584041646863,1,0.004,1.31101646966646e-183,"C02","MarkerC02-075"
6.55523595871726e-188,9.90862924835748,1,0.005,1.31104719174345e-183,"C02","MarkerC02-008"
6.55533196702586e-188,9.64950539153151,1,0.006,1.31106639340517e-183,"C02","MarkerC02-016"
6.5553511688553e-188,9.95328443742012,1,0.005,1.31107023377106e-183,"C02","MarkerC02-012"
6.5553511688553e-188,9.75295316769842,1,0.005,1.31107023377106e-183,"C02","MarkerC02-122"
6.55540877468002e-188,9.7118338711133,1,0.005,1.311081754936e-183,"C02","MarkerC02-148"
6.55556239267618e-188,10.1295097927914,1,0.005,1.31111247853524e-183,"C02","MarkerC02-039"
6.55563920301819e-188,9.79206493649878,1,0.005,1.31112784060364e-183,"C02","MarkerC02-113"
6.57773390137857e-188,9.53520866875958,1,0.007,1.31554678027571e-183,"C02","MarkerC02-031"
6.59969033297067e-188,10.1909039129192,1,0.004,1.31993806659413e-183,"C02","MarkerC02-112"
6.5998836501492e-188,9.78313471501954,1,0.005,1.31997673002984e-183,"C02","MarkerC02-088"
6.60001897552762e-188,9.67916814192087,1,0.006,1.32000379510552e-183,"C02","MarkerC02-070"
6.60007697296454e-188,10.0214376223584,1,0.004,1.32001539459291e-183,"C02","MarkerC02-066"
6.60027030141546e-188,10.0376771835874,1,0.004,1.32005406028309e-183,"C02","MarkerC02-025"
6.64576939289371e-188,9.82596398129585,1,0.004,1.32915387857874e-183,"C02","MarkerC02-020"
6.69085660312836e-188,9.55942338937776,1,0.005,1.33817132062567e-183,"C02","MarkerC02-030"
6.69109178139847e-188,9.71556165192592,1,0.005,1.33821835627969e-183,"C02","MarkerC02-062"
6.69113097857607e-188,9.66533816932813,1,0.005,1.33822619571521e-183,"C02","MarkerC02-094"
6.69150336316559e-188,9.72002236852818,1,0.005,1.33830067263312e-183,"C02","MarkerC02-095"
6.69152296292499e-188,9.73908600692493,1,0.005,1.338304592585e-183,"C02","MarkerC02-042"
6.73690048833218e-188,9.98132656110013,1,0.004,1.34738009766644e-183,"C02","MarkerC02-065"
6.73709781515427e-188,10.0899318006152,1,0.004,1.34741956303085e-183,"C02","MarkerC02-006"
6.737235947353e-188,9.50887375449676,1,0.006,1.3474471894706e-183,"C02","MarkerC02-076"
6.73739381617376e-188,9.92856317858563,1,0.004,1.34747876323475e-183,"C02","MarkerC02-144"
6.7833800647472e-188,9.79907784809729,1,0.005,1.35667601294944e-183,"C02","MarkerC02-080"
6.82989987202785e-188,9.78367796973075,1,0.005,1.36597997440557e-183,"C02","MarkerC02-098"
6.82993988044318e-188,10.1228711010245,1,0.004,1.36598797608864e-183,"C02","MarkerC02-132"
6.83046001105699e-188,9.46926384791528,1,0.006,1.3660920022114e-183,"C02","MarkerC02-127"
6.87695988943471e-188,9.58010931187381,1,0.006,1.37539197788694e-183,"C02","MarkerC02-102"
7.02000986963513e-188,9.58529223895993,1,0.005,1.40400197392703e-183,"C02","MarkerC02-029"
7.06779863510647e-188,9.33816074246128,1,0.006,1.41355972702129e-183,"C02","MarkerC02-086"
7.06800563089905e-188,9.65090628871919,1,0.006,1.41360112617981e-183,"C02","MarkerC02-079"
7.26452255118135e-188,9.63486117034387,1,0.006,1.45290451023627e-183,"C02","MarkerC02-143"
7.46562229339836e-188,10.0418996689515,1,0.004,1.49312445867967e-183,"C02","MarkerC02-081"
7.72559181183225e-188,9.80709840879287,1,0.005,1.54511836236645e-183,"C02","MarkerC02-056"
9.35155267189931e-188,9.81556847550889,1,0.005,1.87031053437986e-183,"C02","MarkerC02-018"
9.35158001852085e-188,9.86286824393606,1,0.005,1.87031600370417e-183,"C02","MarkerC02-090"
9.35179879435706e-188,10.2242114173705,1,0.004,1.87035975887141e-183,"C02","MarkerC02-053"
9.35220901278184e-188,9.83484099702966,1,0.005,1.87044180255637e-183,"C02","MarkerC02-032"
9.35240045417533e-188,10.1242535409376,1,0.005,1.87048009083507e-183,"C02","MarkerC02-037"
9.35242780326438e-188,9.75999338655452,1,0.004,1.87048556065288e-183,"C02","MarkerC02-071"
9.35300215251989e-188,10.0247503670776,1,0.004,1.87060043050398e-183,"C02","MarkerC02-026"
9.41618423065371e-188,9.76783273022109,1,0.005,1.88323684613074e-183,"C02","MarkerC02-145"
9.41643205012642e-188,10.1446530649459,1,0.004,1.88328641002528e-183,"C02","MarkerC02-133"
9.41643205012642e-188,10.139292703265,1,0.004,1.88328641002528e-183,"C02","MarkerC02-149"
9.48056884722037e-188,10.0569813612077,1,0.004,1.89611376944407e-183,"C02","MarkerC02-084"
9.48142829814043e-188,9.72841907734678,1,0.006,1.89628565962809e-183,"C02","MarkerC02-115"
9.5465655697644e-188,9.83445524108999,1,0.005,1.90931311395288e-183,"C02","MarkerC02-007"
9.61161579189254e-188,9.58600702093285,1,0.006,1.92232315837851e-183,"C02","MarkerC02-055"
9.61170010808266e-188,10.1076788841595,1,0.004,1.92234002161653e-183,"C02","MarkerC02-021"
9.67727853212094e-188,9.97131059830748,1,0.005,1.93545570642419e-183,"C02","MarkerC02-063"
9.67742001730033e-188,10.0140295970076,1,0.004,1.93548400346007e-183,"C02","MarkerC02-100"
9.74370272369993e-188,9.83046697414524,1,0.005,1.94874054473999e-183,"C02","MarkerC02-024"
9.74424406011026e-188,9.85962969863483,1,0.005,1.94884881202205e-183,"C02","MarkerC02-139"
9.81709456205014e-188,9.77608377161339,1,0.005,1.96341891241003e-183,"C02","MarkerC02-059"
9.91219710788514e-188,9.91157547471938,1,0.005,1.98243942157703e-183,"C02","MarkerC02-074"
9.94572016688714e-188,9.62568101633514,1,0.006,1.98914403337743e-183,"C02","MarkerC02-125"
1.01167572360852e-187,9.92609859385064,1,0.005,2.02335144721704e-183,"C02","MarkerC02-035"
1.01858965638399e-187,9.80031591186509,1,0.005,2.03717931276797e-183,"C02","MarkerC02-058"
1.02213602004845e-187,10.4445296755781,1,0.004,2.04427204009689e-183,"C02","MarkerC02-087"
1.0221539505651e-187,9.56658815608695,1,0.006,2.04430790113019e-183,"C02","MarkerC02-051"
1.02917551520646e-187,9.9659201332467,1,0.004,2.05835103041292e-183,"C02","MarkerC02-073"
1.02922967729463e-187,9.64303743348302,1,0.005,2.05845935458927e-183,"C02","MarkerC02-128"
1.0506043059123e-187,9.94423781226415,1,0.005,2.10120861182459e-183,"C02","MarkerC02-054"
1.06505622037258e-187,9.98071079859533,1,0.005,2.13011244074517e-183,"C02","MarkerC02-028"
1.09460005972813e-187,9.94501516542336,1,0.005,2.18920011945625e-183,"C02","MarkerC02-034"
1.09464485702413e-187,10.0696444682516,1,0.004,2.18928971404826e-183,"C02","MarkerC02-140"
1.34062893992588e-187,9.93833819880476,1,0.004,2.68125787985177e-183,"C02","MarkerC02-089"
1.34068373394624e-187,9.62357801161737,1,0.005,2.68136746789249e-183,"C02","MarkerC02-120"
1.340738530196e-187,9.39284003479729,1,0.007,2.681477060392e-183,"C02","MarkerC02-124"
1.34990628079892e-187,9.98144105871677,1,0.005,2.69981256159785e-183,"C02","MarkerC02-009"
1.35916045201972e-187,10.1230026209435,1,0.004,2.71832090403944e-183,"C02","MarkerC02-069"
1.36846201046334e-187,9.51461467200846,1,0.006,2.73692402092669e-183,"C02","MarkerC02-060"
1.36850595442118e-187,9.8140186167008,1,0.005,2.73701190884236e-183,"C02","MarkerC02-119"
1.38726440566631e-187,9.79568192233217,1,0.005,2.77452881133262e-183,"C02","MarkerC02-150"
1.40639462583927e-187,9.78822166868272,1,0.005,2.81278925167854e-183,"C02","MarkerC02-092"
1.42575088045488e-187,10.0864320750263,1,0.004,2.85150176090975e-183,"C02","MarkerC02-123"
1.53179125301257e-187,9.77982841497599,1,0.004,3.06358250602513e-183,"C02","MarkerC02-136"
1.54749744761955e-187,9.83395973576488,1,0.005,3.0949948952391e-183,"C02","MarkerC02-137"
1.54751551247326e-187,9.60392731419951,1,0.006,3.09503102494653e-183,"C02","MarkerC02-067"
1.55281684757764e-187,9.790184471541,1,0.005,3.10563369515527e-183,"C02","MarkerC02-105"
1.63441040600491e-187,9.5884168311647,1,0.005,3.26882081200981e-183,"C02","MarkerC02-118"
1.73658081406845e-187,9.63122712077805,1,0.005,3.47316162813691e-183,"C02","MarkerC02-091"
1.9179337913442e-187,9.9752792164768,1,0.005,3.83586758268841e-183,"C02","MarkerC02-064"
1.94428694329363e-187,9.77138566131696,1,0.004,3.88857388658725e-183,"C02","MarkerC02-050"
1.95758742867481e-187,9.62241145750872,1,0.005,3.91517485734961e-183,"C02","MarkerC02-044"
1.97108793225354e-187,9.82882219586094,1,0.005,3.94217586450709e-183,"C02","MarkerC02-014"
1.98445587440983e-187,9.5085401700963,1,0.006,3.96891174881965e-183,"C02","MarkerC02-019"
1.98447322401815e-187,9.92402248335489,1,0.005,3.96894644803631e-183,"C02","MarkerC02-077"
1.98452527374991e-187,9.48879409691107,1,0.007,3.96905054749982e-183,"C02","MarkerC02-114"
1.984536840541e-187,9.71075176825895,1,0.006,3.969073681082e-183,"C02","MarkerC02-061"
2.09610357101075e-187,9.48791922161157,1,0.006,4.19220714202149e-183,"C02","MarkerC02-083"
2.13204490274655e-187,9.84453480313744,1,0.005,4.2640898054931e-183,"C02","MarkerC02-002"
2.21359921331263e-187,9.74464044988507,1,0.005,4.42719842662526e-183,"C02","MarkerC02-103"
2.30626994353742e-187,9.76857510485999,1,0.005,4.61253988707484e-183,"C02","MarkerC02-093"
2.46078838507446e-187,9.56381238407241,1,0.006,4.92157677014892e-183,"C02","MarkerC02-004"
2.65233176548657e-187,9.85580337484327,1,0.005,5.30466353097315e-183,"C02","MarkerC02-046"
2.75684401160892e-187,9.79408558131093,1,0.005,5.51368802321784e-183,"C02","MarkerC02-108"
2.87220292172263e-187,9.71550916888926,1,0.005,5.74440584344527e-183,"C02","MarkerC02-104"
2.95135434417412e-187,9.81615181480112,1,0.005,5.90270868834824e-183,"C02","MarkerC02-116"
3.36001019814872e-187,9.5900210789577,1,0.006,6.72002039629744e-183,"C02","MarkerC02-010"
3.90110978803527e-187,9.26510328362017,1,0.007,7.80221957607055e-183,"C02","MarkerC02-043"
3.13524743238327e-188,9.51846654629051,1,0.006,6.27049486476654e-184,"C03","MarkerC03-030"
3.13532115525705e-188,9.58994576027695,1,0.006,6.2706423105141e-184,"C03","MarkerC03-109"
3.13540409555197e-188,9.94509603449199,1,0.005,6.27080819110393e-184,"C03","MarkerC03-050"
3.13541331127517e-188,10.0301469171291,1,0.004,6.27082662255034e-184,"C03","MarkerC03-098"
3.1354225270251e-188,9.84849166401999,1,0.005,6.2708450540502e-184,"C03","MarkerC03-144"
3.13544095860679e-188,9.92671451194512,1,0.005,6.27088191721357e-184,"C03","MarkerC03-031"
3.13545939029539e-188,10.4288760363668,1,0.004,6.27091878059078e-184,"C03","MarkerC03-047"
3.13551468600957e-188,9.81030730260664,1,0.005,6.27102937201914e-184,"C03","MarkerC03-136"
3.13557919890213e-188,10.3328102208102,1,0.004,6.27115839780426e-184,"C03","MarkerC03-027"
3.13561606400574e-188,9.59702689154244,1,0.006,6.27123212801149e-184,"C03","MarkerC03-120"
3.13564371311658e-188,9.5276601017926,1,0.006,6.27128742623315e-184,"C03","MarkerC03-022"
3.13565292954032e-188,9.69317943999988,1,0.005,6.27130585908063e-184,"C03","MarkerC03-135"
4.52240893480334e-188,10.082332753738,1,0.004,9.04481786960669e-184,"C03","MarkerC03-045"
4.52242220457931e-188,9.99923548928198,1,0.004,9.04484440915862e-184,"C03","MarkerC03-033"
4.52275396158312e-188,9.9405700691048,1,0.004,9.04550792316624e-184,"C03","MarkerC03-091"
4.52279377405191e-188,9.72418054387507,1,0.005,9.04558754810382e-184,"C03","MarkerC03-013"
4.52280704495247e-188,9.96815691536177,1,0.005,9.04561408990495e-184,"C03","MarkerC03-009"
4.52286012894085e-188,9.81734667888681,1,0.005,9.0457202578817e-184,"C03","MarkerC03-087"
4.52288667116794e-188,10.1108010890756,1,0.005,9.04577334233588e-184,"C03","MarkerC03-020"
4.5229397560865e-188,9.87050770521453,1,0.005,9.045879512173e-184,"C03","MarkerC03-010"
4.52296629877845e-188,9.94559639434834,1,0.005,9.0459325975569e-184,"C03","MarkerC03-008"
4.52296629877845e-188,9.52885579559606,1,0.006,9.0459325975569e-184,"C03","MarkerC03-132"
4.52299284162551e-188,10.2960175017854,1,0.003,9.04598568325102e-184,"C03","MarkerC03-015"
4.52299284162551e-188,9.95826054238249,1,0.004,9.04598568325102e-184,"C03","MarkerC03-072"
4.52299284162551e-188,9.71206980703704,1,0.005,9.04598568325102e-184,"C03","MarkerC03-141"
4.52301938462769e-188,10.0420170021291,1,0.004,9.04603876925537e-184,"C03","MarkerC03-092"
4.52303265618618e-188,9.64200020631754,1,0.005,9.04606531237235e-184,"C03","MarkerC03-012"
4.52304592778451e-188,9.9009218661286,1,0.004,9.04609185556901e-184,"C03","MarkerC03-082"
4.52311228635583e-188,9.71476287900384,1,0.006,9.04622457271166e-184,"C03","MarkerC03-046"
4.553558003754e-188,10.3162206173067,1,0.004,9.10711600750799e-184,"C03","MarkerC03-110"
4.5539989360544e-188,10.0320606363915,1,0.004,9.1079978721088e-184,"C03","MarkerC03-007"
4.55422609958227e-188,10.0516239289483,1,0.004,9.10845219916454e-184,"C03","MarkerC03-130"
4.58510970853043e-188,9.93355359304293,1,0.005,9.17021941706087e-184,"C03","MarkerC03-058"
4.58512316185191e-188,9.67643037399656,1,0.005,9.17024632370382e-184,"C03","MarkerC03-078"
4.58540569065989e-188,10.0725444465597,1,0.004,9.17081138131979e-184,"C03","MarkerC03-113"
4.63241220904404e-188,10.0720854646601,1,0.004,9.26482441808807e-184,"C03","MarkerC03-036"
4.64836506337459e-188,9.99896090354007,1,0.004,9.29673012674917e-184,"C03","MarkerC03-145"
4.64848781116884e-188,9.89543210951509,1,0.005,9.29697562233769e-184,"C03","MarkerC03-062"
4.71285154190197e-188,9.4400506233543,1,0.006,9.42570308380393e-184,"C03","MarkerC03-054"
4.74490702499904e-188,9.90658564629939,1,0.004,9.48981404999809e-184,"C03","MarkerC03-106"
4.77781103014792e-188,10.3817432169475,1,0.003,9.55562206029583e-184,"C03","MarkerC03-111"
4.84369325132058e-188,9.54473185824189,1,0.006,9.68738650264115e-184,"C03","MarkerC03-001"
5.22284129551081e-188,9.78731587916787,1,0.006,1.04456825910216e-183,"C03","MarkerC03-071"
6.50993643500849e-188,9.69701825999294,1,0.006,1.3019872870017e-183,"C03","MarkerC03-131"
6.50997457340647e-188,9.68487138222149,1,0.005,1.30199491468129e-183,"C03","MarkerC03-070"
6.50997457340647e-188,9.53233976010083,1,0.006,1.30199491468129e-183,"C03","MarkerC03-064"
6.51016526873387e-188,9.77208106525076,1,0.006,1.30203305374677e-183,"C03","MarkerC03-024"
6.51027968859897e-188,9.8056107733575,1,0.005,1.30205593771979e-183,"C03","MarkerC03-117"
6.51031782899946e-188,10.21508680704,1,0.004,1.30206356579989e-183,"C03","MarkerC03-011"
6.51035596962043e-188,9.66237344695593,1,0.005,1.30207119392409e-183,"C03","MarkerC03-061"
6.51039411046662e-188,9.9992067397948,1,0.005,1.30207882209332e-183,"C03","MarkerC03-049"
6.51039411046662e-188,9.76008247958487,1,0.005,1.30207882209332e-183,"C03","MarkerC03-068"
6.51043225153329e-188,9.80840563412014,1,0.005,1.30208645030666e-183,"C03","MarkerC03-002"
6.51050853433484e-188,9.77038448873359,1,0.005,1.30210170686697e-183,"C03","MarkerC03-096"
6.51054667606905e-188,10.1856633528611,1,0.004,1.30210933521381e-183,"C03","MarkerC03-005"
6.51073738807648e-188,9.25514273407341,1,0.006,1.3021474776153e-183,"C03","MarkerC03-042"
6.51075645958188e-188,9.85232435173862,1,0.004,1.30215129191638e-183,"C03","MarkerC03-028"
6.55510154943548e-188,10.1286531359567,1,0.004,1.3110203098871e-183,"C03","MarkerC03-040"
6.55513995180701e-188,10.153458968864,1,0.004,1.3110279903614e-183,"C03","MarkerC03-017"
6.55531276525123e-188,10.0477654533613,1,0.005,1.31106255305025e-183,"C03","MarkerC03-142"
6.55538957268204e-188,10.1383683085503,1,0.004,1.31107791453641e-183,"C03","MarkerC03-100"
6.5554279767335e-188,10.0997960464088,1,0.005,1.3110855953467e-183,"C03","MarkerC03-148"
6.55544717884317e-188,10.2551971981091,1,0.003,1.31108943576863e-183,"C03","MarkerC03-065"
6.55554319023147e-188,9.69200221565658,1,0.005,1.31110863804629e-183,"C03","MarkerC03-055"
6.55569681136291e-188,10.1254829862247,1,0.005,1.31113936227258e-183,"C03","MarkerC03-066"
6.6002316352736e-188,9.75333853355221,1,0.005,1.32004632705472e-183,"C03","MarkerC03-119"
6.60032830104939e-188,10.0358973828393,1,0.005,1.32006566020988e-183,"C03","MarkerC03-122"
6.60052163682683e-188,10.3355584917615,1,0.004,1.32010432736537e-183,"C03","MarkerC03-116"
6.64522436470499e-188,9.69028639428538,1,0.005,1.329044872941e-183,"C03","MarkerC03-037"
6.69124857148082e-188,9.90579233195466,1,0.004,1.33824971429616e-183,"C03","MarkerC03-041"
6.69140536521967e-188,9.90906085502786,1,0.005,1.33828107304393e-183,"C03","MarkerC03-034"
6.69150336316559e-188,9.76202046221398,1,0.006,1.33830067263312e-183,"C03","MarkerC03-032"
6.73707808221235e-188,9.69236602832372,1,0.005,1.34741561644247e-183,"C03","MarkerC03-107"
6.78336019656198e-188,10.0156186314091,1,0.004,1.3566720393124e-183,"C03","MarkerC03-077"
6.78359861859476e-188,9.8750671599699,1,0.004,1.35671972371895e-183,"C03","MarkerC03-128"
6.92387735426518e-188,9.96035103979501,1,0.005,1.38477547085304e-183,"C03","MarkerC03-146"
6.92430322114599e-188,10.0561646887284,1,0.004,1.3848606442292e-183,"C03","MarkerC03-048"
7.06827473444756e-188,10.0514930949882,1,0.004,1.41365494688951e-183,"C03","MarkerC03-023"
7.11587066834352e-188,9.87018527746484,1,0.005,1.4231741336687e-183,"C03","MarkerC03-088"
7.11624579347183e-188,9.72591263109888,1,0.006,1.42324915869437e-183,"C03","MarkerC03-074"
7.36464561413779e-188,10.0149490275319,1,0.004,1.47292912282756e-183,"C03","MarkerC03-125"
8.44452718686087e-188,9.87637178409723,1,0.005,1.68890543737217e-183,"C03","MarkerC03-053"
9.16686992407756e-188,9.95651816232186,1,0.005,1.83337398481551e-183,"C03","MarkerC03-019"
9.35138859384356e-188,9.76446026207043,1,0.006,1.87027771876871e-183,"C03","MarkerC03-085"
9.35163471200258e-188,9.69823578671393,1,0.005,1.87032694240052e-183,"C03","MarkerC03-137"
9.35171675282086e-188,9.79514512926361,1,0.005,1.87034335056417e-183,"C03","MarkerC03-081"
9.35177144709942e-188,9.87837027915458,1,0.005,1.87035428941988e-183,"C03","MarkerC03-035"
9.35215431595687e-188,9.91584243214563,1,0.005,1.87043086319137e-183,"C03","MarkerC03-056"
9.41604655597246e-188,9.78334657150791,1,0.005,1.88320931119449e-183,"C03","MarkerC03-059"
9.41607409074962e-188,9.85686799749839,1,0.004,1.88321481814992e-183,"C03","MarkerC03-076"
9.41645958602465e-188,9.39728180197525,1,0.006,1.88329191720493e-183,"C03","MarkerC03-080"
9.4166798760922e-188,9.74281723894577,1,0.005,1.88333597521844e-183,"C03","MarkerC03-038"
9.48012528998714e-188,10.1593950794755,1,0.004,1.89602505799743e-183,"C03","MarkerC03-150"
9.61136284773981e-188,9.61409881093433,1,0.006,1.92227256954796e-183,"C03","MarkerC03-067"
9.61139095231799e-188,10.0312729781945,1,0.005,1.9222781904636e-183,"C03","MarkerC03-021"
9.61153147643819e-188,10.1499564788889,1,0.005,1.92230629528764e-183,"C03","MarkerC03-104"
9.6118687426713e-188,9.5108769936019,1,0.006,1.92237374853426e-183,"C03","MarkerC03-086"
9.64375684535406e-188,9.67996527973899,1,0.005,1.92875136907081e-183,"C03","MarkerC03-025"
9.67767469581225e-188,9.85791154350076,1,0.005,1.93553493916245e-183,"C03","MarkerC03-134"
9.71105857566102e-188,9.76298553387823,1,0.006,1.9422117151322e-183,"C03","MarkerC03-003"
9.81069705429865e-188,9.73430457540754,1,0.005,1.96213941085973e-183,"C03","MarkerC03-121"
1.00140725743376e-187,9.57818236695354,1,0.005,2.00281451486752e-183,"C03","MarkerC03-060"
1.01180587875332e-187,9.81398025675427,1,0.005,2.02361175750664e-183,"C03","MarkerC03-051"
1.0221539505651e-187,9.69410996626015,1,0.005,2.04430790113019e-183,"C03","MarkerC03-127"
1.0292176410298e-187,9.67424711644026,1,0.005,2.0584352820596e-183,"C03","MarkerC03-029"
1.05050602481244e-187,9.95029720770798,1,0.004,2.10101204962488e-183,"C03","MarkerC03-016"
1.06861108250908e-187,9.58101278023876,1,0.005,2.13722216501816e-183,"C03","MarkerC03-138"
1.16805011526071e-187,9.77392417401312,1,0.005,2.33610023052142e-183,"C03","MarkerC03-103"
1.30753381525423e-187,9.863482143548,1,0.005,2.61506763050847e-183,"C03","MarkerC03-079"
1.34065242280446e-187,9.84522849699887,1,0.005,2.68130484560892e-183,"C03","MarkerC03-063"
1.35903745727021e-187,9.44973633732776,1,0.006,2.71807491454043e-183,"C03","MarkerC03-118"
1.36842206262951e-187,10.1634190340767,1,0.004,2.73684412525902e-183,"C03","MarkerC03-026"
1.36843005210355e-187,9.69775439625309,1,0.006,2.73686010420709e-183,"C03","MarkerC03-093"
1.39678661075429e-187,10.1082085353541,1,0.004,2.79357322150859e-183,"C03","MarkerC03-089"
1.40642336331935e-187,10.1480760165081,1,0.004,2.8128467266387e-183,"C03","MarkerC03-004"
1.43536934551329e-187,9.63888957697214,1,0.006,2.87073869102658e-183,"C03","MarkerC03-115"
1.43547409161674e-187,9.77257688236545,1,0.005,2.87094818323348e-183,"C03","MarkerC03-133"
1.44535212646924e-187,9.74555925369116,1,0.005,2.89070425293847e-183,"C03","MarkerC03-073"
1.46520114940241e-187,10.0611610915921,1,0.004,2.93040229880482e-183,"C03","MarkerC03-014"
1.46527385274308e-187,9.76821446951279,1,0.005,2.93054770548616e-183,"C03","MarkerC03-095"
1.55821362585045e-187,9.70891756652904,1,0.005,3.11642725170089e-183,"C03","MarkerC03-090"
1.59042366227489e-187,9.76045838963897,1,0.005,3.18084732454978e-183,"C03","MarkerC03-101"
1.61227661644462e-187,9.76389945136459,1,0.005,3.22455323288924e-183,"C03","MarkerC03-149"
1.67988671497083e-187,9.87299410394717,1,0.004,3.35977342994166e-183,"C03","MarkerC03-112"
1.94418495099915e-187,9.9265683967698,1,0.005,3.88836990199829e-183,"C03","MarkerC03-140"
1.95740487528201e-187,10.1407057955041,1,0.004,3.91480975056402e-183,"C03","MarkerC03-099"
1.98453105713683e-187,10.0577433689576,1,0.004,3.96906211427366e-183,"C03","MarkerC03-102"
2.00489393802293e-187,9.61133557560502,1,0.006,4.00978787604585e-183,"C03","MarkerC03-126"
2.01185095205101e-187,9.81919479614172,1,0.005,4.02370190410203e-183,"C03","MarkerC03-084"
2.08179636649083e-187,9.66128402279928,1,0.006,4.16359273298165e-183,"C03","MarkerC03-039"
2.08324847647505e-187,9.71061653234383,1,0.005,4.16649695295009e-183,"C03","MarkerC03-097"
2.16874079592488e-187,9.87257950409665,1,0.005,4.33748159184975e-183,"C03","MarkerC03-018"
2.16886717786963e-187,9.75242585831053,1,0.005,4.33773435573926e-183,"C03","MarkerC03-057"
2.21362501068591e-187,9.94782863475446,1,0.005,4.42725002137181e-183,"C03","MarkerC03-114"
2.3219555924826e-187,9.68720644237448,1,0.006,4.6439111849652e-183,"C03","MarkerC03-147"
2.55479744039137e-187,9.53351129938304,1,0.006,5.10959488078274e-183,"C03","MarkerC03-143"
2.61882102677751e-187,9.98906446359413,1,0.004,5.23764205355502e-183,"C03","MarkerC03-052"
2.77575206028166e-187,9.77185288126906,1,0.006,5.55150412056332e-183,"C03","MarkerC03-075"
2.81082731768202e-187,9.63520771184069,1,0.005,5.62165463536403e-183,"C03","MarkerC03-006"
2.87187705362552e-187,9.57388706412626,1,0.006,5.74375410725104e-183,"C03","MarkerC03-129"
2.99186953382076e-187,9.63056349021473,1,0.005,5.98373906764152e-183,"C03","MarkerC03-124"
2.99203490256713e-187,9.8230598443417,1,0.005,5.98406980513427e-183,"C03","MarkerC03-043"
3.13555279755803e-187,9.64454505790124,1,0.005,6.27110559511606e-183,"C03","MarkerC03-094"
3.13839883305855e-187,9.64150679128167,1,0.005,6.2767976661171e-183,"C03","MarkerC03-105"
4.03652849126167e-187,9.39413498116095,1,0.006,8.07305698252333e-183,"C03","MarkerC03-069"
4.0948952332212e-187,9.60250807655562,1,0.006,8.1897904664424e-183,"C03","MarkerC03-123"
4.23385663248643e-187,9.19762159755542,1,0.007,8.46771326497287e-183,"C03","MarkerC03-108"
4.26280623537841e-187,9.49235347297178,1,0.006,8.52561247075681e-183,"C03","MarkerC03-083"
4.47109158643852e-187,9.70120381188948,1,0.006,8.94218317287704e-183,"C03","MarkerC03-044"
8.87429049254989e-187,9.84131552519412,1,0.005,1.77485809850998e-182,"C03","MarkerC03-139"
3.13504470337825e-188,10.0372549247656,1,0.005,6.27008940675649e-184,"C04","MarkerC04-065"
3.13524743238327e-188,9.80809498613904,1,0.005,6.27049486476654e-184,"C04","MarkerC04-107"
3.13535801734048e-188,10.3643592875311,1,0.004,6.27071603468096e-184,"C04","MarkerC04-086"
3.13535801734048e-188,9.86520779664466,1,0.005,6.27071603468096e-184,"C04","MarkerC04-020"
3.13535801734048e-188,10.0374206961932,1,0.005,6.27071603468096e-184,"C04","MarkerC04-077"
3.13537644854437e-188,9.77673092019224,1,0.005,6.27075289708873e-184,"C04","MarkerC04-080"
3.13539487985615e-188,9.93986921355946,1,0.005,6.27078975971229e-184,"C04","MarkerC04-143"
3.13543174280274e-188,10.3031969271597,1,0.003,6.27086348560548e-184,"C04","MarkerC04-106"
3.13543174280274e-188,10.0080041592037,1,0.004,6.27086348560548e-184,"C04","MarkerC04-118"
3.13544095860679e-188,9.66703315970064,1,0.006,6.27088191721357e-184,"C04","MarkerC04-095"
3.13546860618027e-188,10.085360860818,1,0.004,6.27093721236055e-184,"C04","MarkerC04-023"
3.13551468600957e-188,9.53394535999744,1,0.006,6.27102937201914e-184,"C04","MarkerC04-137"
3.13553311812944e-188,9.93507315961207,1,0.004,6.27106623625888e-184,"C04","MarkerC04-104"
3.13553311812944e-188,9.46193752272321,1,0.006,6.27106623625888e-184,"C04","MarkerC04-071"
3.13556076651201e-188,10.2116867751389,1,0.004,6.27112153302403e-184,"C04","MarkerC04-103"
3.13562528034896e-188,10.0873135111087,1,0.004,6.27125056069793e-184,"C04","MarkerC04-067"
4.52252836418572e-188,10.1216011447645,1,0.004,9.04505672837145e-184,"C04","MarkerC04-073"
4.52255490447519e-188,9.99680785827266,1,0.005,9.04510980895037e-184,"C04","MarkerC04-083"
4.52264779670754e-188,9.62244954231192,1,0.006,9.04529559341509e-184,"C04","MarkerC04-117"
4.52270087883512e-188,9.7723527420863,1,0.005,9.04540175767024e-184,"C04","MarkerC04-102"
4.52274069083813e-188,10.0418728195372,1,0.004,9.04548138167626e-184,"C04","MarkerC04-028"
4.52278050319024e-188,9.68342295024038,1,0.005,9.04556100638049e-184,"C04","MarkerC04-062"
4.52280704495247e-188,9.7088334856987,1,0.005,9.04561408990495e-184,"C04","MarkerC04-038"
4.52282031589099e-188,9.94246234331361,1,0.005,9.04564063178198e-184,"C04","MarkerC04-015"
4.52284685788518e-188,9.90139724705305,1,0.005,9.04569371577036e-184,"C04","MarkerC04-127"
4.52284685788518e-188,9.70621433888454,1,0.005,9.04569371577036e-184,"C04","MarkerC04-147"
4.52287340003448e-188,9.83997487831344,1,0.004,9.04574680006895e-184,"C04","MarkerC04-140"
4.52292648479793e-188,10.0832845317164,1,0.005,9.04585296959586e-184,"C04","MarkerC04-047"
4.52292648479793e-188,9.87122860013239,1,0.005,9.04585296959586e-184,"C04","MarkerC04-075"
4.5229397560865e-188,10.0712274631645,1,0.004,9.045879512173e-184,"C04","MarkerC04-013"
4.52296629877845e-188,10.3254943814479,1,0.004,9.0459325975569e-184,"C04","MarkerC04-149"
4.52297957018277e-188,9.7974094424367,1,0.005,9.04595914036553e-184,"C04","MarkerC04-108"
4.52299284162551e-188,10.2448406641635,1,0.004,9.04598568325102e-184,"C04","MarkerC04-130"
4.55377178380486e-188,10.0638427259076,1,0.004,9.10754356760972e-184,"C04","MarkerC04-109"
4.58504244251733e-188,9.64680759190419,1,0.005,9.17008488503465e-184,"C04","MarkerC04-057"
4.58506934880448e-188,9.4597385645615,1,0.007,9.17013869760896e-184,"C04","MarkerC04-074"
4.58510970853043e-188,10.061692825154,1,0.004,9.17021941706087e-184,"C04","MarkerC04-084"
4.58547296197779e-188,9.90836226502487,1,0.005,9.17094592395558e-184,"C04","MarkerC04-085"
4.61655467563924e-188,9.6757398776188,1,0.005,9.23310935127847e-184,"C04","MarkerC04-019"
4.64854236677921e-188,9.83576781662023,1,0.005,9.29708473355841e-184,"C04","MarkerC04-043"
4.99502681502953e-188,9.33375347164286,1,0.007,9.99005363005907e-184,"C04","MarkerC04-035"
5.01249157369594e-188,9.54661899328534,1,0.006,1.00249831473919e-183,"C04","MarkerC04-044"
5.08171031586943e-188,9.73321553843044,1,0.005,1.01634206317389e-183,"C04","MarkerC04-004"
6.50991736589285e-188,9.73096041798724,1,0.005,1.30198347317857e-183,"C04","MarkerC04-111"
6.50991736589285e-188,10.01768336433,1,0.005,1.30198347317857e-183,"C04","MarkerC04-146"
6.51001271202696e-188,9.72691058769562,1,0.005,1.30200254240539e-183,"C04","MarkerC04-070"
6.51003178142224e-188,9.75897779918654,1,0.006,1.30200635628445e-183,"C04","MarkerC04-114"
6.51024154842165e-188,10.3313322680187,1,0.004,1.30204830968433e-183,"C04","MarkerC04-046"
6.51035596962043e-188,9.75094428545845,1,0.005,1.30207119392409e-183,"C04","MarkerC04-099"
6.51043225153329e-188,9.42625262105387,1,0.006,1.30208645030666e-183,"C04","MarkerC04-097"
6.51062296020501e-188,9.90370037827574,1,0.005,1.302124592041e-183,"C04","MarkerC04-105"
6.51083274616421e-188,9.80380708294742,1,0.005,1.30216654923284e-183,"C04","MarkerC04-122"
6.55471753803211e-188,9.86794755826466,1,0.005,1.31094350760642e-183,"C04","MarkerC04-052"
6.55475593816612e-188,9.65889055043293,1,0.006,1.31095118763322e-183,"C04","MarkerC04-092"
6.55489034039274e-188,9.78662185017422,1,0.005,1.31097806807855e-183,"C04","MarkerC04-123"
6.55492874153314e-188,9.75470220241192,1,0.005,1.31098574830663e-183,"C04","MarkerC04-089"
6.55506314728798e-188,9.92992017715654,1,0.005,1.3110126294576e-183,"C04","MarkerC04-026"
6.55531276525123e-188,9.76289428096311,1,0.005,1.31106255305025e-183,"C04","MarkerC04-100"
6.5553511688553e-188,9.74628667661004,1,0.005,1.31107023377106e-183,"C04","MarkerC04-134"
6.60007697296454e-188,9.46909671601034,1,0.006,1.32001539459291e-183,"C04","MarkerC04-076"
6.64541901252253e-188,10.1776776083851,1,0.004,1.32908380250451e-183,"C04","MarkerC04-059"
6.69093499497184e-188,9.81952714074305,1,0.006,1.33818699899437e-183,"C04","MarkerC04-030"
6.73705834932956e-188,9.79616228962602,1,0.005,1.34741166986591e-183,"C04","MarkerC04-010"
6.73711754815323e-188,9.29762546155288,1,0.006,1.34742350963065e-183,"C04","MarkerC04-112"
6.73741355003518e-188,9.84403457330519,1,0.005,1.34748271000704e-183,"C04","MarkerC04-053"
6.7833005923572e-188,9.52417288346105,1,0.006,1.35666011847144e-183,"C04","MarkerC04-136"
6.78347940653598e-188,10.1014938593506,1,0.004,1.3566958813072e-183,"C04","MarkerC04-045"
6.78351914365781e-188,10.0054360057196,1,0.004,1.35670382873156e-183,"C04","MarkerC04-040"
6.82989987202785e-188,9.73665838072786,1,0.005,1.36597997440557e-183,"C04","MarkerC04-113"
6.83046001105699e-188,9.62005458865514,1,0.006,1.3660920022114e-183,"C04","MarkerC04-144"
6.92353262397864e-188,9.7048464260599,1,0.006,1.38470652479573e-183,"C04","MarkerC04-025"
6.9242423814234e-188,9.57199125438026,1,0.006,1.38484847628468e-183,"C04","MarkerC04-066"
6.9712370406399e-188,9.95562373228475,1,0.004,1.39424740812798e-183,"C04","MarkerC04-016"
6.97150246847387e-188,10.0061080704412,1,0.004,1.39430049369477e-183,"C04","MarkerC04-034"
7.06796423125803e-188,9.93513868468929,1,0.004,1.41359284625161e-183,"C04","MarkerC04-018"
7.1653603925607e-188,10.0090694886074,1,0.004,1.43307207851214e-183,"C04","MarkerC04-002"
7.21432762042924e-188,10.0229584298359,1,0.005,1.44286552408585e-183,"C04","MarkerC04-094"
7.21462341008876e-188,9.53440310571676,1,0.006,1.44292468201775e-183,"C04","MarkerC04-096"
8.27297031149589e-188,9.65477003110685,1,0.005,1.65459406229918e-183,"C04","MarkerC04-093"
8.70822929724717e-188,9.65558605299884,1,0.006,1.74164585944943e-183,"C04","MarkerC04-131"
9.35119717306555e-188,10.2339153594035,1,0.004,1.87023943461311e-183,"C04","MarkerC04-042"
9.35201757528796e-188,10.2370405301797,1,0.005,1.87040351505759e-183,"C04","MarkerC04-090"
9.35209961945044e-188,9.42737122204562,1,0.006,1.87041992389009e-183,"C04","MarkerC04-014"
9.35218166432893e-188,9.91827665146726,1,0.005,1.87043633286579e-183,"C04","MarkerC04-121"
9.35264659884196e-188,9.33741832260842,1,0.007,1.87052931976839e-183,"C04","MarkerC04-069"
9.41511042127936e-188,9.66622827402253,1,0.006,1.88302208425587e-183,"C04","MarkerC04-145"
9.4488329081158e-188,9.64459673745719,1,0.005,1.88976658162316e-183,"C04","MarkerC04-119"
9.48012528998714e-188,9.57353249962419,1,0.006,1.89602505799743e-183,"C04","MarkerC04-142"
9.48065201650086e-188,10.0354107400413,1,0.005,1.89613040330017e-183,"C04","MarkerC04-021"
9.48065201650086e-188,9.85569328399744,1,0.005,1.89613040330017e-183,"C04","MarkerC04-141"
9.48081835724121e-188,9.99424837737891,1,0.005,1.89616367144824e-183,"C04","MarkerC04-041"
9.48095697674294e-188,10.3325266598421,1,0.004,1.89619139534859e-183,"C04","MarkerC04-078"
9.48115104743472e-188,9.4063833489778,1,0.006,1.89623020948694e-183,"C04","MarkerC04-027"
9.54597936216409e-188,9.73946269293796,1,0.006,1.90919587243282e-183,"C04","MarkerC04-072"
9.61147526654405e-188,9.51780306645268,1,0.006,1.92229505330881e-183,"C04","MarkerC04-009"
9.61167200260353e-188,9.98780165775194,1,0.005,1.92233440052071e-183,"C04","MarkerC04-051"
9.67775959013286e-188,9.62206024720244,1,0.006,1.93555191802657e-183,"C04","MarkerC04-024"
9.67787278371138e-188,9.61256744137803,1,0.005,1.93557455674228e-183,"C04","MarkerC04-138"
9.7431899062907e-188,9.82109902771372,1,0.005,1.94863798125814e-183,"C04","MarkerC04-091"
9.74381668677209e-188,10.0128914004844,1,0.005,1.94876333735442e-183,"C04","MarkerC04-068"
9.74401612534133e-188,9.81081777595547,1,0.005,1.94880322506827e-183,"C04","MarkerC04-007"
9.74418707592053e-188,9.85448609721611,1,0.005,1.94883741518411e-183,"C04","MarkerC04-088"
9.81063968239855e-188,9.88029758188195,1,0.005,1.96212793647971e-183,"C04","MarkerC04-133"
1.00138676213871e-187,9.96269184390015,1,0.005,2.00277352427742e-183,"C04","MarkerC04-017"
1.00147167393622e-187,9.68006363189353,1,0.005,2.00294334787243e-183,"C04","MarkerC04-012"
1.01524553541234e-187,9.76482612785079,1,0.005,2.03049107082468e-183,"C04","MarkerC04-039"
1.01529896610685e-187,9.78267341941147,1,0.005,2.03059793221371e-183,"C04","MarkerC04-087"
1.02917852413687e-187,10.117187368794,1,0.004,2.05835704827374e-183,"C04","MarkerC04-056"
1.03622102078367e-187,9.70989861737808,1,0.006,2.07244204156735e-183,"C04","MarkerC04-128"
1.04341841273895e-187,9.83391982610533,1,0.005,2.0868368254779e-183,"C04","MarkerC04-098"
1.05052752302109e-187,9.86830638165215,1,0.005,2.10105504604219e-183,"C04","MarkerC04-050"
1.05416953910401e-187,9.91174534596691,1,0.005,2.10833907820802e-183,"C04","MarkerC04-126"
1.06499083723089e-187,9.76505836038394,1,0.005,2.12998167446177e-183,"C04","MarkerC04-064"
1.12872361632969e-187,9.79079772961412,1,0.005,2.25744723265939e-183,"C04","MarkerC04-120"
1.14038263513564e-187,9.57541921702202,1,0.006,2.28076527027127e-183,"C04","MarkerC04-029"
1.30753381525423e-187,10.0262170294308,1,0.004,2.61506763050847e-183,"C04","MarkerC04-063"
1.34052327203795e-187,9.68055288987271,1,0.005,2.6810465440759e-183,"C04","MarkerC04-001"
1.34071113179248e-187,9.99675232788646,1,0.005,2.68142226358495e-183,"C04","MarkerC04-058"
1.35910490463213e-187,9.48929226532869,1,0.006,2.71820980926425e-183,"C04","MarkerC04-054"
1.36837812135327e-187,9.79719412572891,1,0.005,2.73675624270653e-183,"C04","MarkerC04-110"
1.36844203640125e-187,9.62336278443334,1,0.007,2.7368840728025e-183,"C04","MarkerC04-003"
1.38726035607143e-187,9.65780065088759,1,0.005,2.77452071214286e-183,"C04","MarkerC04-049"
1.40634946812293e-187,9.70715477536218,1,0.006,2.81269893624586e-183,"C04","MarkerC04-048"
1.42574255711686e-187,9.66723479486103,1,0.005,2.85148511423373e-183,"C04","MarkerC04-135"
1.43059797132235e-187,10.2772239864259,1,0.004,2.86119594264471e-183,"C04","MarkerC04-150"
1.44036681260891e-187,9.92511736374928,1,0.005,2.88073362521782e-183,"C04","MarkerC04-037"
1.45029540914532e-187,9.8883759542829,1,0.005,2.90059081829065e-183,"C04","MarkerC04-055"
1.46517121377678e-187,9.82576665505078,1,0.005,2.93034242755357e-183,"C04","MarkerC04-033"
1.4752275284125e-187,9.63378511706871,1,0.006,2.950455056825e-183,"C04","MarkerC04-081"
1.47527919840288e-187,9.79509508997293,1,0.005,2.95055839680577e-183,"C04","MarkerC04-022"
1.48530509713864e-187,10.0914551296121,1,0.004,2.97061019427727e-183,"C04","MarkerC04-101"
1.48544816236854e-187,9.70591977625142,1,0.005,2.97089632473707e-183,"C04","MarkerC04-139"
1.66832504948503e-187,9.65459918798503,1,0.005,3.33665009897005e-183,"C04","MarkerC04-005"
1.73206084933622e-187,9.85088772587048,1,0.005,3.46412169867244e-183,"C04","MarkerC04-124"
1.95751326431522e-187,9.47942366124238,1,0.006,3.91502652863043e-183,"C04","MarkerC04-116"
1.95755319862284e-187,10.0496222545984,1,0.005,3.91510639724569e-183,"C04","MarkerC04-031"
1.98438647748517e-187,9.83107776387083,1,0.005,3.96877295497033e-183,"C04","MarkerC04-082"
1.98446744079834e-187,9.64934082515911,1,0.005,3.96893488159668e-183,"C04","MarkerC04-129"
2.01179818731811e-187,9.45455620083741,1,0.006,4.02359637463621e-183,"C04","MarkerC04-061"
2.02567210812959e-187,9.79917938749613,1,0.005,4.05134421625918e-183,"C04","MarkerC04-115"
2.06752645571065e-187,9.90391170475388,1,0.005,4.13505291142129e-183,"C04","MarkerC04-079"
2.73800087892644e-187,10.0312964451227,1,0.004,5.47600175785287e-183,"C04","MarkerC04-132"
2.73812834629813e-187,9.57972549417117,1,0.005,5.47625669259626e-183,"C04","MarkerC04-148"
2.75674775860666e-187,9.8612424114506,1,0.005,5.51349551721332e-183,"C04","MarkerC04-036"
2.81393307062216e-187,9.87324339598963,1,0.005,5.62786614124432e-183,"C04","MarkerC04-125"
2.90885037785568e-187,9.58668600871838,1,0.006,5.81770075571136e-183,"C04","MarkerC04-011"
2.97168128381759e-187,9.46541114188697,1,0.006,5.94336256763517e-183,"C04","MarkerC04-006"
3.15984699983554e-187,10.1726807202053,1,0.005,6.31969399967108e-183,"C04","MarkerC04-060"
4.20494415264104e-187,9.72141267848133,1,0.006,8.40988830528209e-183,"C04","MarkerC04-008"
4.50167443261653e-187,9.83960964568292,1,0.005,9.00334886523306e-183,"C04","MarkerC04-032"
3.13537644854437e-188,9.82597969100349,1,0.004,6.27075289708873e-184,"C05","MarkerC05-067"
3.1353856641864e-188,9.75459531249353,1,0.005,6.2707713283728e-184,"C05","MarkerC05-032"
3.13539487985615e-188,9.76323309045812,1,0.005,6.27078975971229e-184,"C05","MarkerC05-144"
3.13540409555197e-188,10.3283701200465,1,0.003,6.27080819110393e-184,"C05","MarkerC05-093"
3.13544095860679e-188,10.2105227073308,1,0.004,6.27088191721357e-184,"C05","MarkerC05-149"
3.13545017443723e-188,9.94116575280942,1,0.005,6.27090034887447e-184,"C05","MarkerC05-049"
3.13545017443723e-188,9.78455004475996,1,0.005,6.27090034887447e-184,"C05","MarkerC05-129"
3.13545939029539e-188,9.82012296510045,1,0.005,6.27091878059078e-184,"C05","MarkerC05-060"
3.13546860618027e-188,9.9543488047298,1,0.004,6.27093721236055e-184,"C05","MarkerC05-128"
3.13547782209222e-188,9.48143602601061,1,0.005,6.27095564418443e-184,"C05","MarkerC05-027"
3.13550546998973e-188,10.3259234660176,1,0.004,6.27101093997945e-184,"C05","MarkerC05-036"
3.13550546998973e-188,9.91319949875573,1,0.004,6.27101093997945e-184,"C05","MarkerC05-085"
3.13552390205581e-188,10.3562427863763,1,0.004,6.27104780411163e-184,"C05","MarkerC05-045"
3.13557919890213e-188,9.99565214106378,1,0.005,6.27115839780426e-184,"C05","MarkerC05-003"
3.13559763139982e-188,9.6551736134086,1,0.005,6.27119526279964e-184,"C05","MarkerC05-131"
3.13562528034896e-188,9.97726943820945,1,0.005,6.27125056069793e-184,"C05","MarkerC05-145"
3.13565292954032e-188,9.99876046183728,1,0.004,6.27130585908063e-184,"C05","MarkerC05-030"
3.13567136246995e-188,9.75989478334763,1,0.005,6.2713427249399e-184,"C05","MarkerC05-070"
3.13570822865196e-188,9.53078184204862,1,0.006,6.27141645730391e-184,"C05","MarkerC05-096"
4.52227623917185e-188,9.73814363986864,1,0.005,9.04455247834369e-184,"C05","MarkerC05-120"
4.52243547439511e-188,9.64947809987696,1,0.006,9.04487094879022e-184,"C05","MarkerC05-072"
4.52252836418572e-188,9.78495987905408,1,0.005,9.04505672837145e-184,"C05","MarkerC05-105"
4.52272742013251e-188,9.65965909772462,1,0.005,9.04545484026502e-184,"C05","MarkerC05-026"
4.52275396158312e-188,9.71759423590515,1,0.005,9.04550792316624e-184,"C05","MarkerC05-140"
4.52276723236747e-188,10.1387003014841,1,0.003,9.04553446473494e-184,"C05","MarkerC05-108"
4.52276723236747e-188,9.93440206252863,1,0.005,9.04553446473494e-184,"C05","MarkerC05-104"
4.52278050319024e-188,9.79823082518316,1,0.005,9.04556100638049e-184,"C05","MarkerC05-113"
4.52283358686887e-188,9.53951710786961,1,0.005,9.04566717373775e-184,"C05","MarkerC05-080"
4.52287340003448e-188,10.0263754576727,1,0.004,9.04574680006895e-184,"C05","MarkerC05-013"
4.52287340003448e-188,9.77405815107951,1,0.005,9.04574680006895e-184,"C05","MarkerC05-130"
4.52287340003448e-188,9.67734139998069,1,0.006,9.04574680006895e-184,"C05","MarkerC05-039"
4.52288667116794e-188,10.1857292189452,1,0.003,9.04577334233588e-184,"C05","MarkerC05-121"
4.52288667116794e-188,9.9302722701764,1,0.005,9.04577334233588e-184,"C05","MarkerC05-029"
4.52291321354919e-188,9.50033034695305,1,0.006,9.04582642709839e-184,"C05","MarkerC05-019"
4.52303265618618e-188,9.8112550206041,1,0.005,9.04606531237235e-184,"C05","MarkerC05-016"
4.55365153129764e-188,9.93654915136741,1,0.005,9.10730306259529e-184,"C05","MarkerC05-148"
4.55391876338465e-188,10.2135502939297,1,0.003,9.1078375267693e-184,"C05","MarkerC05-147"
4.55394548745141e-188,9.72757874600497,1,0.005,9.10789097490282e-184,"C05","MarkerC05-100"
4.58515006861029e-188,10.2612852892283,1,0.004,9.17030013722057e-184,"C05","MarkerC05-031"
4.58520388260017e-188,9.92272146802856,1,0.005,9.17040776520035e-184,"C05","MarkerC05-142"
4.58541914484499e-188,9.70747554983677,1,0.005,9.17083828968999e-184,"C05","MarkerC05-146"
4.61655467563924e-188,9.83229807132737,1,0.005,9.23310935127847e-184,"C05","MarkerC05-123"
4.61693396092323e-188,9.64266583697678,1,0.005,9.23386792184647e-184,"C05","MarkerC05-020"
4.61702878708974e-188,9.70346693292846,1,0.005,9.23405757417949e-184,"C05","MarkerC05-074"
4.64829687154943e-188,10.1192449313014,1,0.004,9.29659374309885e-184,"C05","MarkerC05-095"
4.64844689487883e-188,9.84330041036643,1,0.005,9.29689378975765e-184,"C05","MarkerC05-132"
4.68042184704806e-188,10.1634999737411,1,0.004,9.36084369409612e-184,"C05","MarkerC05-110"
4.81056186689847e-188,9.49076144583766,1,0.006,9.62112373379693e-184,"C05","MarkerC05-116"
4.81059009343171e-188,9.73198184471519,1,0.005,9.62118018686342e-184,"C05","MarkerC05-061"
6.51022247841601e-188,9.69229708589858,1,0.005,1.3020444956832e-183,"C05","MarkerC05-114"
6.51035596962043e-188,9.65845011374606,1,0.005,1.30207119392409e-183,"C05","MarkerC05-133"
6.51039411046662e-188,10.4291272990267,1,0.003,1.30207882209332e-183,"C05","MarkerC05-051"
6.51039411046662e-188,10.1186774360115,1,0.004,1.30207882209332e-183,"C05","MarkerC05-079"
6.51039411046662e-188,9.86296983714137,1,0.005,1.30207882209332e-183,"C05","MarkerC05-004"
6.51041318097104e-188,9.91004321318596,1,0.005,1.30208263619421e-183,"C05","MarkerC05-066"
6.51048946355076e-188,10.3067665903624,1,0.004,1.30209789271015e-183,"C05","MarkerC05-076"
6.51062296020501e-188,9.85821271380219,1,0.005,1.302124592041e-183,"C05","MarkerC05-065"
6.51066110260608e-188,9.98933353112081,1,0.004,1.30213222052122e-183,"C05","MarkerC05-136"
6.51069924522968e-188,10.2280197342791,1,0.004,1.30213984904594e-183,"C05","MarkerC05-122"
6.55483273910142e-188,9.74235523776713,1,0.005,1.31096654782028e-183,"C05","MarkerC05-009"
6.55517835440326e-188,9.95780556198379,1,0.005,1.31103567088065e-183,"C05","MarkerC05-040"
6.5553511688553e-188,9.66837418090124,1,0.005,1.31107023377106e-183,"C05","MarkerC05-137"
6.55552398784158e-188,10.2889137540008,1,0.004,1.31110479756832e-183,"C05","MarkerC05-127"
6.55563920301819e-188,9.73861578734075,1,0.005,1.31112784060364e-183,"C05","MarkerC05-022"
6.59999964316201e-188,10.5011267756188,1,0.003,1.3199999286324e-183,"C05","MarkerC05-018"
6.60015430366863e-188,9.59081986565529,1,0.006,1.32003086073373e-183,"C05","MarkerC05-115"
6.60061830683057e-188,9.78502115674877,1,0.006,1.32012366136611e-183,"C05","MarkerC05-046"
6.62288382470263e-188,10.2777143134921,1,0.004,1.32457676494053e-183,"C05","MarkerC05-017"
6.64557473486124e-188,10.006178775011,1,0.005,1.32911494697225e-183,"C05","MarkerC05-091"
6.7373543486234e-188,9.52360876742974,1,0.005,1.34747086972468e-183,"C05","MarkerC05-117"
6.8299998935026e-188,10.0454338886243,1,0.005,1.36599997870052e-183,"C05","MarkerC05-062"
6.97131870967039e-188,9.87734973407545,1,0.005,1.39426374193408e-183,"C05","MarkerC05-075"
7.02003042930774e-188,9.6260385961655,1,0.005,1.40400608586155e-183,"C05","MarkerC05-134"
7.02023602932786e-188,9.74659088536538,1,0.005,1.40404720586557e-183,"C05","MarkerC05-125"
7.06781933441597e-188,10.0527066734383,1,0.004,1.41356386688319e-183,"C05","MarkerC05-111"
7.11591234794057e-188,10.105399206771,1,0.004,1.42318246958811e-183,"C05","MarkerC05-150"
7.3137382749051e-188,9.93005558889539,1,0.004,1.46274765498102e-183,"C05","MarkerC05-118"
7.46632189652536e-188,9.88498208292537,1,0.004,1.49326437930507e-183,"C05","MarkerC05-094"
7.51705725270799e-188,9.47327972246705,1,0.006,1.5034114505416e-183,"C05","MarkerC05-035"
7.77879293547634e-188,9.67204811106014,1,0.005,1.55575858709527e-183,"C05","MarkerC05-083"
7.88627239360298e-188,9.78342537852312,1,0.005,1.5772544787206e-183,"C05","MarkerC05-052"
8.6201420741035e-188,9.89816968252026,1,0.005,1.7240284148207e-183,"C05","MarkerC05-141"
9.35177144709942e-188,9.63033026575141,1,0.006,1.87035428941988e-183,"C05","MarkerC05-069"
9.35193553184343e-188,9.91642908289809,1,0.005,1.87038710636869e-183,"C05","MarkerC05-048"
9.35215431595687e-188,9.73173861120719,1,0.006,1.87043086319137e-183,"C05","MarkerC05-059"
9.35220901278184e-188,9.65354336626841,1,0.006,1.87044180255637e-183,"C05","MarkerC05-090"
9.35229105861599e-188,10.1486866538062,1,0.005,1.8704582117232e-183,"C05","MarkerC05-037"
9.35245515243235e-188,9.63160001424929,1,0.006,1.87049103048647e-183,"C05","MarkerC05-071"
9.35270129853107e-188,9.53749589258013,1,0.006,1.87054025970621e-183,"C05","MarkerC05-007"
9.41632190733678e-188,9.94131314261712,1,0.005,1.88326438146736e-183,"C05","MarkerC05-042"
9.41632190733678e-188,9.49142169182153,1,0.006,1.88326438146736e-183,"C05","MarkerC05-139"
9.41673494941093e-188,10.0624453549537,1,0.004,1.88334698988219e-183,"C05","MarkerC05-006"
9.41692770855025e-188,9.69212030611423,1,0.005,1.88338554171005e-183,"C05","MarkerC05-057"
9.4812064969302e-188,9.548252169197,1,0.006,1.89624129938604e-183,"C05","MarkerC05-102"
9.54564440247973e-188,10.1555470403164,1,0.004,1.90912888049595e-183,"C05","MarkerC05-089"
9.54637016324916e-188,9.55558355255737,1,0.006,1.90927403264983e-183,"C05","MarkerC05-053"
9.54650973892565e-188,10.2343344077862,1,0.004,1.90930194778513e-183,"C05","MarkerC05-078"
9.55170247705258e-188,9.58431407234527,1,0.005,1.91034049541052e-183,"C05","MarkerC05-014"
9.61119422198448e-188,10.0101062306085,1,0.005,1.9222388443969e-183,"C05","MarkerC05-034"
9.6113066388277e-188,9.76932872195293,1,0.005,1.92226132776554e-183,"C05","MarkerC05-088"
9.61136284773981e-188,9.88873299576202,1,0.005,1.92227256954796e-183,"C05","MarkerC05-126"
9.6118687426713e-188,9.68425114588533,1,0.006,1.92237374853426e-183,"C05","MarkerC05-058"
9.61192495485488e-188,10.4210910821799,1,0.004,1.92238499097098e-183,"C05","MarkerC05-005"
9.61212170007726e-188,9.45266153907097,1,0.006,1.92242434001545e-183,"C05","MarkerC05-138"
9.67733512594597e-188,9.5057269766323,1,0.006,1.93546702518919e-183,"C05","MarkerC05-023"
9.67787278371138e-188,9.89053968298755,1,0.005,1.93557455674228e-183,"C05","MarkerC05-063"
9.74495639046908e-188,9.74438672022198,1,0.005,1.94899127809382e-183,"C05","MarkerC05-068"
9.81135685515817e-188,10.0329939588201,1,0.004,1.96227137103163e-183,"C05","MarkerC05-025"
9.81138554315372e-188,9.91499786381882,1,0.005,1.96227710863074e-183,"C05","MarkerC05-021"
9.87777600235756e-188,9.57821806085555,1,0.006,1.97555520047151e-183,"C05","MarkerC05-047"
9.94531305647677e-188,9.58401265481651,1,0.006,1.98906261129535e-183,"C05","MarkerC05-092"
1.00144532123201e-187,9.30648988171951,1,0.007,2.00289064246402e-183,"C05","MarkerC05-109"
1.015278187171e-187,9.71587234032024,1,0.006,2.030556374342e-183,"C05","MarkerC05-119"
1.04342146321208e-187,9.75180079474985,1,0.005,2.08684292642416e-183,"C05","MarkerC05-081"
1.07232512112785e-187,9.673637508267,1,0.005,2.14465024225571e-183,"C05","MarkerC05-124"
1.08711042607159e-187,9.51006151453945,1,0.006,2.17422085214318e-183,"C05","MarkerC05-010"
1.09444008428042e-187,9.85339190129258,1,0.005,2.18888016856085e-183,"C05","MarkerC05-077"
1.15213836891657e-187,9.62571415038177,1,0.005,2.30427673783314e-183,"C05","MarkerC05-103"
1.34061328490091e-187,9.62830503130509,1,0.006,2.68122656980182e-183,"C05","MarkerC05-106"
1.34063676750656e-187,9.79764513630658,1,0.005,2.68127353501313e-183,"C05","MarkerC05-054"
1.34069156184536e-187,9.83081939502575,1,0.005,2.68138312369073e-183,"C05","MarkerC05-041"
1.34077375753335e-187,9.96696513812279,1,0.004,2.6815475150667e-183,"C05","MarkerC05-101"
1.34979200244874e-187,9.93106220036866,1,0.005,2.69958400489748e-183,"C05","MarkerC05-033"
1.34992204408562e-187,9.62760956302835,1,0.006,2.69984408817125e-183,"C05","MarkerC05-011"
1.35893430892602e-187,9.74192269617179,1,0.005,2.71786861785204e-183,"C05","MarkerC05-082"
1.35912474272542e-187,9.81108499081808,1,0.005,2.71824948545084e-183,"C05","MarkerC05-015"
1.36846201046334e-187,9.82930088713447,1,0.005,2.73692402092669e-183,"C05","MarkerC05-055"
1.38726035607143e-187,9.80880964809641,1,0.005,2.77452071214286e-183,"C05","MarkerC05-038"
1.38731300172212e-187,9.93263949841344,1,0.005,2.77462600344423e-183,"C05","MarkerC05-073"
1.39684369456299e-187,9.94883400344195,1,0.004,2.79368738912597e-183,"C05","MarkerC05-107"
1.39688447013348e-187,9.94481771462261,1,0.005,2.79376894026696e-183,"C05","MarkerC05-099"
1.43063555398241e-187,9.40612357330365,1,0.007,2.86127110796482e-183,"C05","MarkerC05-087"
1.56883451637832e-187,9.64635456483343,1,0.005,3.13766903275663e-183,"C05","MarkerC05-084"
1.91797850995779e-187,9.93999043496578,1,0.005,3.83595701991558e-183,"C05","MarkerC05-097"
1.93093602688239e-187,9.42192400451725,1,0.006,3.86187205376478e-183,"C05","MarkerC05-002"
1.94399797895657e-187,10.1456564944174,1,0.004,3.88799595791313e-183,"C05","MarkerC05-135"
1.95755890358995e-187,9.70623180539303,1,0.005,3.91511780717991e-183,"C05","MarkerC05-008"
2.06759272831844e-187,9.7463976459247,1,0.005,4.13518545663688e-183,"C05","MarkerC05-043"
2.09602417160537e-187,9.4202983300303,1,0.007,4.19204834321073e-183,"C05","MarkerC05-012"
2.09609746325782e-187,9.66038715558698,1,0.006,4.19219492651564e-183,"C05","MarkerC05-064"
2.13943635834015e-187,9.44151870735691,1,0.006,4.27887271668029e-183,"C05","MarkerC05-143"
2.24395095782188e-187,9.48982882428133,1,0.006,4.48790191564375e-183,"C05","MarkerC05-112"
2.28263045528691e-187,9.71711125584351,1,0.005,4.56526091057382e-183,"C05","MarkerC05-098"
2.77582474619761e-187,10.0724998888215,1,0.005,5.55164949239522e-183,"C05","MarkerC05-028"
2.79481403236895e-187,9.69434079131063,1,0.006,5.5896280647379e-183,"C05","MarkerC05-086"
2.83319098931663e-187,9.77345184498466,1,0.005,5.66638197863326e-183,"C05","MarkerC05-024"
3.17821374513956e-187,9.62150095862668,1,0.005,6.35642749027911e-183,"C05","MarkerC05-001"
3.64679055905615e-187,9.43717555844316,1,0.006,7.2935811181123e-183,"C05","MarkerC05-044"
4.1200206702719e-187,9.54036311147616,1,0.006,8.24004134054381e-183,"C05","MarkerC05-050"
4.80317131616663e-187,9.72933295705057,1,0.006,9.60634263233326e-183,"C05","MarkerC05-056"
3.13535801734048e-188,9.73743510688912,1,0.005,6.27071603468096e-184,"C06","MarkerC06-001"
3.13547782209222e-188,10.0506686772969,1,0.004,6.27095564418443e-184,"C06","MarkerC06-049"
3.13548703803121e-188,10.4732290436426,1,0.003,6.27097407606243e-184,"C06","MarkerC06-065"
3.13549625399662e-188,10.3772636596254,1,0.004,6.27099250799323e-184,"C06","MarkerC06-144"
3.13551468600957e-188,9.80955003136818,1,0.005,6.27102937201914e-184,"C06","MarkerC06-008"
3.13554233423013e-188,9.75186633383999,1,0.005,6.27108466846025e-184,"C06","MarkerC06-134"
3.13556998269387e-188,9.81054717963506,1,0.005,6.27113996538774e-184,"C06","MarkerC06-080"
3.13561606400574e-188,10.2056654356244,1,0.004,6.27123212801149e-184,"C06","MarkerC06-002"
3.13561606400574e-188,9.82853700801634,1,0.005,6.27123212801149e-184,"C06","MarkerC06-031"
3.13563449671924e-188,10.5281999928188,1,0.003,6.27126899343848e-184,"C06","MarkerC06-032"
3.13567136246995e-188,10.179641151208,1,0.003,6.2713427249399e-184,"C06","MarkerC06-074"
3.13574509526526e-188,9.74908017023743,1,0.005,6.27149019053052e-184,"C06","MarkerC06-086"
4.52260798551753e-188,9.75404418354699,1,0.005,9.04521597103506e-184,"C06","MarkerC06-120"
4.52275396158312e-188,9.65848360398424,1,0.005,9.04550792316624e-184,"C06","MarkerC06-020"
4.52276723236747e-188,9.9547850699927,1,0.005,9.04553446473494e-184,"C06","MarkerC06-010"
4.52278050319024e-188,9.43923952202627,1,0.007,9.04556100638049e-184,"C06","MarkerC06-019"
4.52282031589099e-188,9.81826573309703,1,0.004,9.04564063178198e-184,"C06","MarkerC06-139"
4.52283358686887e-188,9.79404786041318,1,0.005,9.04566717373775e-184,"C06","MarkerC06-062"
4.52284685788518e-188,9.75741606074511,1,0.005,9.04569371577036e-184,"C06","MarkerC06-075"
4.52291321354919e-188,10.0514559491417,1,0.004,9.04582642709839e-184,"C06","MarkerC06-041"
4.52291321354919e-188,9.70305922548407,1,0.005,9.04582642709839e-184,"C06","MarkerC06-003"
4.52292648479793e-188,9.78857648853003,1,0.005,9.04585296959586e-184,"C06","MarkerC06-059"
4.52292648479793e-188,10.0806278338837,1,0.005,9.04585296959586e-184,"C06","MarkerC06-099"
4.52296629877845e-188,9.47858258722117,1,0.005,9.0459325975569e-184,"C06","MarkerC06-129"
4.52297957018277e-188,9.95521889774969,1,0.004,9.04595914036553e-184,"C06","MarkerC06-140"
4.52300611310715e-188,10.1706148994436,1,0.004,9.0460122262143e-184,"C06","MarkerC06-012"
4.52300611310715e-188,9.67487325106272,1,0.006,9.0460122262143e-184,"C06","MarkerC06-060"
4.52301938462769e-188,9.95723118969794,1,0.005,9.04603876925537e-184,"C06","MarkerC06-130"
4.52304592778451e-188,10.1384000019637,1,0.004,9.04609185556901e-184,"C06","MarkerC06-078"
4.52308574281099e-188,9.90328356502406,1,0.005,9.04617148562198e-184,"C06","MarkerC06-048"
4.52319191792061e-188,10.0978621256134,1,0.004,9.04638383584121e-184,"C06","MarkerC06-071"
4.52325827862282e-188,9.43746598689695,1,0.007,9.04651655724564e-184,"C06","MarkerC06-138"
4.53818313946133e-188,9.86692634763023,1,0.005,9.07636627892265e-184,"C06","MarkerC06-123"
4.55386531571821e-188,9.64962684622711,1,0.005,9.10773063143641e-184,"C06","MarkerC06-113"
4.55397221167482e-188,9.87062079684978,1,0.005,9.10794442334964e-184,"C06","MarkerC06-092"
4.5539855738455e-188,9.62590670157093,1,0.005,9.107971147691e-184,"C06","MarkerC06-135"
4.55421273670998e-188,9.80986113460308,1,0.005,9.10842547341997e-184,"C06","MarkerC06-108"
4.55438645709786e-188,9.9435513573335,1,0.004,9.10877291419573e-184,"C06","MarkerC06-044"
4.58523078983026e-188,9.70899440148409,1,0.005,9.17046157966052e-184,"C06","MarkerC06-073"
4.61702878708974e-188,9.47943117633402,1,0.006,9.23405757417949e-184,"C06","MarkerC06-050"
4.6484741723657e-188,10.0262064044509,1,0.005,9.29694834473139e-184,"C06","MarkerC06-097"
4.66448227449344e-188,9.78995172161699,1,0.005,9.32896454898689e-184,"C06","MarkerC06-016"
4.68073770054309e-188,9.92183727799774,1,0.004,9.36147540108617e-184,"C06","MarkerC06-150"
4.71257500550916e-188,9.58982607469082,1,0.006,9.42515001101833e-184,"C06","MarkerC06-103"
4.71292067852338e-188,9.71861173182321,1,0.005,9.42584135704675e-184,"C06","MarkerC06-047"
6.51033689928273e-188,9.97560192730138,1,0.004,1.30206737985655e-183,"C06","MarkerC06-069"
6.51043225153329e-188,9.81464996567516,1,0.005,1.30208645030666e-183,"C06","MarkerC06-025"
6.51045132214998e-188,9.83708580367568,1,0.005,1.30209026443e-183,"C06","MarkerC06-126"
6.51050853433484e-188,9.75798297640847,1,0.005,1.30210170686697e-183,"C06","MarkerC06-133"
6.51052760517337e-188,10.1492319121228,1,0.004,1.30210552103467e-183,"C06","MarkerC06-143"
6.51052760517337e-188,9.36465871694002,1,0.007,1.30210552103467e-183,"C06","MarkerC06-066"
6.51060388908749e-188,10.1878705790813,1,0.004,1.3021207778175e-183,"C06","MarkerC06-015"
6.51069924522968e-188,10.002546353487,1,0.005,1.30213984904594e-183,"C06","MarkerC06-014"
6.51075645958188e-188,10.2264537610655,1,0.005,1.30215129191638e-183,"C06","MarkerC06-035"
6.51077553114444e-188,9.68482383135349,1,0.006,1.30215510622889e-183,"C06","MarkerC06-030"
6.51077553114444e-188,9.61524993167672,1,0.006,1.30215510622889e-183,"C06","MarkerC06-117"
6.51079460276212e-188,9.59230936096191,1,0.005,1.30215892055242e-183,"C06","MarkerC06-026"
6.51088996168551e-188,9.96914895685319,1,0.004,1.3021779923371e-183,"C06","MarkerC06-110"
6.51092810564425e-188,9.797284460763,1,0.004,1.30218562112885e-183,"C06","MarkerC06-045"
6.55506314728798e-188,9.84998127575499,1,0.005,1.3110126294576e-183,"C06","MarkerC06-061"
6.55560079773482e-188,10.2517839080657,1,0.004,1.31112015954696e-183,"C06","MarkerC06-106"
6.59996097859908e-188,9.43330646644975,1,0.006,1.31999219571982e-183,"C06","MarkerC06-028"
6.60015430366863e-188,9.79867881975438,1,0.004,1.32003086073373e-183,"C06","MarkerC06-118"
6.60021230228785e-188,9.49902905918204,1,0.006,1.32004246045757e-183,"C06","MarkerC06-111"
6.60048296922116e-188,9.80318491535941,1,0.005,1.32009659384423e-183,"C06","MarkerC06-136"
6.60057963866061e-188,9.65821442630343,1,0.006,1.32011592773212e-183,"C06","MarkerC06-004"
6.64565259739428e-188,9.87339341404852,1,0.004,1.32913051947886e-183,"C06","MarkerC06-067"
6.66861675076005e-188,9.5350111035925,1,0.006,1.33372335015201e-183,"C06","MarkerC06-101"
6.69130736870588e-188,9.68013404178946,1,0.005,1.33826147374118e-183,"C06","MarkerC06-068"
6.69144456422727e-188,10.1237883166356,1,0.004,1.33828891284545e-183,"C06","MarkerC06-013"
6.73719648072145e-188,9.55470679322429,1,0.006,1.34743929614429e-183,"C06","MarkerC06-052"
6.78345953806296e-188,9.49838225894607,1,0.006,1.35669190761259e-183,"C06","MarkerC06-040"
6.78359861859476e-188,9.47285483921091,1,0.006,1.35671972371895e-183,"C06","MarkerC06-104"
6.78361848747467e-188,10.4865279053431,1,0.004,1.35672369749493e-183,"C06","MarkerC06-039"
6.78373770196563e-188,9.74136370529596,1,0.005,1.35674754039313e-183,"C06","MarkerC06-124"
6.87687932326527e-188,9.75496986627713,1,0.005,1.37537586465305e-183,"C06","MarkerC06-085"
6.97125745780811e-188,9.59255117912661,1,0.005,1.39425149156162e-183,"C06","MarkerC06-122"
6.97193125776005e-188,10.2378302723783,1,0.004,1.39438625155201e-183,"C06","MarkerC06-109"
6.97213545236097e-188,9.61427659408526,1,0.005,1.39442709047219e-183,"C06","MarkerC06-037"
7.5690234655669e-188,9.80820996047306,1,0.005,1.51380469311338e-183,"C06","MarkerC06-145"
7.94048570944902e-188,9.70583096098714,1,0.005,1.5880971418898e-183,"C06","MarkerC06-006"
9.35160736522227e-188,9.71810093511011,1,0.005,1.87032147304445e-183,"C06","MarkerC06-077"
9.35193553184343e-188,9.9228138299525,1,0.005,1.87038710636869e-183,"C06","MarkerC06-112"
9.35201757528796e-188,9.60670246463936,1,0.006,1.87040351505759e-183,"C06","MarkerC06-142"
9.35223636131269e-188,9.97177796835174,1,0.005,1.87044727226254e-183,"C06","MarkerC06-119"
9.35261924911578e-188,10.0570853779152,1,0.005,1.87052384982316e-183,"C06","MarkerC06-082"
9.35278334866338e-188,9.86734347036774,1,0.005,1.87055666973268e-183,"C06","MarkerC06-137"
9.35294745107912e-188,10.0730530953788,1,0.004,1.87058949021582e-183,"C06","MarkerC06-055"
9.41582628065236e-188,9.65274231289614,1,0.005,1.88316525613047e-183,"C06","MarkerC06-088"
9.41629437183971e-188,9.55902777839126,1,0.006,1.88325887436794e-183,"C06","MarkerC06-056"
9.41681755999029e-188,9.92417284341007,1,0.005,1.88336351199806e-183,"C06","MarkerC06-005"
9.4812619467496e-188,9.93636743921454,1,0.005,1.89625238934992e-183,"C06","MarkerC06-107"
9.48153920068166e-188,9.68527438711208,1,0.006,1.89630784013633e-183,"C06","MarkerC06-058"
9.54642599327754e-188,9.69723763796634,1,0.005,1.90928519865551e-183,"C06","MarkerC06-081"
9.54678889636985e-188,9.81672353799043,1,0.005,1.90935777927397e-183,"C06","MarkerC06-023"
9.61150337145057e-188,9.73586698996589,1,0.005,1.92230067429011e-183,"C06","MarkerC06-105"
9.61155958150788e-188,9.54497253803329,1,0.007,1.92231191630158e-183,"C06","MarkerC06-083"
9.61170010808266e-188,9.57321116965765,1,0.007,1.92234002161653e-183,"C06","MarkerC06-128"
9.61175631928519e-188,10.0390600645235,1,0.004,1.92235126385704e-183,"C06","MarkerC06-146"
9.67781618675782e-188,9.77194934221783,1,0.005,1.93556323735157e-183,"C06","MarkerC06-094"
9.67795767976158e-188,9.40563631323083,1,0.006,1.93559153595232e-183,"C06","MarkerC06-007"
9.67804257655262e-188,9.62375494352141,1,0.006,1.93560851531053e-183,"C06","MarkerC06-098"
9.74424406011026e-188,9.45476266327053,1,0.006,1.94884881202205e-183,"C06","MarkerC06-093"
9.8107831127751e-188,10.1002180682083,1,0.005,1.96215662255502e-183,"C06","MarkerC06-084"
9.87844030395631e-188,10.0018274382623,1,0.004,1.97568806079126e-183,"C06","MarkerC06-079"
1.00834838013875e-187,9.85839885706715,1,0.005,2.01669676027751e-183,"C06","MarkerC06-076"
1.02919958689536e-187,9.62638294519788,1,0.005,2.05839917379072e-183,"C06","MarkerC06-070"
1.04336655605549e-187,9.74647553621979,1,0.005,2.08673311211099e-183,"C06","MarkerC06-024"
1.04346417076653e-187,9.50581629896466,1,0.006,2.08692834153307e-183,"C06","MarkerC06-095"
1.05776231845275e-187,10.0258169903832,1,0.004,2.11552463690551e-183,"C06","MarkerC06-033"
1.06508112928698e-187,10.0769202240554,1,0.004,2.13016225857397e-183,"C06","MarkerC06-121"
1.07233452550396e-187,9.77638748555779,1,0.004,2.14466905100791e-183,"C06","MarkerC06-022"
1.18499929419738e-187,9.9567473187482,1,0.004,2.36999858839476e-183,"C06","MarkerC06-011"
1.34065242280446e-187,9.76213811712828,1,0.006,2.68130484560892e-183,"C06","MarkerC06-029"
1.34066807828426e-187,9.69562714372728,1,0.006,2.68133615656852e-183,"C06","MarkerC06-053"
1.34071895985082e-187,9.82278113770437,1,0.005,2.68143791970164e-183,"C06","MarkerC06-089"
1.34074244429894e-187,9.7956547000891,1,0.005,2.68148488859788e-183,"C06","MarkerC06-132"
1.34990628079892e-187,9.9072014223798,1,0.005,2.69981256159785e-183,"C06","MarkerC06-046"
1.35909300191444e-187,9.91467297430066,1,0.005,2.71818600382888e-183,"C06","MarkerC06-125"
1.35913267804332e-187,9.87243922303188,1,0.005,2.71826535608665e-183,"C06","MarkerC06-009"
1.35917632311717e-187,9.99339884915757,1,0.005,2.71835264623434e-183,"C06","MarkerC06-036"
1.36853391948892e-187,9.72217595818016,1,0.005,2.73706783897785e-183,"C06","MarkerC06-148"
1.37777888602915e-187,9.63139971538702,1,0.006,2.7555577720583e-183,"C06","MarkerC06-090"
1.37781910637435e-187,10.0200531871153,1,0.005,2.7556382127487e-183,"C06","MarkerC06-017"
1.37781910637435e-187,9.64750908922124,1,0.006,2.7556382127487e-183,"C06","MarkerC06-102"
1.38724010827357e-187,9.79388587330945,1,0.005,2.77448021654713e-183,"C06","MarkerC06-127"
1.38732920078418e-187,9.90314712968888,1,0.005,2.77465840156836e-183,"C06","MarkerC06-018"
1.38736564936156e-187,9.68825692922191,1,0.005,2.77473129872313e-183,"C06","MarkerC06-100"
1.40638641523798e-187,9.87010836441162,1,0.005,2.81277283047597e-183,"C06","MarkerC06-021"
1.42570094115259e-187,9.664842798507,1,0.005,2.85140188230518e-183,"C06","MarkerC06-091"
1.42576336555237e-187,9.62652934963472,1,0.006,2.85152673110475e-183,"C06","MarkerC06-057"
1.46027957646713e-187,10.1636456873752,1,0.004,2.92055915293426e-183,"C06","MarkerC06-072"
1.47539976871915e-187,9.92728760404243,1,0.005,2.9507995374383e-183,"C06","MarkerC06-149"
1.51622215879755e-187,9.78932181097011,1,0.005,3.0324443175951e-183,"C06","MarkerC06-064"
1.93116114268039e-187,9.61270913687642,1,0.005,3.86232228536078e-183,"C06","MarkerC06-038"
1.94434360798079e-187,9.51744719982085,1,0.005,3.88868721596158e-183,"C06","MarkerC06-141"
1.94436060770746e-187,9.7710512366217,1,0.005,3.88872121541492e-183,"C06","MarkerC06-043"
1.97097879336587e-187,9.45887307047576,1,0.006,3.94195758673175e-183,"C06","MarkerC06-116"
1.97109367657186e-187,9.67251530863749,1,0.005,3.94218735314372e-183,"C06","MarkerC06-054"
1.98454840739984e-187,9.96647241920077,1,0.005,3.96909681479967e-183,"C06","MarkerC06-114"
1.98457732483989e-187,9.73187299078566,1,0.005,3.96915464967979e-183,"C06","MarkerC06-087"
1.99806575934251e-187,9.73603224708878,1,0.006,3.99613151868502e-183,"C06","MarkerC06-063"
1.99817639458273e-187,9.83590050052339,1,0.005,3.99635278916546e-183,"C06","MarkerC06-131"
2.02574884866279e-187,9.83894351426788,1,0.005,4.05149769732558e-183,"C06","MarkerC06-034"
2.06753850511817e-187,9.83489033215421,1,0.005,4.13507701023635e-183,"C06","MarkerC06-147"
2.09611578656949e-187,9.52872325436861,1,0.005,4.19223157313897e-183,"C06","MarkerC06-042"
2.46273463670643e-187,9.74201402111927,1,0.005,4.92546927341286e-183,"C06","MarkerC06-051"
2.79491974305357e-187,9.70160150136514,1,0.006,5.58983948610714e-183,"C06","MarkerC06-027"
4.26280623537841e-187,9.52962215850685,1,0.005,8.52561247075681e-183,"C06","MarkerC06-096"
6.10215427781593e-187,9.94630362530174,1,0.005,1.22043085556319e-182,"C06","MarkerC06-115"
3.13533958624482e-188,10.0399181566569,1,0.004,6.27067917248964e-184,"C07","MarkerC07-095"
3.13535801734048e-188,9.56620685022061,1,0.006,6.27071603468096e-184,"C07","MarkerC07-122"
3.13536723292939e-188,9.85688317179834,1,0.005,6.27073446585877e-184,"C07","MarkerC07-093"
3.1353856641864e-188,9.94508207506385,1,0.004,6.2707713283728e-184,"C07","MarkerC07-002"
3.13539487985615e-188,10.3769222962185,1,0.004,6.27078975971229e-184,"C07","MarkerC07-068"
3.13543174280274e-188,9.74039375440198,1,0.005,6.27086348560548e-184,"C07","MarkerC07-131"
3.13548703803121e-188,9.63188412483781,1,0.005,6.27097407606243e-184,"C07","MarkerC07-006"
3.13549625399662e-188,9.82727177581938,1,0.005,6.27099250799323e-184,"C07","MarkerC07-024"
3.13554233423013e-188,9.62085279003755,1,0.006,6.27108466846025e-184,"C07","MarkerC07-019"
3.13558841513777e-188,10.5231231348608,1,0.003,6.27117683027555e-184,"C07","MarkerC07-094"
3.13559763139982e-188,10.6506635884027,1,0.003,6.27119526279964e-184,"C07","MarkerC07-035"
3.13561606400574e-188,9.6608588626404,1,0.006,6.27123212801149e-184,"C07","MarkerC07-098"
4.52248855404345e-188,10.2722197358003,1,0.004,9.04497710808691e-184,"C07","MarkerC07-090"
4.52274069083813e-188,9.72740600059004,1,0.005,9.04548138167626e-184,"C07","MarkerC07-031"
4.52278050319024e-188,10.2096447245467,1,0.004,9.04556100638049e-184,"C07","MarkerC07-092"
4.52279377405191e-188,9.77717563808715,1,0.004,9.04558754810382e-184,"C07","MarkerC07-048"
4.52283358686887e-188,10.1046837379867,1,0.004,9.04566717373775e-184,"C07","MarkerC07-144"
4.52283358686887e-188,9.77408753948403,1,0.005,9.04566717373775e-184,"C07","MarkerC07-107"
4.52287340003448e-188,9.72924495157886,1,0.005,9.04574680006895e-184,"C07","MarkerC07-022"
4.52289994233935e-188,9.52003333403669,1,0.006,9.04579988467871e-184,"C07","MarkerC07-004"
4.52292648479793e-188,9.82068542049911,1,0.005,9.04585296959586e-184,"C07","MarkerC07-111"
4.52292648479793e-188,10.0028052818388,1,0.005,9.04585296959586e-184,"C07","MarkerC07-145"
4.5229397560865e-188,9.69943248271552,1,0.005,9.045879512173e-184,"C07","MarkerC07-071"
4.52295302741303e-188,9.68398409682125,1,0.005,9.04590605482605e-184,"C07","MarkerC07-037"
4.52297957018277e-188,9.92387460395667,1,0.005,9.04595914036553e-184,"C07","MarkerC07-109"
4.52297957018277e-188,9.58228961038203,1,0.006,9.04595914036553e-184,"C07","MarkerC07-097"
4.52300611310715e-188,9.58783488708116,1,0.006,9.0460122262143e-184,"C07","MarkerC07-118"
4.52305919942126e-188,9.433439923066,1,0.006,9.04611839884252e-184,"C07","MarkerC07-058"
4.52308574281099e-188,10.0049648408564,1,0.005,9.04617148562198e-184,"C07","MarkerC07-127"
4.52315210196342e-188,9.87400459579477,1,0.005,9.04630420392683e-184,"C07","MarkerC07-040"
4.55373169928478e-188,10.0419464602113,1,0.004,9.10746339856956e-184,"C07","MarkerC07-132"
4.55379850701342e-188,9.68429616540558,1,0.006,9.10759701402683e-184,"C07","MarkerC07-026"
4.55411919769438e-188,10.1149351717395,1,0.004,9.10823839538875e-184,"C07","MarkerC07-041"
4.55427955146305e-188,9.43788421505637,1,0.006,9.10855910292611e-184,"C07","MarkerC07-049"
4.58532496637494e-188,9.399922638866,1,0.006,9.17064993274988e-184,"C07","MarkerC07-009"
4.58533842032394e-188,9.47219106447915,1,0.006,9.17067684064788e-184,"C07","MarkerC07-043"
4.58544605333253e-188,9.61792964734114,1,0.005,9.17089210666506e-184,"C07","MarkerC07-134"
4.60110235178176e-188,10.6365305554149,1,0.003,9.20220470356352e-184,"C07","MarkerC07-021"
4.64861056218811e-188,10.2807261615123,1,0.004,9.29722112437623e-184,"C07","MarkerC07-082"
4.64863784063138e-188,10.1120723286946,1,0.004,9.29727568126276e-184,"C07","MarkerC07-038"
4.71268561812849e-188,9.73308260735163,1,0.005,9.42537123625699e-184,"C07","MarkerC07-011"
4.71272709852643e-188,10.2851869061231,1,0.003,9.42545419705287e-184,"C07","MarkerC07-087"
4.76134460687371e-188,9.88750232442844,1,0.004,9.52268921374741e-184,"C07","MarkerC07-133"
4.84360799087894e-188,10.0241709352603,1,0.004,9.68721598175787e-184,"C07","MarkerC07-137"
5.012785666998e-188,9.9447241194284,1,0.004,1.0025571333996e-183,"C07","MarkerC07-150"
5.04702683457661e-188,9.58516617381606,1,0.006,1.00940536691532e-183,"C07","MarkerC07-057"
5.42342994801761e-188,10.1159023693843,1,0.004,1.08468598960352e-183,"C07","MarkerC07-081"
5.7094052074478e-188,9.4089654651297,1,0.006,1.14188104148956e-183,"C07","MarkerC07-064"
5.78772654721937e-188,9.79730135660567,1,0.005,1.15754530944387e-183,"C07","MarkerC07-084"
6.50987922782759e-188,9.51858485547917,1,0.006,1.30197584556552e-183,"C07","MarkerC07-110"
6.51022247841601e-188,10.1233653183234,1,0.004,1.3020444956832e-183,"C07","MarkerC07-018"
6.51026061848241e-188,9.99704171278617,1,0.005,1.30205212369648e-183,"C07","MarkerC07-080"
6.51033689928273e-188,9.91993401135207,1,0.005,1.30206737985655e-183,"C07","MarkerC07-029"
6.51045132214998e-188,10.1289449826721,1,0.004,1.30209026443e-183,"C07","MarkerC07-030"
6.51045132214998e-188,9.85189771115312,1,0.005,1.30209026443e-183,"C07","MarkerC07-076"
6.51058481802509e-188,10.109575551119,1,0.004,1.30211696360502e-183,"C07","MarkerC07-063"
6.51064203137629e-188,10.0507828012974,1,0.004,1.30212840627526e-183,"C07","MarkerC07-074"
6.51069924522968e-188,9.98664085355836,1,0.005,1.30213984904594e-183,"C07","MarkerC07-007"
6.51079460276212e-188,9.75279211763873,1,0.006,1.30215892055242e-183,"C07","MarkerC07-088"
6.51088996168551e-188,10.0114741926268,1,0.004,1.3021779923371e-183,"C07","MarkerC07-054"
6.51092810564425e-188,9.66536797792489,1,0.005,1.30218562112885e-183,"C07","MarkerC07-039"
6.55487113990681e-188,9.76857450007356,1,0.005,1.31097422798136e-183,"C07","MarkerC07-075"
6.55508234833228e-188,9.86413644976702,1,0.005,1.31101646966646e-183,"C07","MarkerC07-065"
6.55546638100901e-188,9.75909223309512,1,0.006,1.3110932762018e-183,"C07","MarkerC07-051"
6.60013497090776e-188,9.98312794953652,1,0.005,1.32002699418155e-183,"C07","MarkerC07-070"
6.60038630119103e-188,10.0007945561967,1,0.004,1.32007726023821e-183,"C07","MarkerC07-036"
6.69126817049897e-188,9.79089723354752,1,0.005,1.33825363409979e-183,"C07","MarkerC07-045"
6.82993988044318e-188,9.79677640611473,1,0.006,1.36598797608864e-183,"C07","MarkerC07-028"
6.82997988909117e-188,9.99592316498406,1,0.004,1.36599597781824e-183,"C07","MarkerC07-083"
6.83007991172999e-188,9.89111315905878,1,0.005,1.366015982346e-183,"C07","MarkerC07-147"
6.83009991643332e-188,9.81760876398873,1,0.005,1.36601998328666e-183,"C07","MarkerC07-015"
7.26403326442163e-188,9.82840724014346,1,0.005,1.45280665288433e-183,"C07","MarkerC07-119"
7.26433108723684e-188,10.1058858815211,1,0.004,1.45286621744737e-183,"C07","MarkerC07-023"
7.72586326904149e-188,9.98460527006648,1,0.004,1.5451726538083e-183,"C07","MarkerC07-001"
7.94013698553068e-188,9.88049646453114,1,0.004,1.58802739710614e-183,"C07","MarkerC07-053"
8.44507106609193e-188,9.83630720663154,1,0.005,1.68901421321839e-183,"C07","MarkerC07-060"
9.35196287957839e-188,9.648678443323,1,0.005,1.87039257591568e-183,"C07","MarkerC07-125"
9.35209961945044e-188,9.80264538155592,1,0.005,1.87041992389009e-183,"C07","MarkerC07-059"
9.35231840738552e-188,10.1492107673085,1,0.004,1.8704636814771e-183,"C07","MarkerC07-101"
9.35231840738552e-188,9.52191307632853,1,0.006,1.8704636814771e-183,"C07","MarkerC07-025"
9.35292010047807e-188,9.77463527059744,1,0.005,1.87058402009561e-183,"C07","MarkerC07-103"
9.3844989154371e-188,9.33111432369316,1,0.006,1.87689978308742e-183,"C07","MarkerC07-073"
9.41585381478516e-188,9.46219761854704,1,0.006,1.88317076295703e-183,"C07","MarkerC07-139"
9.41626683642306e-188,10.1621693221328,1,0.003,1.88325336728461e-183,"C07","MarkerC07-003"
9.41651465806043e-188,10.0203975089869,1,0.004,1.88330293161209e-183,"C07","MarkerC07-121"
9.41656973041695e-188,9.90846896934742,1,0.005,1.88331394608339e-183,"C07","MarkerC07-033"
9.4171755474988e-188,9.55220289791422,1,0.006,1.88343510949976e-183,"C07","MarkerC07-017"
9.48034706602206e-188,9.68350249538306,1,0.005,1.89606941320441e-183,"C07","MarkerC07-027"
9.48043023336611e-188,10.0598377665082,1,0.004,1.89608604667322e-183,"C07","MarkerC07-046"
9.48090152869913e-188,9.75027392782205,1,0.005,1.89618030573983e-183,"C07","MarkerC07-050"
9.48159465243766e-188,10.0718227611215,1,0.005,1.89631893048753e-183,"C07","MarkerC07-112"
9.54595144841064e-188,10.0688942114287,1,0.004,1.90919028968213e-183,"C07","MarkerC07-010"
9.54600727599906e-188,9.80782437694887,1,0.005,1.90920145519981e-183,"C07","MarkerC07-012"
9.54634224835925e-188,10.1179197252654,1,0.004,1.90926844967185e-183,"C07","MarkerC07-142"
9.61099749565905e-188,9.83664505126765,1,0.005,1.92219949913181e-183,"C07","MarkerC07-124"
9.6113066388277e-188,10.2862998420212,1,0.004,1.92226132776554e-183,"C07","MarkerC07-032"
9.61139095231799e-188,9.51501671077594,1,0.006,1.9222781904636e-183,"C07","MarkerC07-104"
9.612290342029e-188,9.53703201824025,1,0.006,1.9224580684058e-183,"C07","MarkerC07-113"
9.67764639786967e-188,10.0590177112268,1,0.004,1.93552927957393e-183,"C07","MarkerC07-034"
9.74398763386853e-188,9.94460799208195,1,0.005,1.94879752677371e-183,"C07","MarkerC07-014"
9.74438652203579e-188,9.95505263466752,1,0.005,1.94887730440716e-183,"C07","MarkerC07-106"
9.74447200018564e-188,9.78842267448359,1,0.005,1.94889440003713e-183,"C07","MarkerC07-067"
9.87763159485164e-188,9.83340510627122,1,0.004,1.97552631897033e-183,"C07","MarkerC07-130"
9.87841142035353e-188,9.85617402630681,1,0.005,1.97568228407071e-183,"C07","MarkerC07-066"
9.87841142035353e-188,9.56219567101132,1,0.006,1.97568228407071e-183,"C07","MarkerC07-077"
9.94615637501775e-188,9.78369735198357,1,0.005,1.98923127500355e-183,"C07","MarkerC07-008"
9.97982333090969e-188,9.35147061009437,1,0.007,1.99596466618194e-183,"C07","MarkerC07-020"
1.0083365875048e-187,10.0158251385073,1,0.004,2.0166731750096e-183,"C07","MarkerC07-013"
1.01518023503083e-187,9.70327054483275,1,0.006,2.03036047006166e-183,"C07","MarkerC07-148"
1.01520101197149e-187,9.7343838730417,1,0.005,2.03040202394298e-183,"C07","MarkerC07-146"
1.06499083723089e-187,9.82190410826524,1,0.005,2.12998167446177e-183,"C07","MarkerC07-085"
1.10279806096333e-187,9.670419199675,1,0.006,2.20559612192666e-183,"C07","MarkerC07-044"
1.34063285371038e-187,10.0057560220148,1,0.004,2.68126570742076e-183,"C07","MarkerC07-089"
1.3406485089629e-187,9.70913192890828,1,0.006,2.6812970179258e-183,"C07","MarkerC07-091"
1.34076592915641e-187,9.65880193659245,1,0.006,2.68153185831281e-183,"C07","MarkerC07-005"
1.34985111073785e-187,9.72013469759871,1,0.005,2.69970222147571e-183,"C07","MarkerC07-126"
1.34985899203788e-187,10.0226809199259,1,0.005,2.69971798407577e-183,"C07","MarkerC07-105"
1.35910490463213e-187,9.67894413653541,1,0.006,2.71820980926425e-183,"C07","MarkerC07-055"
1.35913664571977e-187,9.90727788365457,1,0.005,2.71827329143954e-183,"C07","MarkerC07-056"
1.36846600531045e-187,9.9746088834817,1,0.005,2.7369320106209e-183,"C07","MarkerC07-099"
1.36854989978324e-187,10.0134795822202,1,0.005,2.73709979956647e-183,"C07","MarkerC07-138"
1.39680699756215e-187,9.69782998202462,1,0.005,2.79361399512429e-183,"C07","MarkerC07-052"
1.41597358600402e-187,10.0892870828144,1,0.005,2.83194717200804e-183,"C07","MarkerC07-117"
1.44536900161281e-187,9.71919368839682,1,0.005,2.89073800322563e-183,"C07","MarkerC07-102"
1.46863880465764e-187,9.57794740243508,1,0.005,2.93727760931528e-183,"C07","MarkerC07-016"
1.47525766902138e-187,9.95374567385101,1,0.004,2.95051533804276e-183,"C07","MarkerC07-047"
1.48543515587206e-187,9.54878563542895,1,0.006,2.97087031174413e-183,"C07","MarkerC07-100"
1.49558237248971e-187,9.94936950125009,1,0.005,2.99116474497942e-183,"C07","MarkerC07-143"
1.52660171413708e-187,9.51338829262752,1,0.006,3.05320342827415e-183,"C07","MarkerC07-062"
1.59040509772338e-187,9.39724356952192,1,0.007,3.18081019544675e-183,"C07","MarkerC07-135"
1.60131524151503e-187,10.1476621423212,1,0.004,3.20263048303006e-183,"C07","MarkerC07-120"
1.78641104626873e-187,9.78938154855352,1,0.005,3.57282209253746e-183,"C07","MarkerC07-129"
1.82166894854461e-187,9.29165035277779,1,0.007,3.64333789708923e-183,"C07","MarkerC07-140"
1.92449404980313e-187,9.85101091243342,1,0.005,3.84898809960625e-183,"C07","MarkerC07-069"
1.9442416127276e-187,9.65441804478167,1,0.006,3.8884832254552e-183,"C07","MarkerC07-136"
1.95760454392407e-187,9.7134014051567,1,0.006,3.91520908784813e-183,"C07","MarkerC07-116"
1.95888526517565e-187,9.26464361771209,1,0.007,3.91777053035131e-183,"C07","MarkerC07-086"
1.97105921091032e-187,9.50758490220922,1,0.006,3.94211842182063e-183,"C07","MarkerC07-079"
2.05344399870984e-187,10.3101533932877,1,0.004,4.10688799741968e-183,"C07","MarkerC07-072"
2.05361155041624e-187,10.1934925007449,1,0.004,4.10722310083248e-183,"C07","MarkerC07-149"
2.11039829518155e-187,9.66310763652515,1,0.005,4.2207965903631e-183,"C07","MarkerC07-108"
2.32210441061601e-187,9.72948996500184,1,0.005,4.64420882123202e-183,"C07","MarkerC07-096"
2.98214869970183e-187,9.73717439036748,1,0.005,5.96429739940367e-183,"C07","MarkerC07-114"
2.99220898476012e-187,9.69781462551668,1,0.005,5.98441796952024e-183,"C07","MarkerC07-061"
3.18158037939584e-187,9.56848036558771,1,0.006,6.36316075879168e-183,"C07","MarkerC07-042"
3.47651366916547e-187,10.0594238958837,1,0.004,6.95302733833094e-183,"C07","MarkerC07-141"
3.68404943469519e-187,9.4345227825064,1,0.006,7.36809886939038e-183,"C07","MarkerC07-078"
3.92802635238952e-187,9.65114127254164,1,0.006,7.85605270477904e-183,"C07","MarkerC07-115"
4.14846991518923e-187,9.90554673899263,1,0.004,8.29693983037847e-183,"C07","MarkerC07-128"
4.32121208634934e-187,10.0066833257827,1,0.004,8.64242417269868e-183,"C07","MarkerC07-123"
3.13527507825913e-188,9.57196779492482,1,0.006,6.27055015651826e-184,"C08","MarkerC08-088"
3.13528429360487e-188,9.64897148123381,1,0.006,6.27056858720973e-184,"C08","MarkerC08-048"
3.13531193980342e-188,9.63312378868877,1,0.006,6.27062387960684e-184,"C08","MarkerC08-090"
3.1353856641864e-188,9.94787938672895,1,0.005,6.2707713283728e-184,"C08","MarkerC08-102"
3.13539487985615e-188,9.74242206994349,1,0.005,6.27078975971229e-184,"C08","MarkerC08-021"
3.13540409555197e-188,9.80232766931324,1,0.005,6.27080819110393e-184,"C08","MarkerC08-076"
3.13543174280274e-188,9.74026605452216,1,0.005,6.27086348560548e-184,"C08","MarkerC08-046"
3.13545017443723e-188,9.79363918810444,1,0.005,6.27090034887447e-184,"C08","MarkerC08-010"
3.13547782209222e-188,9.73265168065918,1,0.006,6.27095564418443e-184,"C08","MarkerC08-107"
3.13550546998973e-188,10.0006828371085,1,0.004,6.27101093997945e-184,"C08","MarkerC08-044"
3.13563449671924e-188,10.4116256715201,1,0.004,6.27126899343848e-184,"C08","MarkerC08-024"
3.13568979550684e-188,10.2988050172191,1,0.004,6.27137959101367e-184,"C08","MarkerC08-009"
4.5224620141415e-188,9.75466475685709,1,0.005,9.044924028283e-184,"C08","MarkerC08-007"
4.52248855404345e-188,10.0428360147354,1,0.004,9.04497710808691e-184,"C08","MarkerC08-147"
4.52251509409909e-188,9.79142021346996,1,0.005,9.04503018819819e-184,"C08","MarkerC08-082"
4.52263452627182e-188,10.0594599266927,1,0.004,9.04526905254364e-184,"C08","MarkerC08-012"
4.52264779670754e-188,9.74063987778278,1,0.005,9.04529559341509e-184,"C08","MarkerC08-025"
4.52270087883512e-188,9.95798481371014,1,0.005,9.04540175767024e-184,"C08","MarkerC08-149"
4.52282031589099e-188,9.73387205347189,1,0.005,9.04564063178198e-184,"C08","MarkerC08-134"
4.52283358686887e-188,9.70626231098916,1,0.006,9.04566717373775e-184,"C08","MarkerC08-064"
4.52286012894085e-188,9.91563591666236,1,0.004,9.0457202578817e-184,"C08","MarkerC08-041"
4.52291321354919e-188,9.97786075554416,1,0.005,9.04582642709839e-184,"C08","MarkerC08-001"
4.52291321354919e-188,9.71220381702936,1,0.005,9.04582642709839e-184,"C08","MarkerC08-035"
4.52291321354919e-188,9.65160614302452,1,0.006,9.04582642709839e-184,"C08","MarkerC08-019"
4.52299284162551e-188,9.80416811795672,1,0.004,9.04598568325102e-184,"C08","MarkerC08-027"
4.52303265618618e-188,9.89827116511094,1,0.005,9.04606531237235e-184,"C08","MarkerC08-108"
4.52321846208546e-188,9.99163075669579,1,0.005,9.04643692417091e-184,"C08","MarkerC08-117"
4.5233246402942e-188,10.0924284201417,1,0.004,9.04664928058839e-184,"C08","MarkerC08-014"
4.5537183378553e-188,10.0097523419171,1,0.005,9.10743667571059e-184,"C08","MarkerC08-013"
4.55378514538956e-188,10.189598746699,1,0.004,9.10757029077912e-184,"C08","MarkerC08-055"
4.55397221167482e-188,9.87870422190057,1,0.004,9.10794442334964e-184,"C08","MarkerC08-015"
4.55403902291653e-188,9.97846928096184,1,0.004,9.10807804583306e-184,"C08","MarkerC08-132"
4.55409247261225e-188,9.41147511353656,1,0.006,9.10818494522451e-184,"C08","MarkerC08-096"
4.58504244251733e-188,9.96071469197342,1,0.004,9.17008488503465e-184,"C08","MarkerC08-059"
4.58513661521186e-188,10.0412772320581,1,0.005,9.17027323042372e-184,"C08","MarkerC08-141"
4.58520388260017e-188,9.94389063502953,1,0.004,9.17040776520035e-184,"C08","MarkerC08-093"
4.64822868072155e-188,10.237413725284,1,0.003,9.29645736144309e-184,"C08","MarkerC08-050"
4.71283771469876e-188,9.29992092957549,1,0.007,9.42567542939752e-184,"C08","MarkerC08-016"
6.51014619895141e-188,10.3392503013108,1,0.003,1.30202923979028e-183,"C08","MarkerC08-042"
6.5101843385728e-188,9.88358927786961,1,0.005,1.30203686771456e-183,"C08","MarkerC08-039"
6.51022247841601e-188,9.98817144813266,1,0.005,1.3020444956832e-183,"C08","MarkerC08-112"
6.51022247841601e-188,9.8383659118106,1,0.005,1.3020444956832e-183,"C08","MarkerC08-118"
6.51039411046662e-188,9.83908223706572,1,0.005,1.30207882209332e-183,"C08","MarkerC08-038"
6.51043225153329e-188,9.94686115900207,1,0.005,1.30208645030666e-183,"C08","MarkerC08-111"
6.51052760517337e-188,10.084952799894,1,0.005,1.30210552103467e-183,"C08","MarkerC08-022"
6.51052760517337e-188,9.94612134199397,1,0.005,1.30210552103467e-183,"C08","MarkerC08-065"
6.51052760517337e-188,9.87259147660091,1,0.005,1.30210552103467e-183,"C08","MarkerC08-101"
6.51056574701917e-188,9.81208608170082,1,0.005,1.30211314940383e-183,"C08","MarkerC08-116"
6.51064203137629e-188,9.75522700441464,1,0.005,1.30212840627526e-183,"C08","MarkerC08-054"
6.51073738807648e-188,9.73164324862421,1,0.005,1.3021474776153e-183,"C08","MarkerC08-057"
6.51077553114444e-188,9.70032146213932,1,0.006,1.30215510622889e-183,"C08","MarkerC08-043"
6.51083274616421e-188,10.0178063844271,1,0.005,1.30216654923284e-183,"C08","MarkerC08-129"
6.55508234833228e-188,9.98492372888297,1,0.005,1.31101646966646e-183,"C08","MarkerC08-030"
6.55537037073956e-188,9.21259250540984,1,0.007,1.31107407414791e-183,"C08","MarkerC08-034"
6.55538957268204e-188,10.25828260819,1,0.004,1.31107791453641e-183,"C08","MarkerC08-069"
6.59969033297067e-188,10.1868138423439,1,0.004,1.31993806659413e-183,"C08","MarkerC08-089"
6.59994164640245e-188,9.60366275357906,1,0.006,1.31998832928049e-183,"C08","MarkerC08-008"
6.60013497090776e-188,9.87822282848782,1,0.004,1.32002699418155e-183,"C08","MarkerC08-142"
6.60027030141546e-188,10.0737084755089,1,0.005,1.32005406028309e-183,"C08","MarkerC08-026"
6.60028963457021e-188,10.0137122784561,1,0.005,1.32005792691404e-183,"C08","MarkerC08-037"
6.6003089677822e-188,10.1741311448885,1,0.004,1.32006179355644e-183,"C08","MarkerC08-124"
6.6004056346831e-188,9.83616560358492,1,0.005,1.32008112693662e-183,"C08","MarkerC08-120"
6.60046363550214e-188,10.1506522531343,1,0.004,1.32009272710043e-183,"C08","MarkerC08-023"
6.60063764099936e-188,10.210512022383,1,0.004,1.32012752819987e-183,"C08","MarkerC08-028"
6.64512704292517e-188,9.88444463771595,1,0.005,1.32902540858503e-183,"C08","MarkerC08-029"
6.64551633855823e-188,9.747582687035,1,0.005,1.32910326771165e-183,"C08","MarkerC08-126"
6.64553580393608e-188,9.59758787846994,1,0.006,1.32910716078722e-183,"C08","MarkerC08-060"
6.64563313167542e-188,9.80327804559573,1,0.005,1.32912662633508e-183,"C08","MarkerC08-070"
6.69118977477112e-188,9.91820075903125,1,0.005,1.33823795495422e-183,"C08","MarkerC08-135"
6.69150336316559e-188,9.73647564107035,1,0.005,1.33830067263312e-183,"C08","MarkerC08-138"
6.73684129140657e-188,9.69494830822364,1,0.006,1.34736825828131e-183,"C08","MarkerC08-018"
6.73707808221235e-188,9.8012252531754,1,0.006,1.34741561644247e-183,"C08","MarkerC08-145"
6.73713728120851e-188,9.69264577202274,1,0.005,1.3474274562417e-183,"C08","MarkerC08-086"
6.73725568075326e-188,9.40956983142486,1,0.007,1.34745113615065e-183,"C08","MarkerC08-119"
6.78336019656198e-188,9.92418625374139,1,0.005,1.3566720393124e-183,"C08","MarkerC08-091"
6.78341980128847e-188,10.1618527774287,1,0.004,1.3566839602577e-183,"C08","MarkerC08-005"
6.78355888101074e-188,9.88630412848421,1,0.004,1.35671177620215e-183,"C08","MarkerC08-110"
6.78375757125031e-188,9.53682735055724,1,0.006,1.35675151425006e-183,"C08","MarkerC08-097"
6.83009991643332e-188,9.73398866151529,1,0.005,1.36601998328666e-183,"C08","MarkerC08-003"
6.97133912707824e-188,9.92943291951029,1,0.005,1.39426782541565e-183,"C08","MarkerC08-083"
7.06746745439152e-188,10.0915083799414,1,0.004,1.4134934908783e-183,"C08","MarkerC08-109"
7.28866201826749e-188,9.96216212357861,1,0.005,1.4577324036535e-183,"C08","MarkerC08-061"
7.33933054314645e-188,9.56353107664643,1,0.005,1.46786610862929e-183,"C08","MarkerC08-128"
7.51670507146043e-188,9.60768945634328,1,0.005,1.50334101429209e-183,"C08","MarkerC08-079"
7.67324840343283e-188,10.0114898718456,1,0.005,1.53464968068657e-183,"C08","MarkerC08-077"
7.99509467865339e-188,9.48791000313466,1,0.006,1.59901893573068e-183,"C08","MarkerC08-020"
8.04946599914806e-188,9.69437452631494,1,0.006,1.60989319982961e-183,"C08","MarkerC08-125"
8.27311563232132e-188,9.62180598603845,1,0.005,1.65462312646426e-183,"C08","MarkerC08-094"
8.47345109451247e-188,9.86229191252322,1,0.005,1.69469021890249e-183,"C08","MarkerC08-062"
9.35188083661022e-188,9.73311372359446,1,0.005,1.87037616732204e-183,"C08","MarkerC08-066"
9.35199022739324e-188,9.91601867780301,1,0.005,1.87039804547865e-183,"C08","MarkerC08-053"
9.35207227131608e-188,10.0611920626605,1,0.005,1.87041445426322e-183,"C08","MarkerC08-121"
9.35220901278184e-188,9.65032515889895,1,0.006,1.87044180255637e-183,"C08","MarkerC08-058"
9.41538574539733e-188,9.82269037134873,1,0.005,1.88307714907947e-183,"C08","MarkerC08-122"
9.41585381478516e-188,9.88349152951074,1,0.005,1.88317076295703e-183,"C08","MarkerC08-087"
9.4158813490023e-188,9.58227311934373,1,0.006,1.88317626980046e-183,"C08","MarkerC08-002"
9.48090152869913e-188,9.63770593325876,1,0.005,1.89618030573983e-183,"C08","MarkerC08-113"
9.48101242510869e-188,9.82918621210397,1,0.005,1.89620248502174e-183,"C08","MarkerC08-052"
9.48115104743472e-188,9.76035246153115,1,0.005,1.89623020948694e-183,"C08","MarkerC08-036"
9.54561648969964e-188,10.1830956677294,1,0.004,1.90912329793993e-183,"C08","MarkerC08-068"
9.54592353473773e-188,9.57344368246552,1,0.006,1.90918470694755e-183,"C08","MarkerC08-056"
9.54600727599906e-188,9.97164823894867,1,0.005,1.90920145519981e-183,"C08","MarkerC08-131"
9.6110818064486e-188,9.82908474978007,1,0.005,1.92221636128972e-183,"C08","MarkerC08-006"
9.67722193862548e-188,10.3211664800528,1,0.004,1.9354443877251e-183,"C08","MarkerC08-040"
9.6775049093965e-188,10.0182121570476,1,0.004,1.9355009818793e-183,"C08","MarkerC08-033"
9.67860857409923e-188,9.98294496770693,1,0.004,1.93572171481985e-183,"C08","MarkerC08-133"
9.74313292823515e-188,9.51823381074676,1,0.006,1.94862658564703e-183,"C08","MarkerC08-095"
9.74381668677209e-188,9.59045376395366,1,0.005,1.94876333735442e-183,"C08","MarkerC08-099"
9.81066836830671e-188,9.83668052880878,1,0.005,1.96213367366134e-183,"C08","MarkerC08-105"
9.81089785857989e-188,9.73068009841655,1,0.005,1.96217957171598e-183,"C08","MarkerC08-104"
9.87734278613914e-188,10.0008229767009,1,0.005,1.97546855722783e-183,"C08","MarkerC08-127"
9.94542937204504e-188,9.54092237955159,1,0.006,1.98908587440901e-183,"C08","MarkerC08-080"
9.94548753033509e-188,9.52843449751843,1,0.006,1.98909750606702e-183,"C08","MarkerC08-017"
1.00139554578534e-187,9.56460831249895,1,0.006,2.00279109157069e-183,"C08","MarkerC08-045"
1.00831889881148e-187,10.2105854724107,1,0.004,2.01663779762296e-183,"C08","MarkerC08-063"
1.04336960637763e-187,9.63448923073185,1,0.005,2.08673921275525e-183,"C08","MarkerC08-073"
1.12484735508318e-187,9.91440476143443,1,0.004,2.24969471016636e-183,"C08","MarkerC08-139"
1.34064459513276e-187,10.3763146805684,1,0.003,2.68128919026551e-183,"C08","MarkerC08-103"
1.34976047908145e-187,10.216461858122,1,0.004,2.6995209581629e-183,"C08","MarkerC08-032"
1.36850195945788e-187,9.99858616875696,1,0.004,2.73700391891575e-183,"C08","MarkerC08-081"
1.36850595442118e-187,9.8326398657183,1,0.006,2.73701190884236e-183,"C08","MarkerC08-071"
1.37629876006665e-187,9.70203393315285,1,0.005,2.75259752013329e-183,"C08","MarkerC08-031"
1.37758584463975e-187,9.48604454294666,1,0.006,2.7551716892795e-183,"C08","MarkerC08-011"
1.39676214697564e-187,9.73617223599359,1,0.005,2.79352429395128e-183,"C08","MarkerC08-148"
1.39677437881154e-187,9.62599303990268,1,0.005,2.79354875762309e-183,"C08","MarkerC08-047"
1.39686408220028e-187,9.75131006459113,1,0.005,2.79372816440055e-183,"C08","MarkerC08-074"
1.41605625257913e-187,9.80837012007197,1,0.005,2.83211250515826e-183,"C08","MarkerC08-114"
1.42573007220063e-187,9.31864551611221,1,0.006,2.85146014440125e-183,"C08","MarkerC08-078"
1.46523536229209e-187,9.78323832255457,1,0.006,2.93047072458417e-183,"C08","MarkerC08-143"
1.48534844879031e-187,9.74153201021553,1,0.005,2.97069689758062e-183,"C08","MarkerC08-085"
1.48546116897892e-187,9.58929174440394,1,0.005,2.97092233795783e-183,"C08","MarkerC08-106"
1.9178667153695e-187,9.78955535373768,1,0.006,3.835733430739e-183,"C08","MarkerC08-051"
1.9179393811143e-187,10.1242587585653,1,0.005,3.8358787622286e-183,"C08","MarkerC08-049"
1.91795615052122e-187,9.6616560365675,1,0.006,3.83591230104244e-183,"C08","MarkerC08-130"
1.93109360519825e-187,9.57729598758268,1,0.007,3.8621872103965e-183,"C08","MarkerC08-146"
1.95765018531677e-187,9.43509854457878,1,0.007,3.91530037063353e-183,"C08","MarkerC08-004"
1.99813563352156e-187,9.3557832458952,1,0.007,3.99627126704312e-183,"C08","MarkerC08-100"
2.01192717020818e-187,9.76996684901101,1,0.005,4.02385434041636e-183,"C08","MarkerC08-115"
2.01886149371164e-187,9.78030947000932,1,0.005,4.03772298742328e-183,"C08","MarkerC08-084"
2.02543600155944e-187,9.54803276433107,1,0.005,4.05087200311888e-183,"C08","MarkerC08-140"
2.02563078750229e-187,9.74098158109807,1,0.005,4.05126157500459e-183,"C08","MarkerC08-075"
2.06764092790674e-187,9.77741241607696,1,0.005,4.13528185581347e-183,"C08","MarkerC08-150"
2.13213187592373e-187,9.76840869167123,1,0.005,4.26426375184746e-183,"C08","MarkerC08-136"
2.19844615232378e-187,9.24933791134069,1,0.007,4.39689230464757e-183,"C08","MarkerC08-072"
2.77565514867401e-187,9.60247398165635,1,0.006,5.55131029734803e-183,"C08","MarkerC08-123"
2.93144769282355e-187,9.68801874193232,1,0.005,5.8628953856471e-183,"C08","MarkerC08-067"
3.09564059787726e-187,9.83353108781539,1,0.005,6.19128119575451e-183,"C08","MarkerC08-144"
3.18165441157324e-187,9.5570384778594,1,0.006,6.36330882314647e-183,"C08","MarkerC08-098"
4.45591689262658e-187,10.1273663407817,1,0.004,8.91183378525315e-183,"C08","MarkerC08-092"
5.87773869733986e-187,9.67072212144556,1,0.005,1.17554773946797e-182,"C08","MarkerC08-137"
3.13534880177961e-188,9.69975080696242,1,0.005,6.27069760355923e-184,"C09","MarkerC09-112"
3.13535801734048e-188,9.46739639543179,1,0.006,6.27071603468096e-184,"C09","MarkerC09-016"
3.13537644854437e-188,9.92704773199123,1,0.005,6.27075289708873e-184,"C09","MarkerC09-015"
3.13545017443723e-188,9.81798309727885,1,0.005,6.27090034887447e-184,"C09","MarkerC09-073"
3.13545939029539e-188,10.1364765345526,1,0.003,6.27091878059078e-184,"C09","MarkerC09-026"
3.13545939029539e-188,10.4289602474565,1,0.004,6.27091878059078e-184,"C09","MarkerC09-093"
3.13546860618027e-188,10.3227269725945,1,0.004,6.27093721236055e-184,"C09","MarkerC09-141"
3.13547782209222e-188,10.239909635374,1,0.004,6.27095564418443e-184,"C09","MarkerC09-032"
3.13548703803121e-188,9.66032079332978,1,0.005,6.27097407606243e-184,"C09","MarkerC09-109"
3.13548703803121e-188,9.86807935230465,1,0.006,6.27097407606243e-184,"C09","MarkerC09-089"
3.13555155035754e-188,9.73317111898539,1,0.005,6.27110310071508e-184,"C09","MarkerC09-042"
3.13556998269387e-188,10.0146129702747,1,0.004,6.27113996538774e-184,"C09","MarkerC09-132"
3.13572666190433e-188,10.0407296902158,1,0.004,6.27145332380866e-184,"C09","MarkerC09-100"
4.52242220457931e-188,9.79793900198815,1,0.004,9.04484440915862e-184,"C09","MarkerC09-050"
4.52254163431077e-188,10.0206029916412,1,0.004,9.04508326862155e-184,"C09","MarkerC09-066"
4.52260798551753e-188,10.1250240971515,1,0.004,9.04521597103506e-184,"C09","MarkerC09-076"
4.52263452627182e-188,9.85806396622849,1,0.005,9.04526905254364e-184,"C09","MarkerC09-017"
4.52263452627182e-188,9.80207622101118,1,0.006,9.04526905254364e-184,"C09","MarkerC09-027"
4.52264779670754e-188,9.9709560867054,1,0.004,9.04529559341509e-184,"C09","MarkerC09-131"
4.52264779670754e-188,9.66573574267485,1,0.006,9.04529559341509e-184,"C09","MarkerC09-104"
4.52270087883512e-188,10.1461480857416,1,0.004,9.04540175767024e-184,"C09","MarkerC09-097"
4.52271414946484e-188,9.73042013088138,1,0.005,9.04542829892968e-184,"C09","MarkerC09-085"
4.52271414946484e-188,9.52165861798352,1,0.006,9.04542829892968e-184,"C09","MarkerC09-147"
4.52274069083813e-188,10.289934685206,1,0.004,9.04548138167626e-184,"C09","MarkerC09-005"
4.52280704495247e-188,9.77978513281113,1,0.004,9.04561408990495e-184,"C09","MarkerC09-075"
4.52301938462769e-188,10.2306191209862,1,0.004,9.04603876925537e-184,"C09","MarkerC09-012"
4.55373169928478e-188,10.2380045376506,1,0.004,9.10746339856956e-184,"C09","MarkerC09-119"
4.55381186867691e-188,9.63973617821258,1,0.006,9.10762373735382e-184,"C09","MarkerC09-103"
4.55395884954425e-188,9.90236479797891,1,0.004,9.10791769908849e-184,"C09","MarkerC09-062"
4.55403902291653e-188,9.53153210645743,1,0.006,9.10807804583306e-184,"C09","MarkerC09-051"
4.554132560293e-188,9.61893384241424,1,0.005,9.10826512058599e-184,"C09","MarkerC09-059"
4.61662240287978e-188,9.72673602002699,1,0.005,9.23324480575955e-184,"C09","MarkerC09-029"
4.68060037032963e-188,10.0799575207017,1,0.004,9.36120074065927e-184,"C09","MarkerC09-007"
4.91054048759397e-188,9.95214724295671,1,0.005,9.82108097518793e-184,"C09","MarkerC09-054"
4.97794409310047e-188,9.52438567506018,1,0.006,9.95588818620094e-184,"C09","MarkerC09-069"
5.08106936315294e-188,9.69891370103237,1,0.005,1.01621387263059e-183,"C09","MarkerC09-064"
6.07241089243167e-188,9.78393219802963,1,0.005,1.21448217848633e-183,"C09","MarkerC09-083"
6.50932625087949e-188,10.0005038129712,1,0.004,1.3018652501759e-183,"C09","MarkerC09-087"
6.50968854084001e-188,10.0779250913352,1,0.005,1.301937708168e-183,"C09","MarkerC09-143"
6.51008898993609e-188,9.92245462964411,1,0.004,1.30201779798722e-183,"C09","MarkerC09-094"
6.51012712922407e-188,9.84392467053373,1,0.005,1.30202542584481e-183,"C09","MarkerC09-144"
6.51014619895141e-188,9.8352536611147,1,0.005,1.30202923979028e-183,"C09","MarkerC09-129"
6.51027968859897e-188,9.54529939363228,1,0.006,1.30205593771979e-183,"C09","MarkerC09-061"
6.51029875877064e-188,10.1374848300443,1,0.004,1.30205975175413e-183,"C09","MarkerC09-070"
6.51029875877064e-188,10.3465395836507,1,0.004,1.30205975175413e-183,"C09","MarkerC09-106"
6.51035596962043e-188,10.1226915781469,1,0.004,1.30207119392409e-183,"C09","MarkerC09-127"
6.51037504001664e-188,9.9097110787316,1,0.005,1.30207500800333e-183,"C09","MarkerC09-044"
6.51062296020501e-188,9.87079619821284,1,0.005,1.302124592041e-183,"C09","MarkerC09-019"
6.51062296020501e-188,9.71466419914878,1,0.005,1.302124592041e-183,"C09","MarkerC09-107"
6.51087088978882e-188,9.86744162338293,1,0.005,1.30217417795776e-183,"C09","MarkerC09-018"
6.55450634130507e-188,9.60536651582227,1,0.005,1.31090126826101e-183,"C09","MarkerC09-096"
6.55471753803211e-188,10.0847585328561,1,0.004,1.31094350760642e-183,"C09","MarkerC09-013"
6.55508234833228e-188,9.84778648456525,1,0.005,1.31101646966646e-183,"C09","MarkerC09-124"
6.59992231426102e-188,10.1220090921891,1,0.004,1.3199844628522e-183,"C09","MarkerC09-037"
6.60003830794981e-188,9.71959547911963,1,0.005,1.32000766158996e-183,"C09","MarkerC09-079"
6.60019296935799e-188,9.73235641941027,1,0.006,1.3200385938716e-183,"C09","MarkerC09-128"
6.60021230228785e-188,10.0208609297014,1,0.004,1.32004246045757e-183,"C09","MarkerC09-072"
6.60028963457021e-188,9.47952836924497,1,0.006,1.32005792691404e-183,"C09","MarkerC09-086"
6.64530222315085e-188,10.0206709969091,1,0.005,1.32906044463017e-183,"C09","MarkerC09-115"
6.68989637725125e-188,9.56958861729581,1,0.006,1.33797927545025e-183,"C09","MarkerC09-133"
6.69120937361794e-188,10.2960593781056,1,0.004,1.33824187472359e-183,"C09","MarkerC09-006"
6.69124857148082e-188,10.4312052818414,1,0.004,1.33824971429616e-183,"C09","MarkerC09-039"
6.73743328395435e-188,9.66109858099099,1,0.006,1.34748665679087e-183,"C09","MarkerC09-068"
6.78310191543928e-188,9.82300925155532,1,0.005,1.35662038308786e-183,"C09","MarkerC09-060"
6.78324098867413e-188,9.48852890404073,1,0.006,1.35664819773483e-183,"C09","MarkerC09-137"
6.82989987202785e-188,10.4373018797246,1,0.004,1.36597997440557e-183,"C09","MarkerC09-047"
6.87625496731479e-188,9.82782288366845,1,0.005,1.37525099346296e-183,"C09","MarkerC09-125"
6.92359345749454e-188,9.86882338847137,1,0.004,1.38471869149891e-183,"C09","MarkerC09-049"
6.92414098307037e-188,10.1240782004742,1,0.004,1.38482819661407e-183,"C09","MarkerC09-045"
6.97152288641566e-188,9.80487331541605,1,0.005,1.39430457728313e-183,"C09","MarkerC09-003"
6.99550929286209e-188,9.77739208185043,1,0.005,1.39910185857242e-183,"C09","MarkerC09-034"
7.26360782433549e-188,9.84963352437817,1,0.004,1.4527215648671e-183,"C09","MarkerC09-122"
7.46581905018222e-188,10.0957484673685,1,0.005,1.49316381003644e-183,"C09","MarkerC09-088"
7.64678425137611e-188,9.71656021182693,1,0.005,1.52935685027522e-183,"C09","MarkerC09-008"
7.67313606361392e-188,9.9205566122226,1,0.005,1.53462721272278e-183,"C09","MarkerC09-120"
7.72595375688567e-188,9.39693004123949,1,0.006,1.54519075137713e-183,"C09","MarkerC09-114"
9.35108779151409e-188,9.83341271443734,1,0.005,1.87021755830282e-183,"C09","MarkerC09-081"
9.35133390179278e-188,9.92910908713847,1,0.005,1.87026678035856e-183,"C09","MarkerC09-002"
9.35190818418542e-188,9.7313530793547,1,0.005,1.87038163683708e-183,"C09","MarkerC09-025"
9.35218166432893e-188,9.45420296054448,1,0.007,1.87043633286579e-183,"C09","MarkerC09-118"
9.35220901278184e-188,10.6147579819423,1,0.003,1.87044180255637e-183,"C09","MarkerC09-117"
9.35223636131269e-188,10.1807365774153,1,0.004,1.87044727226254e-183,"C09","MarkerC09-058"
9.38422449249111e-188,9.54674294976937,1,0.006,1.87684489849822e-183,"C09","MarkerC09-024"
9.41604655597246e-188,9.40632617780408,1,0.006,1.88320931119449e-183,"C09","MarkerC09-036"
9.48026389940378e-188,9.66031947950159,1,0.005,1.89605277988076e-183,"C09","MarkerC09-067"
9.48040251083679e-188,9.94991652647645,1,0.005,1.89608050216736e-183,"C09","MarkerC09-150"
9.48087380479918e-188,9.76197262267481,1,0.005,1.89617476095984e-183,"C09","MarkerC09-139"
9.48156692651917e-188,10.326943811959,1,0.004,1.89631338530383e-183,"C09","MarkerC09-040"
9.54519780776347e-188,9.62331862267387,1,0.006,1.90903956155269e-183,"C09","MarkerC09-022"
9.54544901473315e-188,9.91492700672501,1,0.004,1.90908980294663e-183,"C09","MarkerC09-123"
9.54564440247973e-188,9.97921639457891,1,0.005,1.90912888049595e-183,"C09","MarkerC09-105"
9.5457002282805e-188,10.0927190831255,1,0.005,1.9091400456561e-183,"C09","MarkerC09-080"
9.5457839675941e-188,9.82351062711915,1,0.005,1.90915679351882e-183,"C09","MarkerC09-052"
9.54583979420816e-188,9.5094635512434,1,0.006,1.90916795884163e-183,"C09","MarkerC09-098"
9.54583979420816e-188,9.6517179352999,1,0.006,1.90916795884163e-183,"C09","MarkerC09-134"
9.54609101799317e-188,9.47758638548908,1,0.006,1.90921820359863e-183,"C09","MarkerC09-021"
9.54634224835925e-188,9.34464700836906,1,0.007,1.90926844967185e-183,"C09","MarkerC09-095"
9.61150337145057e-188,9.78438016613405,1,0.005,1.92230067429011e-183,"C09","MarkerC09-028"
9.61150337145057e-188,9.84002397799284,1,0.005,1.92230067429011e-183,"C09","MarkerC09-102"
9.61161579189254e-188,9.86394613090437,1,0.005,1.92232315837851e-183,"C09","MarkerC09-009"
9.61184063670264e-188,9.82187109455712,1,0.006,1.92236812734053e-183,"C09","MarkerC09-053"
9.67702386398511e-188,9.64838493004041,1,0.006,1.93540477279702e-183,"C09","MarkerC09-033"
9.67742001730033e-188,9.75702144596132,1,0.005,1.93548400346007e-183,"C09","MarkerC09-116"
9.74356027172435e-188,9.69312558831489,1,0.005,1.94871205434487e-183,"C09","MarkerC09-063"
9.81055362517266e-188,10.2652827922867,1,0.004,1.96211072503453e-183,"C09","MarkerC09-121"
9.81069705429865e-188,9.83957379951532,1,0.005,1.96213941085973e-183,"C09","MarkerC09-077"
9.87783376594832e-188,9.63352138744379,1,0.005,1.97556675318966e-183,"C09","MarkerC09-148"
9.87815147171003e-188,9.75632646004854,1,0.005,1.97563029434201e-183,"C09","MarkerC09-038"
9.94545845114864e-188,10.2013419135286,1,0.004,1.98909169022973e-183,"C09","MarkerC09-149"
1.00142482516165e-187,10.2564461735782,1,0.004,2.0028496503233e-183,"C09","MarkerC09-020"
1.0014570334598e-187,9.65155642454155,1,0.006,2.00291406691961e-183,"C09","MarkerC09-023"
1.00210414809245e-187,9.6668089800486,1,0.005,2.00420829618489e-183,"C09","MarkerC09-035"
1.03617860897844e-187,9.77521637298835,1,0.005,2.07235721795687e-183,"C09","MarkerC09-099"
1.06503753906722e-187,10.020215339135,1,0.004,2.13007507813444e-183,"C09","MarkerC09-142"
1.2635906627025e-187,10.0142374185401,1,0.005,2.527181325405e-183,"C09","MarkerC09-031"
1.30743066300599e-187,10.014396005619,1,0.004,2.61486132601199e-183,"C09","MarkerC09-046"
1.34064068131402e-187,10.236381259546,1,0.004,2.68128136262805e-183,"C09","MarkerC09-108"
1.34068764789024e-187,10.1161210408412,1,0.005,2.68137529578047e-183,"C09","MarkerC09-091"
1.34982746711298e-187,9.95552073223672,1,0.004,2.69965493422596e-183,"C09","MarkerC09-126"
1.35903745727021e-187,9.47002853426075,1,0.006,2.71807491454043e-183,"C09","MarkerC09-074"
1.36839409983643e-187,10.0881603296438,1,0.004,2.73678819967286e-183,"C09","MarkerC09-010"
1.37775475438325e-187,10.034651988828,1,0.005,2.7555095087665e-183,"C09","MarkerC09-048"
1.37775877629511e-187,9.56761494427257,1,0.005,2.75551755259021e-183,"C09","MarkerC09-145"
1.37778693000503e-187,9.98763557998292,1,0.004,2.75557386001006e-183,"C09","MarkerC09-146"
1.38707003838519e-187,9.72956094751613,1,0.005,2.77414007677037e-183,"C09","MarkerC09-030"
1.39668468115689e-187,10.1397932552556,1,0.004,2.79336936231378e-183,"C09","MarkerC09-001"
1.39683146212267e-187,9.88746706127761,1,0.005,2.79366292424533e-183,"C09","MarkerC09-043"
1.42567597215434e-187,9.82566479408779,1,0.005,2.85135194430869e-183,"C09","MarkerC09-004"
1.42570094115259e-187,10.0432014150308,1,0.004,2.85140188230518e-183,"C09","MarkerC09-082"
1.45525982628541e-187,9.67017142099114,1,0.005,2.91051965257083e-183,"C09","MarkerC09-065"
1.46523108563728e-187,10.2122933516733,1,0.004,2.93046217127456e-183,"C09","MarkerC09-140"
1.48536578980349e-187,9.67076392452012,1,0.005,2.97073157960699e-183,"C09","MarkerC09-138"
1.49561729311193e-187,9.74880994595768,1,0.005,2.99123458622385e-183,"C09","MarkerC09-041"
1.59047935722417e-187,9.92332908386653,1,0.004,3.18095871444835e-183,"C09","MarkerC09-014"
1.65692988557053e-187,10.2505121136828,1,0.004,3.31385977114106e-183,"C09","MarkerC09-092"
1.94430394252726e-187,9.95793077940776,1,0.005,3.88860788505453e-183,"C09","MarkerC09-071"
1.97101325762801e-187,10.1818837797336,1,0.004,3.94202651525602e-183,"C09","MarkerC09-111"
2.01164576360403e-187,9.24455887064797,1,0.006,4.02329152720805e-183,"C09","MarkerC09-055"
2.02554224612609e-187,9.66012305605269,1,0.006,4.05108449225219e-183,"C09","MarkerC09-101"
2.08168111243627e-187,9.54982732302934,1,0.006,4.16336222487255e-183,"C09","MarkerC09-078"
2.08872165947025e-187,10.0071899407557,1,0.004,4.1774433189405e-183,"C09","MarkerC09-110"
2.09601195657773e-187,9.91806408449038,1,0.005,4.19202391315546e-183,"C09","MarkerC09-135"
2.13205732726976e-187,9.69195551995733,1,0.006,4.26411465453952e-183,"C09","MarkerC09-056"
2.23625749093201e-187,10.0183749457158,1,0.004,4.47251498186402e-183,"C09","MarkerC09-113"
3.07194722154078e-187,9.78638884201182,1,0.005,6.14389444308156e-183,"C09","MarkerC09-011"
3.35997111179448e-187,9.56402795213958,1,0.005,6.71994222358897e-183,"C09","MarkerC09-084"
3.4061480446673e-187,9.78945514947968,1,0.005,6.8122960893346e-183,"C09","MarkerC09-130"
3.85115363401937e-187,9.74420941475632,1,0.005,7.70230726803875e-183,"C09","MarkerC09-090"
4.00905561957493e-187,9.72564281755467,1,0.006,8.01811123914985e-183,"C09","MarkerC09-057"
5.48551658771123e-187,9.57121727527071,1,0.005,1.09710331754225e-182,"C09","MarkerC09-136"
3.13524743238327e-188,9.87096144874379,1,0.005,6.27049486476654e-184,"C10","MarkerC10-069"
3.13534880177961e-188,9.53420416019987,1,0.006,6.27069760355923e-184,"C10","MarkerC10-039"
3.1354225270251e-188,9.65820102841075,1,0.006,6.2708450540502e-184,"C10","MarkerC10-145"
3.13547782209222e-188,9.92039635269046,1,0.004,6.27095564418443e-184,"C10","MarkerC10-007"
3.13551468600957e-188,9.94993291502893,1,0.004,6.27102937201914e-184,"C10","MarkerC10-076"
3.13554233423013e-188,9.81028654094787,1,0.005,6.27108466846025e-184,"C10","MarkerC10-021"
3.13556998269387e-188,10.0722639317851,1,0.005,6.27113996538774e-184,"C10","MarkerC10-089"
3.13558841513777e-188,10.4012380843888,1,0.003,6.27117683027555e-184,"C10","MarkerC10-104"
3.13558841513777e-188,9.87925434590634,1,0.005,6.27117683027555e-184,"C10","MarkerC10-065"
3.13567136246995e-188,10.006975148779,1,0.004,6.2713427249399e-184,"C10","MarkerC10-042"
3.13569901206554e-188,9.72986733763988,1,0.005,6.27139802413108e-184,"C10","MarkerC10-049"
3.13580961287664e-188,9.86167701080538,1,0.005,6.27161922575327e-184,"C10","MarkerC10-100"
4.52244874424886e-188,9.77335650207555,1,0.004,9.04489748849772e-184,"C10","MarkerC10-015"
4.52266106718027e-188,9.57149380107106,1,0.006,9.04532213436055e-184,"C10","MarkerC10-144"
4.52274069083813e-188,10.1379411137876,1,0.004,9.04548138167626e-184,"C10","MarkerC10-054"
4.52275396158312e-188,9.69346126140407,1,0.006,9.04550792316624e-184,"C10","MarkerC10-119"
4.52278050319024e-188,9.98459747384963,1,0.004,9.04556100638049e-184,"C10","MarkerC10-005"
4.52279377405191e-188,9.83937525522778,1,0.005,9.04558754810382e-184,"C10","MarkerC10-070"
4.52283358686887e-188,9.94704833153061,1,0.004,9.04566717373775e-184,"C10","MarkerC10-125"
4.52288667116794e-188,9.68222548640363,1,0.005,9.04577334233588e-184,"C10","MarkerC10-074"
4.52289994233935e-188,9.87100984518441,1,0.005,9.04579988467871e-184,"C10","MarkerC10-034"
4.52291321354919e-188,9.90383241715638,1,0.006,9.04582642709839e-184,"C10","MarkerC10-035"
4.5229397560865e-188,9.82140751324803,1,0.006,9.045879512173e-184,"C10","MarkerC10-097"
4.52296629877845e-188,9.77718163502795,1,0.005,9.0459325975569e-184,"C10","MarkerC10-023"
4.52296629877845e-188,9.80649091359469,1,0.005,9.0459325975569e-184,"C10","MarkerC10-082"
4.52299284162551e-188,9.80459042112701,1,0.005,9.04598568325102e-184,"C10","MarkerC10-047"
4.52300611310715e-188,10.5258353305321,1,0.004,9.0460122262143e-184,"C10","MarkerC10-071"
4.52300611310715e-188,10.1664792278027,1,0.004,9.0460122262143e-184,"C10","MarkerC10-103"
4.52300611310715e-188,9.98158709726915,1,0.005,9.0460122262143e-184,"C10","MarkerC10-057"
4.52305919942126e-188,10.1042189827779,1,0.004,9.04611839884252e-184,"C10","MarkerC10-146"
4.52309901456443e-188,10.1878957949073,1,0.004,9.04619802912887e-184,"C10","MarkerC10-087"
4.52315210196342e-188,10.0303285164599,1,0.005,9.04630420392683e-184,"C10","MarkerC10-127"
4.52316537390993e-188,10.6154070015641,1,0.003,9.04633074781987e-184,"C10","MarkerC10-002"
4.52317864589535e-188,9.87144411044455,1,0.005,9.0463572917907e-184,"C10","MarkerC10-067"
4.52324500640449e-188,9.6680292370992,1,0.004,9.04649001280897e-184,"C10","MarkerC10-099"
4.55391876338465e-188,9.86782007929331,1,0.005,9.1078375267693e-184,"C10","MarkerC10-080"
4.55405238528207e-188,9.72053422176251,1,0.005,9.10810477056415e-184,"C10","MarkerC10-095"
4.55405238528207e-188,9.57435518016194,1,0.006,9.10810477056415e-184,"C10","MarkerC10-130"
4.58506934880448e-188,10.1028401700965,1,0.005,9.17013869760896e-184,"C10","MarkerC10-118"
4.58512316185191e-188,9.89293320543235,1,0.005,9.17024632370382e-184,"C10","MarkerC10-001"
4.58533842032394e-188,9.64631039308921,1,0.005,9.17067684064788e-184,"C10","MarkerC10-128"
4.58552677973909e-188,9.94133023929636,1,0.005,9.17105355947819e-184,"C10","MarkerC10-045"
4.58556714347303e-188,9.84706250261901,1,0.005,9.17113428694605e-184,"C10","MarkerC10-124"
4.61685268289393e-188,9.74556344398533,1,0.005,9.23370536578786e-184,"C10","MarkerC10-088"
4.84382114478472e-188,9.80023761256899,1,0.004,9.68764228956944e-184,"C10","MarkerC10-083"
5.90862857489306e-188,9.46126910530649,1,0.006,1.18172571497861e-183,"C10","MarkerC10-008"
6.51016526873387e-188,9.30106111959601,1,0.007,1.30203305374677e-183,"C10","MarkerC10-030"
6.51037504001664e-188,10.2474795930618,1,0.004,1.30207500800333e-183,"C10","MarkerC10-033"
6.51079460276212e-188,9.71788048853057,1,0.006,1.30215892055242e-183,"C10","MarkerC10-011"
6.51098532199782e-188,10.0334994199479,1,0.005,1.30219706439956e-183,"C10","MarkerC10-122"
6.55502474536246e-188,9.88127140294815,1,0.005,1.31100494907249e-183,"C10","MarkerC10-148"
6.55538957268204e-188,10.0875567927593,1,0.004,1.31107791453641e-183,"C10","MarkerC10-106"
6.55569681136291e-188,9.76033673017146,1,0.005,1.31113936227258e-183,"C10","MarkerC10-041"
6.59972899595542e-188,9.69625687241724,1,0.006,1.31994579919108e-183,"C10","MarkerC10-137"
6.60007697296454e-188,9.65678200943169,1,0.005,1.32001539459291e-183,"C10","MarkerC10-056"
6.60028963457021e-188,9.84496232021535,1,0.005,1.32005792691404e-183,"C10","MarkerC10-131"
6.60034763437314e-188,9.52487541609537,1,0.006,1.32006952687463e-183,"C10","MarkerC10-105"
6.60038630119103e-188,9.65066703842868,1,0.005,1.32007726023821e-183,"C10","MarkerC10-046"
6.60044430183968e-188,9.74813807981712,1,0.005,1.32008886036794e-183,"C10","MarkerC10-142"
6.60071497824297e-188,9.88543671034719,1,0.005,1.32014299564859e-183,"C10","MarkerC10-084"
6.64555526937088e-188,9.903249499161,1,0.005,1.32911105387418e-183,"C10","MarkerC10-085"
6.69134656714008e-188,10.0355040122615,1,0.004,1.33826931342802e-183,"C10","MarkerC10-150"
6.69150336316559e-188,10.1086623333809,1,0.004,1.33830067263312e-183,"C10","MarkerC10-061"
6.6915621626179e-188,10.0472768729141,1,0.004,1.33831243252358e-183,"C10","MarkerC10-019"
6.73767009547073e-188,9.45528308940476,1,0.006,1.34753401909415e-183,"C10","MarkerC10-092"
6.78379730999266e-188,9.6392880918248,1,0.005,1.35675946199853e-183,"C10","MarkerC10-101"
6.87712102458904e-188,10.1978694035248,1,0.004,1.37542420491781e-183,"C10","MarkerC10-111"
6.9720333543171e-188,9.40450823526068,1,0.006,1.39440667086342e-183,"C10","MarkerC10-109"
7.1659269918063e-188,9.59107436775955,1,0.006,1.43318539836126e-183,"C10","MarkerC10-009"
7.5173434120644e-188,9.70428620305975,1,0.005,1.50346868241288e-183,"C10","MarkerC10-141"
7.56880183227146e-188,9.56584052073813,1,0.006,1.51376036645429e-183,"C10","MarkerC10-031"
7.56908995681479e-188,9.99195664827802,1,0.005,1.51381799136296e-183,"C10","MarkerC10-020"
8.16027471454409e-188,9.93289767466088,1,0.005,1.63205494290882e-183,"C10","MarkerC10-113"
8.18899328093784e-188,9.67698140523015,1,0.005,1.63779865618757e-183,"C10","MarkerC10-112"
8.32986313997549e-188,9.63142227158799,1,0.005,1.6659726279951e-183,"C10","MarkerC10-114"
9.35229105861599e-188,9.87361300501849,1,0.005,1.8704582117232e-183,"C10","MarkerC10-126"
9.35234575623687e-188,9.3853704525967,1,0.007,1.87046915124737e-183,"C10","MarkerC10-138"
9.35245515243235e-188,10.0870076642835,1,0.005,1.87049103048647e-183,"C10","MarkerC10-062"
9.3524825016802e-188,9.52940408286506,1,0.007,1.87049650033604e-183,"C10","MarkerC10-096"
9.35261924911578e-188,9.57015523228227,1,0.006,1.87052384982316e-183,"C10","MarkerC10-044"
9.35267394864803e-188,9.82456999297587,1,0.005,1.87053478972961e-183,"C10","MarkerC10-078"
9.35281069886791e-188,9.80988249646761,1,0.005,1.87056213977358e-183,"C10","MarkerC10-079"
9.3530568542812e-188,9.7510350995838,1,0.005,1.87061137085624e-183,"C10","MarkerC10-136"
9.41654219419994e-188,9.95124868375276,1,0.005,1.88330843883999e-183,"C10","MarkerC10-143"
9.41673494941093e-188,9.93956851050847,1,0.005,1.88334698988219e-183,"C10","MarkerC10-117"
9.48101242510869e-188,9.77785418881836,1,0.005,1.89620248502174e-183,"C10","MarkerC10-028"
9.48115104743472e-188,9.8764157921602,1,0.005,1.89623020948694e-183,"C10","MarkerC10-012"
9.5465655697644e-188,9.92911450323782,1,0.004,1.90931311395288e-183,"C10","MarkerC10-098"
9.5466214009273e-188,9.60565581002518,1,0.006,1.90932428018546e-183,"C10","MarkerC10-038"
9.5467609802609e-188,9.92326133864006,1,0.005,1.90935219605218e-183,"C10","MarkerC10-134"
9.54678889636985e-188,10.0990094083454,1,0.004,1.90935777927397e-183,"C10","MarkerC10-102"
9.54681681256032e-188,9.87326344856987,1,0.005,1.90936336251206e-183,"C10","MarkerC10-110"
9.57918958330373e-188,9.7416235914682,1,0.005,1.91583791666075e-183,"C10","MarkerC10-093"
9.61184063670264e-188,9.75586180403909,1,0.005,1.92236812734053e-183,"C10","MarkerC10-048"
9.61189684872204e-188,9.77289834073091,1,0.006,1.92237936974441e-183,"C10","MarkerC10-075"
9.61200927374593e-188,10.2427127351994,1,0.004,1.92240185474919e-183,"C10","MarkerC10-116"
9.61200927374593e-188,9.60682380905277,1,0.006,1.92240185474919e-183,"C10","MarkerC10-072"
9.61223412771605e-188,9.44967309260867,1,0.006,1.92244682554321e-183,"C10","MarkerC10-025"
9.7438736688054e-188,9.56727357931724,1,0.006,1.94877473376108e-183,"C10","MarkerC10-115"
9.74398763386853e-188,9.69070790090061,1,0.006,1.94879752677371e-183,"C10","MarkerC10-066"
9.81167242770323e-188,9.70595168379453,1,0.005,1.96233448554065e-183,"C10","MarkerC10-108"
1.00833953565056e-187,9.7000842213125,1,0.005,2.01667907130112e-183,"C10","MarkerC10-064"
1.00838965543807e-187,10.4372507206073,1,0.003,2.01677931087615e-183,"C10","MarkerC10-055"
1.01873856969133e-187,9.50398192494512,1,0.006,2.03747713938266e-183,"C10","MarkerC10-050"
1.02574869528168e-187,9.81010490147419,1,0.006,2.05149739056336e-183,"C10","MarkerC10-132"
1.03628161207407e-187,9.4264209699703,1,0.006,2.07256322414813e-183,"C10","MarkerC10-010"
1.04342756418473e-187,9.96005131373649,1,0.005,2.08685512836946e-183,"C10","MarkerC10-037"
1.05778087244495e-187,9.6226551419751,1,0.005,2.11556174488991e-183,"C10","MarkerC10-059"
1.10214767550252e-187,9.77319765437377,1,0.005,2.20429535100505e-183,"C10","MarkerC10-107"
1.13264301524298e-187,9.72322192113679,1,0.006,2.26528603048596e-183,"C10","MarkerC10-121"
1.3406485089629e-187,9.62952967361459,1,0.006,2.6812970179258e-183,"C10","MarkerC10-077"
1.34067590609263e-187,9.63749626454512,1,0.005,2.68135181218527e-183,"C10","MarkerC10-043"
1.34067982001352e-187,9.77396383733569,1,0.005,2.68135964002705e-183,"C10","MarkerC10-140"
1.34075810082498e-187,9.58737802943081,1,0.006,2.68151620164995e-183,"C10","MarkerC10-004"
1.34993386667103e-187,9.94541564356354,1,0.005,2.69986773334205e-183,"C10","MarkerC10-018"
1.36846600531045e-187,9.74018888942468,1,0.005,2.7369320106209e-183,"C10","MarkerC10-052"
1.36849796450608e-187,9.42210413673265,1,0.006,2.73699592901215e-183,"C10","MarkerC10-017"
1.36852193439032e-187,9.72354559489176,1,0.005,2.73704386878065e-183,"C10","MarkerC10-090"
1.3778874836428e-187,9.67385830143774,1,0.005,2.75577496728559e-183,"C10","MarkerC10-068"
1.38726035607143e-187,9.63865682296727,1,0.005,2.77452071214286e-183,"C10","MarkerC10-003"
1.38727250489135e-187,10.5663775985728,1,0.003,2.7745450097827e-183,"C10","MarkerC10-081"
1.38730895198627e-187,9.86038759245308,1,0.005,2.77461790397253e-183,"C10","MarkerC10-006"
1.39679884280346e-187,9.84759696823007,1,0.005,2.79359768560691e-183,"C10","MarkerC10-029"
1.39681922978934e-187,9.96939051045408,1,0.005,2.79363845957869e-183,"C10","MarkerC10-022"
1.40637409942568e-187,9.7430824081118,1,0.005,2.81274819885136e-183,"C10","MarkerC10-063"
1.42565516498852e-187,9.56189284622211,1,0.006,2.85131032997704e-183,"C10","MarkerC10-032"
1.43899359324592e-187,9.76056729609846,1,0.005,2.87798718649184e-183,"C10","MarkerC10-073"
1.57958302978407e-187,9.88960681691673,1,0.005,3.15916605956814e-183,"C10","MarkerC10-086"
1.57967061466973e-187,9.43901753964445,1,0.006,3.15934122933946e-183,"C10","MarkerC10-139"
1.72643038059227e-187,9.66146531810494,1,0.006,3.45286076118455e-183,"C10","MarkerC10-149"
1.91790584273782e-187,10.0788475191709,1,0.005,3.83581168547563e-183,"C10","MarkerC10-024"
1.91803999974584e-187,9.87640322480976,1,0.005,3.83607999949167e-183,"C10","MarkerC10-014"
1.94426427787956e-187,9.63983627180813,1,0.005,3.88852855575913e-183,"C10","MarkerC10-091"
1.95766159583081e-187,10.0171605790842,1,0.005,3.91532319166162e-183,"C10","MarkerC10-051"
1.95770153315017e-187,9.83996199569382,1,0.004,3.91540306630034e-183,"C10","MarkerC10-040"
2.16890509388243e-187,9.39077575555031,1,0.006,4.33781018776486e-183,"C10","MarkerC10-036"
2.22902543557798e-187,9.66152451623989,1,0.005,4.45805087115596e-183,"C10","MarkerC10-053"
2.25943045730022e-187,10.0840313121837,1,0.004,4.51886091460044e-183,"C10","MarkerC10-013"
2.25946337013383e-187,9.60033283518636,1,0.005,4.51892674026766e-183,"C10","MarkerC10-026"
2.83336409404593e-187,9.63867243443288,1,0.006,5.66672818809185e-183,"C10","MarkerC10-133"
2.85267184141278e-187,10.276070905625,1,0.003,5.70534368282555e-183,"C10","MarkerC10-123"
2.89183391351159e-187,9.81543822223572,1,0.005,5.78366782702317e-183,"C10","MarkerC10-147"
3.09319367742426e-187,9.78698929034059,1,0.005,6.18638735484852e-183,"C10","MarkerC10-027"
3.20350033291763e-187,9.55572479017667,1,0.006,6.40700066583526e-183,"C10","MarkerC10-058"
3.38307926766821e-187,9.64132114959138,1,0.005,6.76615853533642e-183,"C10","MarkerC10-120"
3.38327604490214e-187,9.90418986610969,1,0.005,6.76655208980428e-183,"C10","MarkerC10-094"
3.69708721880487e-187,10.0192372122867,1,0.004,7.39417443760973e-183,"C10","MarkerC10-129"
3.77011618070632e-187,9.94036497404462,1,0.004,7.54023236141264e-183,"C10","MarkerC10-016"
4.41066234460451e-187,9.38775468374449,1,0.007,8.82132468920902e-183,"C10","MarkerC10-060"
4.44102576894748e-187,9.47353812854021,1,0.006,8.88205153789495e-183,"C10","MarkerC10-135"
3.1354225270251e-188,9.89680355639491,1,0.005,6.2708450540502e-184,"C11","MarkerC11-072"
3.13544095860679e-188,10.2985994118887,1,0.005,6.27088191721357e-184,"C11","MarkerC11-135"
3.13546860618027e-188,9.91890415190028,1,0.005,6.27093721236055e-184,"C11","MarkerC11-025"
3.13548703803121e-188,9.98906251266,1,0.004,6.27097407606243e-184,"C11","MarkerC11-012"
3.13552390205581e-188,10.6058228962958,1,0.003,6.27104780411163e-184,"C11","MarkerC11-048"
3.13552390205581e-188,10.1491907059267,1,0.004,6.27104780411163e-184,"C11","MarkerC11-084"
3.13552390205581e-188,9.77551801867903,1,0.005,6.27104780411163e-184,"C11","MarkerC11-020"
3.13553311812944e-188,10.3087246883999,1,0.004,6.27106623625888e-184,"C11","MarkerC11-075"
3.13553311812944e-188,9.96864098849236,1,0.005,6.27106623625888e-184,"C11","MarkerC11-068"
3.13554233423013e-188,9.78108158230402,1,0.005,6.27108466846025e-184,"C11","MarkerC11-053"
3.13555155035754e-188,10.1824078434544,1,0.004,6.27110310071508e-184,"C11","MarkerC11-029"
3.13556998269387e-188,9.70416152592976,1,0.005,6.27113996538774e-184,"C11","MarkerC11-121"
3.13557919890213e-188,10.3600495037991,1,0.004,6.27115839780426e-184,"C11","MarkerC11-080"
3.13559763139982e-188,9.77096343423063,1,0.005,6.27119526279964e-184,"C11","MarkerC11-148"
4.52231604745487e-188,9.6762170115241,1,0.005,9.04463209490975e-184,"C11","MarkerC11-117"
4.52251509409909e-188,9.77064715823364,1,0.005,9.04503018819819e-184,"C11","MarkerC11-093"
4.52268760824477e-188,9.8541379052954,1,0.005,9.04537521648954e-184,"C11","MarkerC11-143"
4.52274069083813e-188,10.0568139970874,1,0.005,9.04548138167626e-184,"C11","MarkerC11-083"
4.52278050319024e-188,9.57785616231384,1,0.006,9.04556100638049e-184,"C11","MarkerC11-016"
4.52287340003448e-188,10.0571097540757,1,0.004,9.04574680006895e-184,"C11","MarkerC11-070"
4.52287340003448e-188,10.0703427403426,1,0.004,9.04574680006895e-184,"C11","MarkerC11-110"
4.52288667116794e-188,9.98344189426199,1,0.004,9.04577334233588e-184,"C11","MarkerC11-019"
4.52297957018277e-188,9.70553615216173,1,0.005,9.04595914036553e-184,"C11","MarkerC11-116"
4.52300611310715e-188,10.2754548568363,1,0.003,9.0460122262143e-184,"C11","MarkerC11-146"
4.52305919942126e-188,9.86926865229715,1,0.005,9.04611839884252e-184,"C11","MarkerC11-021"
4.52305919942126e-188,9.75344139119748,1,0.005,9.04611839884252e-184,"C11","MarkerC11-097"
4.52305919942126e-188,9.337666527482,1,0.007,9.04611839884252e-184,"C11","MarkerC11-090"
4.52309901456443e-188,10.4446869992096,1,0.003,9.04619802912887e-184,"C11","MarkerC11-028"
4.55359808675258e-188,9.95863189319529,1,0.004,9.10719617350516e-184,"C11","MarkerC11-061"
4.55395884954425e-188,9.94930594127254,1,0.005,9.10791769908849e-184,"C11","MarkerC11-095"
4.55397221167482e-188,10.0185352580251,1,0.004,9.10794442334964e-184,"C11","MarkerC11-088"
4.5539855738455e-188,10.0640340714419,1,0.004,9.107971147691e-184,"C11","MarkerC11-100"
4.58493481893864e-188,9.84165817298839,1,0.005,9.16986963787728e-184,"C11","MarkerC11-139"
4.61677140628996e-188,10.1594002795871,1,0.004,9.23354281257993e-184,"C11","MarkerC11-113"
4.61683913669434e-188,9.61801242956817,1,0.006,9.23367827338869e-184,"C11","MarkerC11-118"
4.64846053360204e-188,9.46862722997624,1,0.006,9.29692106720407e-184,"C11","MarkerC11-073"
4.74508800214333e-188,9.66528308468898,1,0.006,9.49017600428667e-184,"C11","MarkerC11-050"
4.76140048386746e-188,10.0169130941962,1,0.004,9.52280096773493e-184,"C11","MarkerC11-109"
4.97836760173973e-188,9.98802046763459,1,0.005,9.95673520347945e-184,"C11","MarkerC11-065"
5.2044307848418e-188,9.98066142734007,1,0.005,1.04088615696836e-183,"C11","MarkerC11-133"
6.5101843385728e-188,9.51638416364961,1,0.006,1.30203686771456e-183,"C11","MarkerC11-107"
6.51020340846685e-188,10.0069408158787,1,0.004,1.30204068169337e-183,"C11","MarkerC11-013"
6.51024154842165e-188,10.025682545061,1,0.004,1.30204830968433e-183,"C11","MarkerC11-089"
6.51027968859897e-188,9.87178074166205,1,0.005,1.30205593771979e-183,"C11","MarkerC11-071"
6.51052760517337e-188,9.66234084886418,1,0.006,1.30210552103467e-183,"C11","MarkerC11-087"
6.51068017388965e-188,9.75224682617525,1,0.005,1.30213603477793e-183,"C11","MarkerC11-045"
6.51071831662484e-188,9.68352124889734,1,0.006,1.30214366332497e-183,"C11","MarkerC11-092"
6.51079460276212e-188,10.0666553164752,1,0.004,1.30215892055242e-183,"C11","MarkerC11-125"
6.55508234833228e-188,9.62385925228421,1,0.006,1.31101646966646e-183,"C11","MarkerC11-141"
6.55521675722285e-188,10.0841595707785,1,0.004,1.31104335144457e-183,"C11","MarkerC11-059"
6.55523595871726e-188,10.0042941711867,1,0.005,1.31104719174345e-183,"C11","MarkerC11-066"
6.55529356353415e-188,9.46211148404073,1,0.006,1.31105871270683e-183,"C11","MarkerC11-082"
6.55552398784158e-188,10.1419203095195,1,0.004,1.31110479756832e-183,"C11","MarkerC11-063"
6.59998031085157e-188,9.40872081305355,1,0.006,1.31999606217031e-183,"C11","MarkerC11-081"
6.60027030141546e-188,9.73144153723756,1,0.005,1.32005406028309e-183,"C11","MarkerC11-041"
6.60046363550214e-188,10.1675919662527,1,0.004,1.32009272710043e-183,"C11","MarkerC11-124"
6.64553580393608e-188,9.8915446558971,1,0.005,1.32910716078722e-183,"C11","MarkerC11-015"
6.668401892832e-188,9.62523108212791,1,0.005,1.3336803785664e-183,"C11","MarkerC11-005"
6.8302399509868e-188,10.0511826456435,1,0.004,1.36604799019736e-183,"C11","MarkerC11-007"
6.83029996666985e-188,9.87315686178689,1,0.004,1.36605999333397e-183,"C11","MarkerC11-062"
6.87645636629531e-188,9.79921899544183,1,0.005,1.37529127325906e-183,"C11","MarkerC11-115"
6.87663763039777e-188,9.65404939863885,1,0.006,1.37532752607955e-183,"C11","MarkerC11-131"
6.87689946472086e-188,9.9011610643,1,0.005,1.37537989294417e-183,"C11","MarkerC11-024"
6.8773425915635e-188,9.91256296873848,1,0.004,1.3754685183127e-183,"C11","MarkerC11-054"
6.92442490218507e-188,9.49062236569728,1,0.007,1.38488498043701e-183,"C11","MarkerC11-150"
6.96355348190973e-188,10.0235230162641,1,0.004,1.39271069638195e-183,"C11","MarkerC11-108"
6.97180874385641e-188,9.83341287262869,1,0.005,1.39436174877128e-183,"C11","MarkerC11-056"
6.97215587214866e-188,10.0354156687571,1,0.004,1.39443117442973e-183,"C11","MarkerC11-142"
7.62067903309322e-188,9.68384587148098,1,0.005,1.52413580661864e-183,"C11","MarkerC11-032"
7.77049195591658e-188,9.57840076336542,1,0.006,1.55409839118332e-183,"C11","MarkerC11-086"
9.35160736522227e-188,9.85803849345567,1,0.005,1.87032147304445e-183,"C11","MarkerC11-052"
9.35185348911197e-188,10.027950766041,1,0.004,1.87037069782239e-183,"C11","MarkerC11-127"
9.35199022739324e-188,10.1656349943586,1,0.004,1.87039804547865e-183,"C11","MarkerC11-010"
9.35199022739324e-188,9.46868288160209,1,0.006,1.87039804547865e-183,"C11","MarkerC11-103"
9.35209961945044e-188,10.090056832473,1,0.004,1.87041992389009e-183,"C11","MarkerC11-014"
9.35234575623687e-188,9.92804641865991,1,0.005,1.87046915124737e-183,"C11","MarkerC11-078"
9.41601902127768e-188,9.58271510802349,1,0.006,1.88320380425554e-183,"C11","MarkerC11-064"
9.41604655597246e-188,9.94511419364166,1,0.005,1.88320931119449e-183,"C11","MarkerC11-034"
9.41618423065371e-188,9.83933580273786,1,0.006,1.88323684613074e-183,"C11","MarkerC11-023"
9.41632190733678e-188,9.78832904411834,1,0.005,1.88326438146736e-183,"C11","MarkerC11-026"
9.41684509700964e-188,9.72969184425055,1,0.005,1.88336901940193e-183,"C11","MarkerC11-077"
9.41684509700964e-188,9.57590852587015,1,0.005,1.88336901940193e-183,"C11","MarkerC11-132"
9.41690017128962e-188,9.84102413205016,1,0.005,1.88338003425792e-183,"C11","MarkerC11-111"
9.48095697674294e-188,9.70812120226761,1,0.006,1.89619139534859e-183,"C11","MarkerC11-138"
9.48101242510869e-188,9.4296574424116,1,0.007,1.89620248502174e-183,"C11","MarkerC11-008"
9.48115104743472e-188,10.1968772674369,1,0.004,1.89623020948694e-183,"C11","MarkerC11-017"
9.61127853449277e-188,10.2241910383551,1,0.004,1.92225570689855e-183,"C11","MarkerC11-074"
9.61133474324171e-188,9.68196646366049,1,0.005,1.92226694864834e-183,"C11","MarkerC11-040"
9.61141905697826e-188,9.96499408444835,1,0.005,1.92228381139565e-183,"C11","MarkerC11-055"
9.61203738020613e-188,9.73834588050136,1,0.005,1.92240747604123e-183,"C11","MarkerC11-051"
9.61209359337179e-188,9.54100225205761,1,0.006,1.92241871867436e-183,"C11","MarkerC11-001"
9.61231844930611e-188,9.98714997498285,1,0.004,1.92246368986122e-183,"C11","MarkerC11-038"
9.67744831458274e-188,9.99210117379624,1,0.005,1.93548966291655e-183,"C11","MarkerC11-043"
9.6775049093965e-188,10.0330772301873,1,0.005,1.9355009818793e-183,"C11","MarkerC11-044"
9.81049625410626e-188,10.1169244337372,1,0.004,1.96209925082125e-183,"C11","MarkerC11-140"
9.87777600235756e-188,10.23572568193,1,0.004,1.97555520047151e-183,"C11","MarkerC11-030"
1.00825993873083e-187,10.058107800547,1,0.005,2.01651987746167e-183,"C11","MarkerC11-091"
1.01524850371089e-187,10.1502081093895,1,0.004,2.03049700742177e-183,"C11","MarkerC11-114"
1.02917551520646e-187,9.70286667420673,1,0.006,2.05835103041292e-183,"C11","MarkerC11-069"
1.03627858242567e-187,9.41703396544461,1,0.006,2.07255716485134e-183,"C11","MarkerC11-047"
1.04338485812147e-187,9.45899143996597,1,0.006,2.08676971624294e-183,"C11","MarkerC11-031"
1.06498149710822e-187,9.80537709110161,1,0.005,2.12996299421644e-183,"C11","MarkerC11-006"
1.07973826156914e-187,9.34162841779931,1,0.007,2.15947652313827e-183,"C11","MarkerC11-004"
1.11724897251978e-187,9.87237577773361,1,0.004,2.23449794503955e-183,"C11","MarkerC11-036"
1.25929597446946e-187,9.64284376462411,1,0.006,2.51859194893892e-183,"C11","MarkerC11-123"
1.34060545745662e-187,9.81630449143677,1,0.005,2.68121091491324e-183,"C11","MarkerC11-120"
1.34062893992588e-187,10.5152663837543,1,0.003,2.68125787985177e-183,"C11","MarkerC11-039"
1.34063285371038e-187,9.6738465793465,1,0.005,2.68126570742076e-183,"C11","MarkerC11-046"
1.34072678795468e-187,9.48974369239081,1,0.006,2.68145357590936e-183,"C11","MarkerC11-119"
1.34074635841343e-187,9.65842969076581,1,0.006,2.68149271682687e-183,"C11","MarkerC11-105"
1.34978018109997e-187,9.64095447366858,1,0.005,2.69956036219994e-183,"C11","MarkerC11-102"
1.34985505138212e-187,9.52584515475991,1,0.006,2.69971010276425e-183,"C11","MarkerC11-037"
1.3498708140734e-187,10.3217337674973,1,0.004,2.69974162814681e-183,"C11","MarkerC11-085"
1.35916441977701e-187,9.83290446837079,1,0.005,2.71832883955402e-183,"C11","MarkerC11-042"
1.36847000016949e-187,9.73505823898687,1,0.005,2.73694000033898e-183,"C11","MarkerC11-009"
1.37775877629511e-187,10.2531652918921,1,0.004,2.75551755259021e-183,"C11","MarkerC11-136"
1.37778290801123e-187,9.59346285902333,1,0.006,2.75556581602245e-183,"C11","MarkerC11-035"
1.38730490226208e-187,9.73470556582845,1,0.005,2.77460980452416e-183,"C11","MarkerC11-079"
1.3873251510011e-187,9.96353092134616,1,0.005,2.77465030200219e-183,"C11","MarkerC11-033"
1.41590745620198e-187,9.57186433953299,1,0.006,2.83181491240395e-183,"C11","MarkerC11-137"
1.44528884642801e-187,10.000743743821,1,0.005,2.89057769285602e-183,"C11","MarkerC11-112"
1.44529728360727e-187,9.54216428645772,1,0.006,2.89059456721454e-183,"C11","MarkerC11-144"
1.44535634523676e-187,9.70574891391682,1,0.005,2.89071269047351e-183,"C11","MarkerC11-060"
1.48540480782019e-187,9.4246390689108,1,0.006,2.97080961564038e-183,"C11","MarkerC11-099"
1.53707467023575e-187,9.79931792548567,1,0.005,3.07414934047151e-183,"C11","MarkerC11-022"
1.57411232778905e-187,9.81250919886892,1,0.005,3.14822465557811e-183,"C11","MarkerC11-130"
1.60137599002548e-187,10.2103919542666,1,0.004,3.20275198005096e-183,"C11","MarkerC11-027"
1.6345296409076e-187,10.1419346019666,1,0.004,3.26905928181519e-183,"C11","MarkerC11-129"
1.78014701780681e-187,9.86065970532838,1,0.004,3.56029403561361e-183,"C11","MarkerC11-018"
1.9179337913442e-187,10.121220907106,1,0.004,3.83586758268841e-183,"C11","MarkerC11-067"
1.93103169790522e-187,9.75399261794004,1,0.005,3.86206339581044e-183,"C11","MarkerC11-049"
1.94434927454019e-187,9.97377886685436,1,0.005,3.88869854908037e-183,"C11","MarkerC11-002"
1.9845079236883e-187,9.80040493900557,1,0.005,3.96901584737659e-183,"C11","MarkerC11-096"
2.0959569898313e-187,9.99402426860147,1,0.005,4.1919139796626e-183,"C11","MarkerC11-106"
2.11028146137279e-187,10.144684544426,1,0.004,4.22056292274559e-183,"C11","MarkerC11-003"
2.15396348898043e-187,9.79246397386904,1,0.005,4.30792697796087e-183,"C11","MarkerC11-134"
2.24418632110661e-187,9.87961312482723,1,0.005,4.48837264221321e-183,"C11","MarkerC11-104"
2.67991996840097e-187,9.8346471557492,1,0.005,5.35983993680194e-183,"C11","MarkerC11-057"
2.84298091792916e-187,9.80559587969463,1,0.005,5.68596183585832e-183,"C11","MarkerC11-076"
2.93138799730765e-187,9.39275242826934,1,0.007,5.8627759946153e-183,"C11","MarkerC11-101"
3.03324904944245e-187,9.61491675399301,1,0.005,6.06649809888491e-183,"C11","MarkerC11-149"
3.12500680088237e-187,9.74635825647805,1,0.005,6.25001360176474e-183,"C11","MarkerC11-011"
3.22540226317745e-187,10.0045413934622,1,0.004,6.4508045263549e-183,"C11","MarkerC11-094"
3.29216272330389e-187,9.56227896006635,1,0.006,6.58432544660778e-183,"C11","MarkerC11-128"
3.76047699983057e-187,9.60214803044213,1,0.006,7.52095399966113e-183,"C11","MarkerC11-098"
3.82475220550326e-187,9.58223593509734,1,0.005,7.64950441100652e-183,"C11","MarkerC11-122"
4.24838700115181e-187,9.6775780145443,1,0.005,8.49677400230363e-183,"C11","MarkerC11-145"
5.73922352972743e-187,9.74314546713251,1,0.005,1.14784470594549e-182,"C11","MarkerC11-126"
6.22764380213336e-187,9.85259603202763,1,0.005,1.24552876042667e-182,"C11","MarkerC11-147"
6.35716672150596e-187,9.79440083247731,1,0.005,1.27143334430119e-182,"C11","MarkerC11-058"
3.13543174280274e-188,9.90446359736167,1,0.005,6.27086348560548e-184,"C12","MarkerC12-109"
3.13545939029539e-188,9.44259878628896,1,0.006,6.27091878059078e-184,"C12","MarkerC12-047"
3.13547782209222e-188,10.1594540050814,1,0.004,6.27095564418443e-184,"C12","MarkerC12-083"
3.13550546998973e-188,9.54075436841899,1,0.006,6.27101093997945e-184,"C12","MarkerC12-124"
3.13551468600957e-188,9.65292376243316,1,0.005,6.27102937201914e-184,"C12","MarkerC12-097"
3.13566214599144e-188,9.58383888958509,1,0.006,6.27132429198288e-184,"C12","MarkerC12-134"
3.13568057897454e-188,10.3488315721035,1,0.004,6.27136115794908e-184,"C12","MarkerC12-146"
3.13568057897454e-188,9.599439199761,1,0.006,6.27136115794908e-184,"C12","MarkerC12-048"
3.13570822865196e-188,10.1034189100225,1,0.004,6.27141645730391e-184,"C12","MarkerC12-042"
3.1357727455083e-188,9.71832633744439,1,0.006,6.27154549101659e-184,"C12","MarkerC12-077"
3.13585569769369e-188,10.1836422738586,1,0.004,6.27171139538737e-184,"C12","MarkerC12-035"
4.52255490447519e-188,9.77939549483504,1,0.006,9.04510980895037e-184,"C12","MarkerC12-031"
4.52270087883512e-188,10.0979613282067,1,0.004,9.04540175767024e-184,"C12","MarkerC12-105"
4.52274069083813e-188,10.0753685413506,1,0.004,9.04548138167626e-184,"C12","MarkerC12-040"
4.52278050319024e-188,9.84342964404635,1,0.005,9.04556100638049e-184,"C12","MarkerC12-119"
4.52280704495247e-188,10.0777988722121,1,0.004,9.04561408990495e-184,"C12","MarkerC12-149"
4.52280704495247e-188,9.84001493922437,1,0.005,9.04561408990495e-184,"C12","MarkerC12-004"
4.52283358686887e-188,9.88937654399878,1,0.004,9.04566717373775e-184,"C12","MarkerC12-095"
4.52287340003448e-188,9.63099498850144,1,0.005,9.04574680006895e-184,"C12","MarkerC12-150"
4.52291321354919e-188,10.0493337372779,1,0.004,9.04582642709839e-184,"C12","MarkerC12-007"
4.52291321354919e-188,9.98617776444299,1,0.005,9.04582642709839e-184,"C12","MarkerC12-067"
4.52291321354919e-188,9.7065873885404,1,0.005,9.04582642709839e-184,"C12","MarkerC12-111"
4.52296629877845e-188,9.85493700120208,1,0.006,9.0459325975569e-184,"C12","MarkerC12-049"
4.52297957018277e-188,10.1059233301239,1,0.004,9.04595914036553e-184,"C12","MarkerC12-110"
4.52299284162551e-188,9.7064207012767,1,0.005,9.04598568325102e-184,"C12","MarkerC12-045"
4.52300611310715e-188,9.89948361773761,1,0.005,9.0460122262143e-184,"C12","MarkerC12-082"
4.52303265618618e-188,10.2391039524333,1,0.004,9.04606531237235e-184,"C12","MarkerC12-136"
4.52305919942126e-188,10.3436678398373,1,0.004,9.04611839884252e-184,"C12","MarkerC12-044"
4.52305919942126e-188,9.88421021945779,1,0.005,9.04611839884252e-184,"C12","MarkerC12-018"
4.52308574281099e-188,9.62642723402017,1,0.005,9.04617148562198e-184,"C12","MarkerC12-104"
4.52325827862282e-188,9.96503905690274,1,0.004,9.04651655724564e-184,"C12","MarkerC12-079"
4.53820977140353e-188,9.89942077859581,1,0.005,9.07641954280706e-184,"C12","MarkerC12-091"
4.5539855738455e-188,10.0821951290525,1,0.004,9.107971147691e-184,"C12","MarkerC12-001"
4.55405238528207e-188,10.0690008940974,1,0.004,9.10810477056415e-184,"C12","MarkerC12-043"
4.55422609958227e-188,10.1106852724353,1,0.004,9.10845219916454e-184,"C12","MarkerC12-003"
4.55422609958227e-188,9.8905119216769,1,0.005,9.10845219916454e-184,"C12","MarkerC12-024"
4.58508280200767e-188,9.74841867040232,1,0.005,9.17016560401534e-184,"C12","MarkerC12-120"
4.58532496637494e-188,9.80513833468961,1,0.005,9.17064993274988e-184,"C12","MarkerC12-135"
4.58543259906952e-188,9.73243916832122,1,0.005,9.17086519813905e-184,"C12","MarkerC12-087"
4.58560750756089e-188,9.5232642232714,1,0.006,9.17121501512178e-184,"C12","MarkerC12-099"
4.64840597894805e-188,9.61578727810605,1,0.005,9.2968119578961e-184,"C12","MarkerC12-041"
4.68060037032963e-188,10.1591787949653,1,0.004,9.36120074065927e-184,"C12","MarkerC12-021"
4.68083383407814e-188,9.91625951613791,1,0.004,9.36166766815627e-184,"C12","MarkerC12-112"
4.71274092540646e-188,9.90687370616821,1,0.005,9.42548185081292e-184,"C12","MarkerC12-055"
4.7780212952053e-188,9.76065549672112,1,0.005,9.5560425904106e-184,"C12","MarkerC12-069"
4.810632433539e-188,9.67984536186299,1,0.005,9.621264867078e-184,"C12","MarkerC12-096"
5.01231512595797e-188,10.1593088410361,1,0.004,1.00246302519159e-183,"C12","MarkerC12-144"
5.02976648488924e-188,10.2312981161279,1,0.004,1.00595329697785e-183,"C12","MarkerC12-073"
5.04696761369075e-188,9.65164764813014,1,0.005,1.00939352273815e-183,"C12","MarkerC12-036"
5.11654181154801e-188,9.91031097584968,1,0.004,1.0233083623096e-183,"C12","MarkerC12-062"
6.5101843385728e-188,10.2110511274799,1,0.004,1.30203686771456e-183,"C12","MarkerC12-060"
6.51022247841601e-188,9.69073875809561,1,0.005,1.3020444956832e-183,"C12","MarkerC12-116"
6.51037504001664e-188,9.5882352757222,1,0.006,1.30207500800333e-183,"C12","MarkerC12-051"
6.51041318097104e-188,9.70483193220313,1,0.005,1.30208263619421e-183,"C12","MarkerC12-052"
6.51050853433484e-188,10.0833303117846,1,0.005,1.30210170686697e-183,"C12","MarkerC12-140"
6.51054667606905e-188,10.0240357290998,1,0.005,1.30210933521381e-183,"C12","MarkerC12-086"
6.51056574701917e-188,9.69469127926443,1,0.005,1.30211314940383e-183,"C12","MarkerC12-002"
6.51064203137629e-188,9.84795265819332,1,0.004,1.30212840627526e-183,"C12","MarkerC12-080"
6.51064203137629e-188,9.6579496918798,1,0.005,1.30212840627526e-183,"C12","MarkerC12-030"
6.51069924522968e-188,9.92366825698539,1,0.004,1.30213984904594e-183,"C12","MarkerC12-037"
6.51073738807648e-188,9.76492133265077,1,0.005,1.3021474776153e-183,"C12","MarkerC12-121"
6.55498634366302e-188,9.95413605112353,1,0.004,1.3109972687326e-183,"C12","MarkerC12-033"
6.55569681136291e-188,10.3480486768654,1,0.004,1.31113936227258e-183,"C12","MarkerC12-020"
6.55569681136291e-188,10.0631797303852,1,0.004,1.31113936227258e-183,"C12","MarkerC12-089"
6.5998836501492e-188,10.0626613810333,1,0.004,1.31997673002984e-183,"C12","MarkerC12-094"
6.60067630950804e-188,9.55100185979226,1,0.006,1.32013526190161e-183,"C12","MarkerC12-034"
6.60071497824297e-188,9.54489209355821,1,0.006,1.32014299564859e-183,"C12","MarkerC12-139"
6.64563313167542e-188,9.99924164996769,1,0.004,1.32912662633508e-183,"C12","MarkerC12-098"
6.64569152899939e-188,10.2153479673808,1,0.004,1.32913830579988e-183,"C12","MarkerC12-107"
6.6460808575488e-188,10.0476880942029,1,0.005,1.32921617150976e-183,"C12","MarkerC12-137"
6.69071941960482e-188,10.0433596836705,1,0.004,1.33814388392096e-183,"C12","MarkerC12-025"
6.7141734339547e-188,9.8118292489074,1,0.005,1.34283468679094e-183,"C12","MarkerC12-113"
6.73737408236866e-188,9.93498128970393,1,0.005,1.34747481647373e-183,"C12","MarkerC12-081"
6.78312178287099e-188,10.1045045393486,1,0.004,1.3566243565742e-183,"C12","MarkerC12-115"
6.78332046036875e-188,9.87566591530279,1,0.005,1.35666409207375e-183,"C12","MarkerC12-010"
6.78383704896822e-188,9.72233245588377,1,0.005,1.35676740979364e-183,"C12","MarkerC12-078"
6.82971983705037e-188,10.0265081341106,1,0.005,1.36594396741007e-183,"C12","MarkerC12-132"
6.83013992601414e-188,9.65526075732355,1,0.005,1.36602798520283e-183,"C12","MarkerC12-090"
6.83027996138341e-188,9.62412756174694,1,0.006,1.36605599227668e-183,"C12","MarkerC12-006"
6.8307000846382e-188,9.45635145331801,1,0.006,1.36614001692764e-183,"C12","MarkerC12-117"
6.8772015935761e-188,10.0024566456596,1,0.005,1.37544031871522e-183,"C12","MarkerC12-118"
7.11645420482675e-188,9.85127922918768,1,0.005,1.42329084096535e-183,"C12","MarkerC12-016"
7.41540740851802e-188,9.66299677472774,1,0.005,1.4830814817036e-183,"C12","MarkerC12-023"
7.49185508476042e-188,9.49266601480092,1,0.005,1.49837101695208e-183,"C12","MarkerC12-127"
9.3522637099244e-188,9.84834563887632,1,0.005,1.87045274198488e-183,"C12","MarkerC12-088"
9.3522637099244e-188,9.80835620321368,1,0.005,1.87045274198488e-183,"C12","MarkerC12-122"
9.35259189946947e-188,9.67148145334081,1,0.006,1.87051837989389e-183,"C12","MarkerC12-050"
9.35267394864803e-188,9.88185675346348,1,0.004,1.87053478972961e-183,"C12","MarkerC12-039"
9.35292010047807e-188,9.83504075763915,1,0.005,1.87058402009561e-183,"C12","MarkerC12-148"
9.41607409074962e-188,9.69937682271475,1,0.006,1.88321481814992e-183,"C12","MarkerC12-068"
9.41629437183971e-188,9.99091763261437,1,0.004,1.88325887436794e-183,"C12","MarkerC12-046"
9.41701032081182e-188,10.1635909927865,1,0.004,1.88340206416236e-183,"C12","MarkerC12-027"
9.48090152869913e-188,9.86431771882668,1,0.005,1.89618030573983e-183,"C12","MarkerC12-103"
9.4812064969302e-188,9.32947005040954,1,0.006,1.89624129938604e-183,"C12","MarkerC12-013"
9.4812619467496e-188,9.88725338671173,1,0.004,1.89625238934992e-183,"C12","MarkerC12-014"
9.48153920068166e-188,9.67060638452479,1,0.006,1.89630784013633e-183,"C12","MarkerC12-130"
9.48206600538719e-188,9.81744217842888,1,0.005,1.89641320107744e-183,"C12","MarkerC12-009"
9.54628641881907e-188,9.68302107483563,1,0.005,1.90925728376381e-183,"C12","MarkerC12-038"
9.54628641881907e-188,9.82723774288748,1,0.005,1.90925728376381e-183,"C12","MarkerC12-147"
9.54634224835925e-188,9.88501955995416,1,0.005,1.90926844967185e-183,"C12","MarkerC12-129"
9.61184063670264e-188,10.0954883414263,1,0.004,1.92236812734053e-183,"C12","MarkerC12-126"
9.61203738020613e-188,9.6544502626493,1,0.005,1.92240747604123e-183,"C12","MarkerC12-066"
9.67818407285135e-188,9.55639092665277,1,0.006,1.93563681457027e-183,"C12","MarkerC12-141"
9.81121341642999e-188,9.5096316818917,1,0.006,1.962242683286e-183,"C12","MarkerC12-017"
9.87815147171003e-188,9.5575421419454,1,0.006,1.97563029434201e-183,"C12","MarkerC12-015"
9.94609821283139e-188,9.82516088657945,1,0.005,1.98921964256628e-183,"C12","MarkerC12-053"
1.02224958527375e-187,9.94420709688773,1,0.005,2.0444991705475e-183,"C12","MarkerC12-071"
1.04343061468448e-187,9.81178885363188,1,0.004,2.08686122936895e-183,"C12","MarkerC12-061"
1.08711678188837e-187,9.55609230326295,1,0.006,2.17423356377674e-183,"C12","MarkerC12-005"
1.09088230554567e-187,9.64540130713683,1,0.006,2.18176461109133e-183,"C12","MarkerC12-063"
1.11729796048515e-187,9.78260436646104,1,0.005,2.2345959209703e-183,"C12","MarkerC12-100"
1.13266619027376e-187,10.588856965343,1,0.003,2.26533238054753e-183,"C12","MarkerC12-008"
1.2636349734415e-187,9.44002353579776,1,0.006,2.52726994688301e-183,"C12","MarkerC12-074"
1.34064459513276e-187,9.57115721510839,1,0.006,2.68128919026551e-183,"C12","MarkerC12-102"
1.34071504581594e-187,9.61233841689987,1,0.006,2.68143009163188e-183,"C12","MarkerC12-133"
1.34071895985082e-187,9.56004885336831,1,0.006,2.68143791970164e-183,"C12","MarkerC12-085"
1.34978806198761e-187,10.2449258259259,1,0.004,2.69957612397523e-183,"C12","MarkerC12-028"
1.34987869548778e-187,9.70457420157049,1,0.006,2.69975739097556e-183,"C12","MarkerC12-022"
1.36379733865159e-187,9.7627193759674,1,0.005,2.72759467730318e-183,"C12","MarkerC12-059"
1.3684140732022e-187,9.7250262479081,1,0.005,2.73682814640441e-183,"C12","MarkerC12-092"
1.37777084210061e-187,9.71643411629207,1,0.005,2.75554168420122e-183,"C12","MarkerC12-056"
1.37782312847313e-187,9.61146013299541,1,0.006,2.75564625694625e-183,"C12","MarkerC12-093"
1.39673768362336e-187,9.89198476942145,1,0.005,2.79347536724671e-183,"C12","MarkerC12-026"
1.40165399452325e-187,9.74447672805869,1,0.005,2.80330798904649e-183,"C12","MarkerC12-114"
1.41600665205756e-187,9.7061818415918,1,0.005,2.83201330411511e-183,"C12","MarkerC12-070"
1.41602318537267e-187,9.91814185547265,1,0.005,2.83204637074533e-183,"C12","MarkerC12-101"
1.42087871791091e-187,9.64877420447045,1,0.005,2.84175743582183e-183,"C12","MarkerC12-142"
1.47526628073648e-187,9.51324731135061,1,0.005,2.95053256147295e-183,"C12","MarkerC12-145"
1.48536578980349e-187,9.96670320765666,1,0.004,2.97073157960699e-183,"C12","MarkerC12-138"
1.50589551343097e-187,9.81206334359976,1,0.005,3.01179102686195e-183,"C12","MarkerC12-012"
1.57964295576247e-187,9.87738861860812,1,0.005,3.15928591152495e-183,"C12","MarkerC12-108"
1.67401531679519e-187,9.74313449796498,1,0.005,3.34803063359039e-183,"C12","MarkerC12-072"
1.78645795197046e-187,9.53430659649688,1,0.006,3.57291590394092e-183,"C12","MarkerC12-076"
1.93113862992527e-187,9.95145053901187,1,0.005,3.86227725985055e-183,"C12","MarkerC12-075"
1.93912226458855e-187,9.88421450503799,1,0.005,3.87824452917711e-183,"C12","MarkerC12-128"
1.94428127691567e-187,10.0911412661148,1,0.004,3.88856255383134e-183,"C12","MarkerC12-054"
2.01182163813995e-187,9.84692308128266,1,0.005,4.02364327627991e-183,"C12","MarkerC12-131"
2.0255658567831e-187,9.56845605556391,1,0.006,4.05113171356619e-183,"C12","MarkerC12-125"
2.03949895143231e-187,9.54509937560093,1,0.006,4.07899790286463e-183,"C12","MarkerC12-065"
2.03958215799373e-187,9.74016872819444,1,0.005,4.07916431598747e-183,"C12","MarkerC12-032"
2.25944362237653e-187,9.73985313017864,1,0.005,4.51888724475305e-183,"C12","MarkerC12-011"
2.8720775834841e-187,9.21066767941835,1,0.007,5.7441551669682e-183,"C12","MarkerC12-123"
2.95161192917262e-187,9.75329717736598,1,0.005,5.90322385834523e-183,"C12","MarkerC12-084"
3.0125891067742e-187,9.47714763244963,1,0.006,6.0251782135484e-183,"C12","MarkerC12-019"
3.01269427070884e-187,9.78825563158182,1,0.005,6.02538854141769e-183,"C12","MarkerC12-064"
3.01270303453438e-187,9.45499764863147,1,0.006,6.02540606906876e-183,"C12","MarkerC12-057"
3.21455888318394e-187,9.63635036049303,1,0.006,6.42911776636788e-183,"C12","MarkerC12-058"
3.54875512387977e-187,9.39251850359157,1,0.006,7.09751024775955e-183,"C12","MarkerC12-143"
4.26299193902621e-187,9.79976661106704,1,0.005,8.52598387805242e-183,"C12","MarkerC12-106"
4.47103965305036e-187,9.88247843982074,1,0.005,8.94207930610072e-183,"C12","MarkerC12-029"
