"p_val","avg_log2FC","pct.1","pct.2","p_val_adj","cluster","gene"
3.13537644854437e-188,9.78337809865416,1,0.005,6.27075289708873e-184,"C01","MarkerC01-071"
3.13549625399662e-188,10.1579535287499,1,0.004,6.27099250799323e-184,"C01","MarkerC01-095"
3.13550546998973e-188,9.89783970459262,1,0.005,6.27101093997945e-184,"C01","MarkerC01-089"
3.13551468600957e-188,10.0752769061656,1,0.004,6.27102937201914e-184,"C01","MarkerC01-143"
3.13554233423013e-188,9.78406594054113,1,0.005,6.27108466846025e-184,"C01","MarkerC01-112"
3.13559763139982e-188,9.63328686062684,1,0.005,6.27119526279964e-184,"C01","MarkerC01-053"
3.13560684768925e-188,9.86005950566189,1,0.005,6.27121369537851e-184,"C01","MarkerC01-140"
3.13562528034896e-188,10.029459606713,1,0.004,6.27125056069793e-184,"C01","MarkerC01-061"
4.52254163431077e-188,9.81665364981414,1,0.005,9.04508326862155e-184,"C01","MarkerC01-070"
4.52258144491881e-188,9.74214975564624,1,0.005,9.04516288983762e-184,"C01","MarkerC01-074"
4.52259471519943e-188,9.58148262687761,1,0.006,9.04518943039886e-184,"C01","MarkerC01-005"
4.52260798551753e-188,9.98178028052002,1,0.005,9.04521597103506e-184,"C01","MarkerC01-085"
4.52272742013251e-188,9.90811168614299,1,0.004,9.04545484026502e-184,"C01","MarkerC01-121"
4.52286012894085e-188,9.61826221860353,1,0.006,9.0457202578817e-184,"C01","MarkerC01-069"
4.52287340003448e-188,10.0489220078074,1,0.004,9.04574680006895e-184,"C01","MarkerC01-048"
4.52287340003448e-188,9.56476905112788,1,0.006,9.04574680006895e-184,"C01","MarkerC01-027"
4.52291321354919e-188,9.83167267339233,1,0.005,9.04582642709839e-184,"C01","MarkerC01-093"
4.52292648479793e-188,10.009166894893,1,0.004,9.04585296959586e-184,"C01","MarkerC01-147"
4.52292648479793e-188,9.66332665378997,1,0.005,9.04585296959586e-184,"C01","MarkerC01-013"
4.52295302741303e-188,10.0865607585383,1,0.004,9.04590605482605e-184,"C01","MarkerC01-130"
4.52295302741303e-188,9.63169174808302,1,0.006,9.04590605482605e-184,"C01","MarkerC01-124"
4.52296629877845e-188,9.94924734371216,1,0.005,9.0459325975569e-184,"C01","MarkerC01-126"
4.52303265618618e-188,9.83068788224472,1,0.005,9.04606531237235e-184,"C01","MarkerC01-103"
4.52304592778451e-188,9.95634268102363,1,0.004,9.04609185556901e-184,"C01","MarkerC01-081"
4.55350456030204e-188,9.69186220399609,1,0.005,9.10700912060408e-184,"C01","MarkerC01-028"
4.55363817010264e-188,9.99443979498343,1,0.004,9.10727634020528e-184,"C01","MarkerC01-056"
4.55401229830246e-188,9.94139981001576,1,0.004,9.10802459660491e-184,"C01","MarkerC01-064"
4.55402566058968e-188,9.62432403884487,1,0.006,9.10805132117935e-184,"C01","MarkerC01-110"
4.58493481893864e-188,10.1345474142659,1,0.004,9.16986963787728e-184,"C01","MarkerC01-083"
4.58517697552637e-188,9.87012103976318,1,0.005,9.17035395105275e-184,"C01","MarkerC01-060"
4.58520388260017e-188,9.77476031774718,1,0.005,9.17040776520035e-184,"C01","MarkerC01-068"
4.58525769721806e-188,9.55342674876659,1,0.005,9.17051539443611e-184,"C01","MarkerC01-138"
4.58532496637494e-188,9.80398074755394,1,0.005,9.17064993274988e-184,"C01","MarkerC01-098"
4.64799683935021e-188,9.90583741889461,1,0.005,9.29599367870041e-184,"C01","MarkerC01-116"
4.64844689487883e-188,10.2075162412682,1,0.004,9.29689378975765e-184,"C01","MarkerC01-009"
4.72931695639691e-188,9.72698437298455,1,0.005,9.45863391279381e-184,"C01","MarkerC01-052"
4.87682363017716e-188,9.83309110363926,1,0.005,9.75364726035433e-184,"C01","MarkerC01-127"
4.87705255021603e-188,9.78291004948615,1,0.005,9.75410510043206e-184,"C01","MarkerC01-142"
5.01253568659696e-188,9.92010326391274,1,0.005,1.00250713731939e-183,"C01","MarkerC01-120"
6.50940252078315e-188,10.0688808566943,1,0.005,1.30188050415663e-183,"C01","MarkerC01-128"
6.51003178142224e-188,9.80636599984782,1,0.005,1.30200635628445e-183,"C01","MarkerC01-118"
6.51014619895141e-188,9.96763581135765,1,0.005,1.30202923979028e-183,"C01","MarkerC01-020"
6.51016526873387e-188,10.0217060892843,1,0.005,1.30203305374677e-183,"C01","MarkerC01-125"
6.51016526873387e-188,9.94701808572953,1,0.005,1.30203305374677e-183,"C01","MarkerC01-134"
6.5101843385728e-188,9.76058593172935,1,0.005,1.30203686771456e-183,"C01","MarkerC01-003"
6.51024154842165e-188,9.81751861001663,1,0.005,1.30204830968433e-183,"C01","MarkerC01-007"
6.51026061848241e-188,9.7891998647736,1,0.005,1.30205212369648e-183,"C01","MarkerC01-066"
6.51029875877064e-188,9.63058784577228,1,0.006,1.30205975175413e-183,"C01","MarkerC01-088"
6.51035596962043e-188,9.70906084615249,1,0.005,1.30207119392409e-183,"C01","MarkerC01-122"
6.51060388908749e-188,9.60011532874275,1,0.006,1.3021207778175e-183,"C01","MarkerC01-101"
6.51069924522968e-188,10.0241589601988,1,0.005,1.30213984904594e-183,"C01","MarkerC01-023"
6.51083274616421e-188,9.9616743315215,1,0.005,1.30216654923284e-183,"C01","MarkerC01-075"
6.51092810564425e-188,9.78798681713257,1,0.005,1.30218562112885e-183,"C01","MarkerC01-115"
6.55462153868118e-188,9.66757529285724,1,0.006,1.31092430773624e-183,"C01","MarkerC01-104"
6.55508234833228e-188,10.0362644648799,1,0.005,1.31101646966646e-183,"C01","MarkerC01-141"
6.55510154943548e-188,9.59892490046781,1,0.005,1.3110203098871e-183,"C01","MarkerC01-051"
6.55512075059418e-188,9.66926725295413,1,0.005,1.31102415011884e-183,"C01","MarkerC01-025"
6.57754123150474e-188,9.71291237075126,1,0.005,1.31550824630095e-183,"C01","MarkerC01-078"
6.59963233891637e-188,9.77115100634702,1,0.005,1.31992646778327e-183,"C01","MarkerC01-032"
6.59969033297067e-188,9.81442563196809,1,0.005,1.31993806659413e-183,"C01","MarkerC01-146"
6.60003830794981e-188,9.7465467509427,1,0.005,1.32000766158996e-183,"C01","MarkerC01-015"
6.60007697296454e-188,9.81128770405422,1,0.005,1.32001539459291e-183,"C01","MarkerC01-114"
6.64528275845431e-188,10.0048274058583,1,0.004,1.32905655169086e-183,"C01","MarkerC01-107"
6.6457109948891e-188,9.93785965025091,1,0.005,1.32914219897782e-183,"C01","MarkerC01-087"
6.6684409573976e-188,9.7238998938107,1,0.005,1.33368819147952e-183,"C01","MarkerC01-144"
6.69075861461197e-188,9.72392354120571,1,0.005,1.33815172292239e-183,"C01","MarkerC01-148"
6.69079780984777e-188,9.69789888027566,1,0.006,1.33815956196955e-183,"C01","MarkerC01-030"
6.69081740755133e-188,9.87900893219124,1,0.005,1.33816348151027e-183,"C01","MarkerC01-043"
6.69148376346284e-188,9.72334748197828,1,0.005,1.33829675269257e-183,"C01","MarkerC01-024"
6.73690048833218e-188,9.74736779835792,1,0.005,1.34738009766644e-183,"C01","MarkerC01-123"
6.80656040012809e-188,10.0403256234388,1,0.004,1.36131208002562e-183,"C01","MarkerC01-047"
6.97131870967039e-188,10.0407156242974,1,0.005,1.39426374193408e-183,"C01","MarkerC01-072"
6.97219671190179e-188,9.69518190683033,1,0.005,1.39443934238036e-183,"C01","MarkerC01-021"
7.02009210868423e-188,10.0517187183415,1,0.004,1.40401842173685e-183,"C01","MarkerC01-010"
7.21434874786164e-188,9.72603958004346,1,0.005,1.44286974957233e-183,"C01","MarkerC01-106"
7.26435236076122e-188,9.78251566451918,1,0.005,1.45287047215224e-183,"C01","MarkerC01-133"
7.26445872930747e-188,10.0282346762849,1,0.004,1.45289174586149e-183,"C01","MarkerC01-090"
7.28883277691787e-188,10.1897773954852,1,0.004,1.45776655538357e-183,"C01","MarkerC01-038"
7.31423090185324e-188,9.82595039190729,1,0.005,1.46284618037065e-183,"C01","MarkerC01-117"
7.6735854327186e-188,9.91823266547011,1,0.005,1.53471708654372e-183,"C01","MarkerC01-035"
8.32988752610545e-188,9.50654850868942,1,0.006,1.66597750522109e-183,"C01","MarkerC01-036"
8.44442830347296e-188,9.91684164850091,1,0.004,1.68888566069459e-183,"C01","MarkerC01-099"
8.61994020541909e-188,10.0686375578461,1,0.004,1.72398804108382e-183,"C01","MarkerC01-031"
9.04272696673879e-188,9.8796787725646,1,0.005,1.80854539334776e-183,"C01","MarkerC01-073"
9.19928806712709e-188,9.91144026320332,1,0.005,1.83985761342542e-183,"C01","MarkerC01-145"
9.35196287957839e-188,9.52096885806245,1,0.006,1.87039257591568e-183,"C01","MarkerC01-108"
9.35196287957839e-188,9.68644442634664,1,0.006,1.87039257591568e-183,"C01","MarkerC01-113"
9.35212696766371e-188,9.84642774295346,1,0.005,1.87042539353274e-183,"C01","MarkerC01-150"
9.35215431595687e-188,9.95916561025735,1,0.005,1.87043086319137e-183,"C01","MarkerC01-044"
9.35220901278184e-188,9.90039045198892,1,0.004,1.87044180255637e-183,"C01","MarkerC01-026"
9.35223636131269e-188,9.76611907479607,1,0.005,1.87044727226254e-183,"C01","MarkerC01-077"
9.35253720041653e-188,9.63444749604778,1,0.006,1.87050744008331e-183,"C01","MarkerC01-136"
9.4802084553958e-188,9.81105690568367,1,0.005,1.89604169107916e-183,"C01","MarkerC01-067"
9.48037478838943e-188,9.57454919176021,1,0.006,1.89607495767789e-183,"C01","MarkerC01-019"
9.48051340143693e-188,9.78724219245459,1,0.005,1.89610268028739e-183,"C01","MarkerC01-084"
9.48081835724121e-188,9.6802942278824,1,0.005,1.89616367144824e-183,"C01","MarkerC01-029"
9.48137284735421e-188,9.90818229351787,1,0.005,1.89627456947084e-183,"C01","MarkerC01-001"
9.54525363096638e-188,9.7469818926261,1,0.005,1.90905072619328e-183,"C01","MarkerC01-059"
9.54547692702409e-188,9.80338483156742,1,0.005,1.90909538540482e-183,"C01","MarkerC01-057"
9.54572814130417e-188,10.0825940540068,1,0.004,1.90914562826083e-183,"C01","MarkerC01-079"
9.61189684872204e-188,10.0644956279128,1,0.004,1.92237936974441e-183,"C01","MarkerC01-097"
9.67651454772503e-188,9.75054536837084,1,0.005,1.93530290954501e-183,"C01","MarkerC01-109"
9.67691068028787e-188,10.130928224506,1,0.004,1.93538213605757e-183,"C01","MarkerC01-137"
9.74364574266108e-188,9.83115101489712,1,0.005,1.94872914853222e-183,"C01","MarkerC01-046"
9.74410160025698e-188,9.9463497568744,1,0.005,1.9488203200514e-183,"C01","MarkerC01-054"
9.74421556797277e-188,9.83251732375468,1,0.005,1.94884311359455e-183,"C01","MarkerC01-022"
9.81092654524104e-188,9.96266129685535,1,0.005,1.96218530904821e-183,"C01","MarkerC01-042"
1.00142482516165e-187,10.0386472278037,1,0.004,2.0028496503233e-183,"C01","MarkerC01-034"
1.00819803433934e-187,9.66276632934311,1,0.006,2.01639606867868e-183,"C01","MarkerC01-002"
1.0151090030188e-187,9.91395800980798,1,0.005,2.03021800603759e-183,"C01","MarkerC01-105"
1.03621496184852e-187,9.66617723858648,1,0.006,2.07242992369704e-183,"C01","MarkerC01-065"
1.06503131203794e-187,9.73355804996291,1,0.005,2.13006262407589e-183,"C01","MarkerC01-014"
1.11727836504229e-187,9.94320204379078,1,0.005,2.23455673008459e-183,"C01","MarkerC01-076"
1.34056240732606e-187,9.75400850731521,1,0.006,2.68112481465212e-183,"C01","MarkerC01-004"
1.34057806175983e-187,9.87519567681483,1,0.005,2.68115612351967e-183,"C01","MarkerC01-063"
1.34063676750656e-187,9.81769772294395,1,0.006,2.68127353501313e-183,"C01","MarkerC01-055"
1.34985505138212e-187,9.57927139468189,1,0.006,2.69971010276425e-183,"C01","MarkerC01-139"
1.35894621026018e-187,9.61794404455629,1,0.005,2.71789242052036e-183,"C01","MarkerC01-040"
1.35897794765907e-187,9.87487772056029,1,0.005,2.71795589531815e-183,"C01","MarkerC01-131"
1.35908109930073e-187,9.93382273836491,1,0.005,2.71816219860147e-183,"C01","MarkerC01-016"
1.36376947014337e-187,9.90652135592928,1,0.005,2.72753894028675e-183,"C01","MarkerC01-033"
1.36845801562774e-187,9.96885014298403,1,0.005,2.73691603125549e-183,"C01","MarkerC01-082"
1.36846600531045e-187,9.63259007950654,1,0.005,2.7369320106209e-183,"C01","MarkerC01-049"
1.37309852594786e-187,9.62525629040971,1,0.006,2.74619705189573e-183,"C01","MarkerC01-039"
1.37772660132774e-187,9.87302993555137,1,0.005,2.75545320265548e-183,"C01","MarkerC01-080"
1.38725630648836e-187,9.48358606476091,1,0.006,2.77451261297672e-183,"C01","MarkerC01-094"
1.39674991524644e-187,9.71126241684292,1,0.005,2.79349983049288e-183,"C01","MarkerC01-096"
1.39679884280346e-187,9.90254687646117,1,0.005,2.79359768560691e-183,"C01","MarkerC01-008"
1.40628378674808e-187,9.62584329360398,1,0.005,2.81256757349616e-183,"C01","MarkerC01-086"
1.40629610177335e-187,9.85028298444553,1,0.005,2.8125922035467e-183,"C01","MarkerC01-102"
1.42575920384112e-187,10.2409360222831,1,0.004,2.85151840768225e-183,"C01","MarkerC01-135"
1.43550761197652e-187,9.97495952436577,1,0.004,2.87101522395304e-183,"C01","MarkerC01-050"
1.44531415811368e-187,9.80939490317615,1,0.005,2.89062831622737e-183,"C01","MarkerC01-037"
1.45514089797066e-187,9.86713310154094,1,0.005,2.91028179594131e-183,"C01","MarkerC01-129"
1.47527919840288e-187,9.6912452640477,1,0.006,2.95055839680577e-183,"C01","MarkerC01-058"
1.48535711927178e-187,9.6481816019524,1,0.006,2.97071423854356e-183,"C01","MarkerC01-062"
1.5161690582304e-187,9.69649298885725,1,0.005,3.03233811646079e-183,"C01","MarkerC01-111"
1.76805605277753e-187,9.59070454341887,1,0.006,3.53611210555506e-183,"C01","MarkerC01-045"
1.94417928491668e-187,9.80483021142942,1,0.005,3.88835856983335e-183,"C01","MarkerC01-100"
1.94426994420804e-187,9.73376430571884,1,0.005,3.88853988841607e-183,"C01","MarkerC01-092"
1.98439804347132e-187,9.61056029355681,1,0.006,3.96879608694264e-183,"C01","MarkerC01-012"
2.05346793383488e-187,9.69804267589949,1,0.005,4.10693586766975e-183,"C01","MarkerC01-119"
2.11745564495258e-187,9.56890155526558,1,0.006,4.23491128990516e-183,"C01","MarkerC01-132"
2.12455513999917e-187,10.0360071064335,1,0.004,4.24911027999834e-183,"C01","MarkerC01-006"
2.15396348898043e-187,9.55182049918955,1,0.006,4.30792697796087e-183,"C01","MarkerC01-017"
2.29050996152517e-187,10.0650086887015,1,0.005,4.58101992305033e-183,"C01","MarkerC01-041"
2.46907355617401e-187,9.78253123611113,1,0.005,4.93814711234803e-183,"C01","MarkerC01-091"
3.07482450716459e-187,9.80775650456906,1,0.005,6.14964901432917e-183,"C01","MarkerC01-011"
3.09573964929622e-187,9.73319599372485,1,0.005,6.19147929859243e-183,"C01","MarkerC01-018"
6.48787539210416e-187,9.71109637062143,1,0.005,1.29757507842083e-182,"C01","MarkerC01-149"
3.13531193980342e-188,9.68369044278702,1,0.005,6.27062387960684e-184,"C02","MarkerC02-038"
3.13533037073708e-188,9.97861151757646,1,0.004,6.27066074147416e-184,"C02","MarkerC02-080"
3.13540409555197e-188,9.80624814275999,1,0.005,6.27080819110393e-184,"C02","MarkerC02-048"
3.13544095860679e-188,9.80809378306976,1,0.005,6.27088191721357e-184,"C02","MarkerC02-127"
3.13545017443723e-188,9.6014560400755,1,0.005,6.27090034887447e-184,"C02","MarkerC02-068"
3.13546860618027e-188,9.83740131341889,1,0.005,6.27093721236055e-184,"C02","MarkerC02-140"
3.13568979550684e-188,9.73063560011842,1,0.006,6.27137959101367e-184,"C02","MarkerC02-028"
4.52252836418572e-188,10.0993827352912,1,0.004,9.04505672837145e-184,"C02","MarkerC02-049"
4.52260798551753e-188,9.90452825751351,1,0.005,9.04521597103506e-184,"C02","MarkerC02-032"
4.52264779670754e-188,9.81059074355595,1,0.005,9.04529559341509e-184,"C02","MarkerC02-110"
4.52264779670754e-188,9.51190717890011,1,0.006,9.04529559341509e-184,"C02","MarkerC02-027"
4.52271414946484e-188,9.8104843853693,1,0.005,9.04542829892968e-184,"C02","MarkerC02-039"
4.52278050319024e-188,9.90420440382123,1,0.004,9.04556100638049e-184,"C02","MarkerC02-138"
4.52279377405191e-188,9.9030150902825,1,0.004,9.04558754810382e-184,"C02","MarkerC02-041"
4.52287340003448e-188,9.62839536747195,1,0.006,9.04574680006895e-184,"C02","MarkerC02-063"
4.52289994233935e-188,9.87893106079033,1,0.005,9.04579988467871e-184,"C02","MarkerC02-090"
4.52291321354919e-188,9.8390553248394,1,0.005,9.04582642709839e-184,"C02","MarkerC02-099"
4.52295302741303e-188,9.66390417567496,1,0.005,9.04590605482605e-184,"C02","MarkerC02-020"
4.52296629877845e-188,9.90224918475156,1,0.005,9.0459325975569e-184,"C02","MarkerC02-075"
4.52304592778451e-188,9.83029375095093,1,0.005,9.04609185556901e-184,"C02","MarkerC02-100"
4.52307247109644e-188,9.67076574472174,1,0.005,9.04614494219288e-184,"C02","MarkerC02-042"
4.52319191792061e-188,9.73518390935662,1,0.005,9.04638383584121e-184,"C02","MarkerC02-150"
4.55386531571821e-188,9.98315545572181,1,0.004,9.10773063143641e-184,"C02","MarkerC02-084"
4.55401229830246e-188,9.61848293238215,1,0.006,9.10802459660491e-184,"C02","MarkerC02-015"
4.55403902291653e-188,9.80629937223516,1,0.005,9.10807804583306e-184,"C02","MarkerC02-058"
4.5540791101297e-188,10.4042004570596,1,0.004,9.10815822025939e-184,"C02","MarkerC02-146"
4.55431964078392e-188,9.80968752632908,1,0.005,9.10863928156783e-184,"C02","MarkerC02-147"
4.58521733619622e-188,9.80390998865918,1,0.005,9.17043467239244e-184,"C02","MarkerC02-088"
4.58524424350468e-188,9.72573829115382,1,0.005,9.17048848700936e-184,"C02","MarkerC02-106"
4.58539223651422e-188,9.65717061797854,1,0.006,9.17078447302845e-184,"C02","MarkerC02-083"
4.58543259906952e-188,9.80101144940991,1,0.005,9.17086519813905e-184,"C02","MarkerC02-148"
4.58551332524046e-188,9.83364922665184,1,0.005,9.17102665048091e-184,"C02","MarkerC02-033"
4.61677140628996e-188,9.98389604850811,1,0.004,9.23354281257993e-184,"C02","MarkerC02-008"
4.71267179140908e-188,10.0383165593028,1,0.005,9.42534358281815e-184,"C02","MarkerC02-144"
4.71268561812849e-188,9.7072069404742,1,0.005,9.42537123625699e-184,"C02","MarkerC02-122"
4.74521329803675e-188,9.62077783704012,1,0.005,9.4904265960735e-184,"C02","MarkerC02-076"
4.81061832012888e-188,9.8111955731265,1,0.005,9.62123664025776e-184,"C02","MarkerC02-129"
5.90859392216046e-188,9.78761700215018,1,0.005,1.18171878443209e-183,"C02","MarkerC02-082"
6.51001271202696e-188,9.80085253046626,1,0.005,1.30200254240539e-183,"C02","MarkerC02-111"
6.51035596962043e-188,9.91764425753072,1,0.005,1.30207119392409e-183,"C02","MarkerC02-065"
6.51037504001664e-188,9.94375740458146,1,0.004,1.30207500800333e-183,"C02","MarkerC02-130"
6.51037504001664e-188,9.90566752859423,1,0.005,1.30207500800333e-183,"C02","MarkerC02-023"
6.51037504001664e-188,9.64971420957603,1,0.006,1.30207500800333e-183,"C02","MarkerC02-047"
6.51045132214998e-188,9.63188990099331,1,0.005,1.30209026443e-183,"C02","MarkerC02-019"
6.51071831662484e-188,9.93014807588544,1,0.005,1.30214366332497e-183,"C02","MarkerC02-012"
6.51073738807648e-188,10.0023542330817,1,0.004,1.3021474776153e-183,"C02","MarkerC02-109"
6.51094717770631e-188,9.82304612876165,1,0.005,1.30218943554126e-183,"C02","MarkerC02-001"
6.51098532199782e-188,9.83001505780051,1,0.005,1.30219706439956e-183,"C02","MarkerC02-026"
6.55504394629781e-188,9.53593201796302,1,0.006,1.31100878925956e-183,"C02","MarkerC02-086"
6.55527436187257e-188,9.89815459648673,1,0.005,1.31105487237451e-183,"C02","MarkerC02-143"
6.60005764042855e-188,10.1723884534262,1,0.004,1.32001152808571e-183,"C02","MarkerC02-131"
6.60021230228785e-188,9.99530112332584,1,0.004,1.32004246045757e-183,"C02","MarkerC02-074"
6.60038630119103e-188,9.7691851000628,1,0.005,1.32007726023821e-183,"C02","MarkerC02-055"
6.60044430183968e-188,9.71226627966183,1,0.005,1.32008886036794e-183,"C02","MarkerC02-069"
6.60048296922116e-188,9.88862161231386,1,0.005,1.32009659384423e-183,"C02","MarkerC02-135"
6.60050230299605e-188,9.85332479020558,1,0.005,1.32010046059921e-183,"C02","MarkerC02-003"
6.60056030465945e-188,9.76351339994864,1,0.005,1.32011206093189e-183,"C02","MarkerC02-120"
6.64557473486124e-188,9.74308145579779,1,0.005,1.32911494697225e-183,"C02","MarkerC02-096"
6.69140536521967e-188,9.64828570062274,1,0.005,1.33828107304393e-183,"C02","MarkerC02-071"
6.71423243215348e-188,9.79317600518789,1,0.005,1.3428464864307e-183,"C02","MarkerC02-134"
6.7833005923572e-188,9.6399621648284,1,0.006,1.35666011847144e-183,"C02","MarkerC02-010"
6.78332046036875e-188,9.89749917734444,1,0.004,1.35666409207375e-183,"C02","MarkerC02-072"
6.78341980128847e-188,9.76971545562448,1,0.005,1.3566839602577e-183,"C02","MarkerC02-060"
6.8772015935761e-188,9.72798230743411,1,0.005,1.37544031871522e-183,"C02","MarkerC02-091"
6.87724187842175e-188,9.80957899976118,1,0.005,1.37544837568435e-183,"C02","MarkerC02-045"
6.92399902785658e-188,9.68776316252869,1,0.005,1.38479980557132e-183,"C02","MarkerC02-066"
6.92428294118033e-188,9.73946190291095,1,0.005,1.38485658823607e-183,"C02","MarkerC02-054"
6.92456686608896e-188,9.79977052099668,1,0.005,1.38491337321779e-183,"C02","MarkerC02-006"
7.1162666343335e-188,9.81267928845132,1,0.005,1.4232533268667e-183,"C02","MarkerC02-126"
7.31463787946094e-188,10.0113046694399,1,0.004,1.46292757589219e-183,"C02","MarkerC02-073"
7.46581905018222e-188,9.49385049140084,1,0.006,1.49316381003644e-183,"C02","MarkerC02-030"
7.51743146327809e-188,9.48292317618627,1,0.006,1.50348629265562e-183,"C02","MarkerC02-040"
7.67320346731036e-188,9.78077070067863,1,0.005,1.53464069346207e-183,"C02","MarkerC02-004"
9.35229105861599e-188,9.61331861963612,1,0.006,1.8704582117232e-183,"C02","MarkerC02-043"
9.35245515243235e-188,9.81240219342285,1,0.005,1.87049103048647e-183,"C02","MarkerC02-064"
9.35259189946947e-188,9.63364156882009,1,0.006,1.87051837989389e-183,"C02","MarkerC02-119"
9.35264659884196e-188,9.60456000826064,1,0.005,1.87052931976839e-183,"C02","MarkerC02-141"
9.35278334866338e-188,10.0840685944826,1,0.004,1.87055666973268e-183,"C02","MarkerC02-024"
9.41634944291428e-188,9.94974235447482,1,0.005,1.88326988858286e-183,"C02","MarkerC02-132"
9.41676248619094e-188,9.64354749782487,1,0.006,1.88335249723819e-183,"C02","MarkerC02-031"
9.4167900230504e-188,9.63585636803779,1,0.005,1.88335800461008e-183,"C02","MarkerC02-105"
9.4167900230504e-188,9.71686848816485,1,0.006,1.88335800461008e-183,"C02","MarkerC02-044"
9.4807906335832e-188,9.9715560575979,1,0.005,1.89615812671664e-183,"C02","MarkerC02-021"
9.48092925268104e-188,9.64489522199419,1,0.006,1.89618585053621e-183,"C02","MarkerC02-114"
9.48131739688896e-188,9.8255765855153,1,0.005,1.89626347937779e-183,"C02","MarkerC02-070"
9.54595144841064e-188,9.63591348886604,1,0.005,1.90919028968213e-183,"C02","MarkerC02-078"
9.54617476071707e-188,9.85566565226637,1,0.005,1.90923495214341e-183,"C02","MarkerC02-094"
9.54620267512077e-188,9.90015680942814,1,0.005,1.90924053502415e-183,"C02","MarkerC02-112"
9.54645390841204e-188,10.0114991160781,1,0.004,1.90929078168241e-183,"C02","MarkerC02-029"
9.61155958150788e-188,9.90738440307652,1,0.005,1.92231191630158e-183,"C02","MarkerC02-139"
9.61158768665966e-188,9.80141364686003,1,0.005,1.92231753733193e-183,"C02","MarkerC02-103"
9.61170010808266e-188,9.77634355014403,1,0.005,1.92234002161653e-183,"C02","MarkerC02-098"
9.61175631928519e-188,9.92478391688399,1,0.005,1.92235126385704e-183,"C02","MarkerC02-149"
9.67668431684707e-188,9.79202026274413,1,0.005,1.93533686336941e-183,"C02","MarkerC02-113"
9.6775049093965e-188,9.73616572789178,1,0.005,1.9355009818793e-183,"C02","MarkerC02-051"
9.67798597860928e-188,9.91952723283495,1,0.005,1.93559719572186e-183,"C02","MarkerC02-052"
9.70995121911196e-188,9.84313123942374,1,0.005,1.94199024382239e-183,"C02","MarkerC02-089"
9.81020940378759e-188,9.81437770919309,1,0.005,1.96204188075752e-183,"C02","MarkerC02-062"
9.81132816724537e-188,9.74752627153763,1,0.005,1.96226563344907e-183,"C02","MarkerC02-116"
9.87815147171003e-188,10.0001800686096,1,0.004,1.97563029434201e-183,"C02","MarkerC02-137"
9.94542937204504e-188,9.89055715084682,1,0.005,1.98908587440901e-183,"C02","MarkerC02-107"
9.94624361892806e-188,10.1253143426983,1,0.004,1.98924872378561e-183,"C02","MarkerC02-036"
9.94682526446818e-188,9.77935791635246,1,0.005,1.98936505289364e-183,"C02","MarkerC02-013"
1.00148631462547e-187,9.64935290011611,1,0.006,2.00297262925095e-183,"C02","MarkerC02-079"
1.008313002649e-187,9.97031828397725,1,0.005,2.016626005298e-183,"C02","MarkerC02-121"
1.01527225040984e-187,9.60115504847321,1,0.005,2.03054450081968e-183,"C02","MarkerC02-117"
1.01878324790883e-187,9.69421402424756,1,0.005,2.03756649581767e-183,"C02","MarkerC02-016"
1.03621496184852e-187,10.1223548723773,1,0.004,2.07242992369704e-183,"C02","MarkerC02-087"
1.03628161207407e-187,9.77356659461798,1,0.005,2.07256322414813e-183,"C02","MarkerC02-128"
1.11349018493058e-187,9.88635582046793,1,0.005,2.22698036986116e-183,"C02","MarkerC02-035"
1.2295488036108e-187,9.83900032384467,1,0.005,2.45909760722161e-183,"C02","MarkerC02-056"
1.34066025052167e-187,9.75967262561154,1,0.005,2.68132050104334e-183,"C02","MarkerC02-025"
1.34066416439733e-187,9.72937804217987,1,0.005,2.68132832879466e-183,"C02","MarkerC02-085"
1.34071113179248e-187,10.0439827599113,1,0.004,2.68142226358495e-183,"C02","MarkerC02-108"
1.34989445845399e-187,9.51739942703903,1,0.006,2.69978891690799e-183,"C02","MarkerC02-124"
1.35915648427428e-187,9.8731345873242,1,0.004,2.71831296854856e-183,"C02","MarkerC02-101"
1.35916441977701e-187,9.80183121285723,1,0.005,2.71832883955402e-183,"C02","MarkerC02-005"
1.39681922978934e-187,9.80658859145171,1,0.005,2.79363845957869e-183,"C02","MarkerC02-002"
1.40155989302035e-187,9.6676950260061,1,0.005,2.8031197860407e-183,"C02","MarkerC02-050"
1.40637409942568e-187,10.0588121608492,1,0.004,2.81274819885136e-183,"C02","MarkerC02-007"
1.45518761865489e-187,9.90396164423662,1,0.005,2.91037523730978e-183,"C02","MarkerC02-123"
1.45525557867924e-187,9.72130477041611,1,0.005,2.91051115735848e-183,"C02","MarkerC02-059"
1.46530806732218e-187,9.87412305299321,1,0.005,2.93061613464435e-183,"C02","MarkerC02-081"
1.49557364246098e-187,10.0569255043852,1,0.004,2.99114728492196e-183,"C02","MarkerC02-142"
1.49561729311193e-187,9.72278335737542,1,0.005,2.99123458622385e-183,"C02","MarkerC02-061"
1.51621773367939e-187,9.69875933983657,1,0.005,3.03243546735878e-183,"C02","MarkerC02-102"
1.54760132339421e-187,9.60475519250646,1,0.006,3.09520264678842e-183,"C02","MarkerC02-095"
1.6457661290435e-187,9.88650939041507,1,0.005,3.291532258087e-183,"C02","MarkerC02-017"
1.79240946402185e-187,9.89063746128071,1,0.004,3.5848189280437e-183,"C02","MarkerC02-057"
1.8109535813435e-187,9.57902382079903,1,0.006,3.621907162687e-183,"C02","MarkerC02-011"
1.83592394088493e-187,9.93732906309274,1,0.004,3.67184788176985e-183,"C02","MarkerC02-136"
1.83592394088493e-187,9.86711734143981,1,0.005,3.67184788176985e-183,"C02","MarkerC02-046"
1.99827538917634e-187,9.99425620920098,1,0.005,3.99655077835268e-183,"C02","MarkerC02-037"
2.01183336365368e-187,9.97055888272545,1,0.005,4.02366672730737e-183,"C02","MarkerC02-022"
2.02559537048961e-187,9.71448476164366,1,0.005,4.05119074097921e-183,"C02","MarkerC02-145"
2.02561307891863e-187,9.84042441812107,1,0.005,4.05122615783727e-183,"C02","MarkerC02-125"
2.03948112189414e-187,9.84198349478371,1,0.005,4.07896224378828e-183,"C02","MarkerC02-014"
2.03953461097318e-187,9.7615318575538,1,0.005,4.07906922194637e-183,"C02","MarkerC02-018"
2.08184489641394e-187,9.89051410009109,1,0.005,4.16368979282787e-183,"C02","MarkerC02-092"
2.09596309717625e-187,10.0049671310657,1,0.004,4.1919261943525e-183,"C02","MarkerC02-067"
2.17632906759301e-187,9.87065443979929,1,0.005,4.35265813518602e-183,"C02","MarkerC02-097"
2.19864472434911e-187,9.82983146132304,1,0.005,4.39728944869822e-183,"C02","MarkerC02-034"
2.73820801640472e-187,9.82184125547017,1,0.005,5.47641603280943e-183,"C02","MarkerC02-077"
2.75688411801397e-187,10.0690406289557,1,0.004,5.51376823602794e-183,"C02","MarkerC02-053"
2.91178527704128e-187,9.78099751051745,1,0.005,5.82357055408256e-183,"C02","MarkerC02-115"
3.95466889995525e-187,9.67077204935983,1,0.005,7.9093377999105e-183,"C02","MarkerC02-104"
4.00913713338261e-187,9.70234090444547,1,0.005,8.01827426676521e-183,"C02","MarkerC02-009"
4.72183612345869e-187,9.80276875916959,1,0.005,9.44367224691737e-183,"C02","MarkerC02-093"
4.72198693358502e-187,9.60832631078614,1,0.006,9.44397386717004e-183,"C02","MarkerC02-118"
9.82082319028792e-187,9.81408395883627,1,0.005,1.96416463805758e-182,"C02","MarkerC02-133"
3.13536723292939e-188,9.83807703236251,1,0.005,6.27073446585877e-184,"C03","MarkerC03-034"
3.13537644854437e-188,9.73948385369969,1,0.005,6.27075289708873e-184,"C03","MarkerC03-086"
3.13541331127517e-188,9.80844682651705,1,0.005,6.27082662255034e-184,"C03","MarkerC03-025"
3.13544095860679e-188,9.69488989942807,1,0.005,6.27088191721357e-184,"C03","MarkerC03-093"
3.13546860618027e-188,9.70085229003193,1,0.005,6.27093721236055e-184,"C03","MarkerC03-145"
3.13548703803121e-188,9.67363230348347,1,0.005,6.27097407606243e-184,"C03","MarkerC03-149"
3.13549625399662e-188,9.90429440834507,1,0.005,6.27099250799323e-184,"C03","MarkerC03-143"
3.13558841513777e-188,9.99070600353508,1,0.004,6.27117683027555e-184,"C03","MarkerC03-010"
3.13558841513777e-188,9.8309826904703,1,0.005,6.27117683027555e-184,"C03","MarkerC03-050"
3.13562528034896e-188,9.97882366589908,1,0.004,6.27125056069793e-184,"C03","MarkerC03-096"
3.13562528034896e-188,9.97661327943047,1,0.004,6.27125056069793e-184,"C03","MarkerC03-144"
3.13564371311658e-188,9.88992473778335,1,0.005,6.27128742623315e-184,"C03","MarkerC03-091"
3.13567136246995e-188,9.94661720428367,1,0.005,6.2713427249399e-184,"C03","MarkerC03-046"
3.13576352873345e-188,10.0345971842856,1,0.004,6.2715270574669e-184,"C03","MarkerC03-065"
4.52250182405136e-188,9.94184335101512,1,0.005,9.04500364810272e-184,"C03","MarkerC03-018"
4.52267433769378e-188,9.77555558543863,1,0.005,9.04534867538756e-184,"C03","MarkerC03-038"
4.52274069083813e-188,10.0758857747897,1,0.005,9.04548138167626e-184,"C03","MarkerC03-009"
4.52275396158312e-188,9.84639746940067,1,0.005,9.04550792316624e-184,"C03","MarkerC03-140"
4.52278050319024e-188,9.84413687922197,1,0.005,9.04556100638049e-184,"C03","MarkerC03-099"
4.52284685788518e-188,9.80054378456532,1,0.005,9.04569371577036e-184,"C03","MarkerC03-076"
4.52291321354919e-188,10.349083344961,1,0.004,9.04582642709839e-184,"C03","MarkerC03-027"
4.5229397560865e-188,9.73309209590137,1,0.005,9.045879512173e-184,"C03","MarkerC03-136"
4.52295302741303e-188,9.66610871806817,1,0.006,9.04590605482605e-184,"C03","MarkerC03-127"
4.52301938462769e-188,9.89590783275316,1,0.005,9.04603876925537e-184,"C03","MarkerC03-022"
4.52304592778451e-188,9.81122991430984,1,0.005,9.04609185556901e-184,"C03","MarkerC03-033"
4.52307247109644e-188,9.73538210850261,1,0.005,9.04614494219288e-184,"C03","MarkerC03-066"
4.52311228635583e-188,10.1396062960484,1,0.004,9.04622457271166e-184,"C03","MarkerC03-100"
4.52311228635583e-188,9.6080327977857,1,0.006,9.04622457271166e-184,"C03","MarkerC03-132"
4.52315210196342e-188,9.86502904788962,1,0.005,9.04630420392683e-184,"C03","MarkerC03-117"
4.52315210196342e-188,9.80817525087746,1,0.005,9.04630420392683e-184,"C03","MarkerC03-146"
4.5536782538037e-188,9.83102896369892,1,0.005,9.1073565076074e-184,"C03","MarkerC03-085"
4.55395884954425e-188,9.97422775403797,1,0.005,9.10791769908849e-184,"C03","MarkerC03-019"
4.55395884954425e-188,9.83319538484973,1,0.005,9.10791769908849e-184,"C03","MarkerC03-113"
4.5539989360544e-188,9.80916580628801,1,0.005,9.1079978721088e-184,"C03","MarkerC03-016"
4.55411919769438e-188,9.86740669983238,1,0.005,9.10823839538875e-184,"C03","MarkerC03-014"
4.55418601108148e-188,9.86974191149545,1,0.005,9.10837202216295e-184,"C03","MarkerC03-089"
4.58524424350468e-188,9.81294079587014,1,0.005,9.17048848700936e-184,"C03","MarkerC03-109"
4.58533842032394e-188,10.2059676974353,1,0.004,9.17067684064788e-184,"C03","MarkerC03-036"
4.61671722267777e-188,9.78905171337242,1,0.005,9.23343444535555e-184,"C03","MarkerC03-133"
4.61678495229106e-188,9.74180215448991,1,0.005,9.23356990458212e-184,"C03","MarkerC03-054"
4.81071711486925e-188,9.78202696662975,1,0.005,9.6214342297385e-184,"C03","MarkerC03-031"
5.44229495865286e-188,9.89587153541988,1,0.005,1.08845899173057e-183,"C03","MarkerC03-049"
5.86817063811051e-188,9.72158432015382,1,0.005,1.1736341276221e-183,"C03","MarkerC03-053"
6.51037504001664e-188,9.94348179291087,1,0.005,1.30207500800333e-183,"C03","MarkerC03-063"
6.51039411046662e-188,10.0756105555146,1,0.005,1.30207882209332e-183,"C03","MarkerC03-092"
6.51041318097104e-188,9.84056616956087,1,0.005,1.30208263619421e-183,"C03","MarkerC03-072"
6.51041318097104e-188,9.79403777059741,1,0.005,1.30208263619421e-183,"C03","MarkerC03-110"
6.51047039282179e-188,9.78867085951588,1,0.005,1.30209407856436e-183,"C03","MarkerC03-013"
6.51054667606905e-188,9.80257534888442,1,0.005,1.30210933521381e-183,"C03","MarkerC03-135"
6.51054667606905e-188,9.91175737683284,1,0.005,1.30210933521381e-183,"C03","MarkerC03-148"
6.51062296020501e-188,9.94395937680132,1,0.004,1.302124592041e-183,"C03","MarkerC03-007"
6.51062296020501e-188,9.76869421493212,1,0.005,1.302124592041e-183,"C03","MarkerC03-103"
6.51064203137629e-188,9.76759022768485,1,0.005,1.30212840627526e-183,"C03","MarkerC03-079"
6.51071831662484e-188,9.85622391949988,1,0.005,1.30214366332497e-183,"C03","MarkerC03-142"
6.51079460276212e-188,10.0444406786826,1,0.004,1.30215892055242e-183,"C03","MarkerC03-102"
6.51081367443628e-188,9.75466203537471,1,0.005,1.30216273488726e-183,"C03","MarkerC03-090"
6.51087088978882e-188,9.89343799073644,1,0.005,1.30217417795776e-183,"C03","MarkerC03-088"
6.51088996168551e-188,9.87287618749932,1,0.005,1.3021779923371e-183,"C03","MarkerC03-028"
6.51106161124913e-188,9.92338334359289,1,0.005,1.30221232224983e-183,"C03","MarkerC03-029"
6.51113790138989e-188,9.88572797124732,1,0.005,1.30222758027798e-183,"C03","MarkerC03-002"
6.5551591530767e-188,9.96137427500627,1,0.004,1.31103183061534e-183,"C03","MarkerC03-045"
6.55519755578394e-188,9.60997416348954,1,0.005,1.31103951115679e-183,"C03","MarkerC03-080"
6.55521675722285e-188,10.0864995819178,1,0.004,1.31104335144457e-183,"C03","MarkerC03-015"
6.55521675722285e-188,9.71198266775374,1,0.005,1.31104335144457e-183,"C03","MarkerC03-071"
6.55533196702586e-188,9.85952342816424,1,0.005,1.31106639340517e-183,"C03","MarkerC03-035"
6.55565840574449e-188,9.90736985830531,1,0.005,1.3111316811489e-183,"C03","MarkerC03-130"
6.55567760852561e-188,9.66913869062433,1,0.005,1.31113552170512e-183,"C03","MarkerC03-087"
6.60003830794981e-188,9.69465806247966,1,0.006,1.32000766158996e-183,"C03","MarkerC03-060"
6.60032830104939e-188,9.82220221977074,1,0.005,1.32006566020988e-183,"C03","MarkerC03-070"
6.60034763437314e-188,9.68518391175099,1,0.005,1.32006952687463e-183,"C03","MarkerC03-039"
6.60036696775483e-188,9.72025530928532,1,0.005,1.32007339355097e-183,"C03","MarkerC03-052"
6.6006569752261e-188,9.79570231875483,1,0.005,1.32013139504522e-183,"C03","MarkerC03-012"
6.60073431269392e-188,9.74613514438587,1,0.005,1.32014686253878e-183,"C03","MarkerC03-008"
6.60075364720144e-188,9.6483599768921,1,0.005,1.32015072944029e-183,"C03","MarkerC03-120"
6.64576939289371e-188,9.60824954980041,1,0.005,1.32915387857874e-183,"C03","MarkerC03-138"
6.64586672403698e-188,9.62771872822495,1,0.005,1.3291733448074e-183,"C03","MarkerC03-097"
6.6460419236732e-188,9.87927124481985,1,0.005,1.32920838473464e-183,"C03","MarkerC03-098"
6.69140536521967e-188,9.69112691408361,1,0.005,1.33828107304393e-183,"C03","MarkerC03-137"
6.78332046036875e-188,9.88776009771659,1,0.005,1.35666409207375e-183,"C03","MarkerC03-058"
6.78359861859476e-188,9.97550519232081,1,0.004,1.35671972371895e-183,"C03","MarkerC03-004"
6.78407548768335e-188,9.82021394611678,1,0.005,1.35681509753667e-183,"C03","MarkerC03-104"
6.8303399774169e-188,9.87080081560056,1,0.005,1.36606799548338e-183,"C03","MarkerC03-030"
6.8306800781869e-188,9.93619137178707,1,0.005,1.36613601563738e-183,"C03","MarkerC03-107"
6.87714116674884e-188,9.9476608589373,1,0.005,1.37542823334977e-183,"C03","MarkerC03-020"
6.87722173596946e-188,9.78269707018199,1,0.005,1.37544434719389e-183,"C03","MarkerC03-128"
6.87726202093296e-188,10.0148929844459,1,0.005,1.37545240418659e-183,"C03","MarkerC03-047"
6.90082342857213e-188,9.89250003002631,1,0.005,1.38016468571443e-183,"C03","MarkerC03-078"
6.92485080258798e-188,9.86603560472912,1,0.005,1.3849701605176e-183,"C03","MarkerC03-082"
6.97158414059939e-188,9.69600140927933,1,0.005,1.39431682811988e-183,"C03","MarkerC03-123"
6.97244175542321e-188,9.90853569072547,1,0.004,1.39448835108464e-183,"C03","MarkerC03-041"
7.16557023893464e-188,9.82300991822246,1,0.005,1.43311404778693e-183,"C03","MarkerC03-101"
7.26437363434707e-188,9.84693708012404,1,0.005,1.45287472686941e-183,"C03","MarkerC03-074"
7.26452255118135e-188,10.0128782649452,1,0.005,1.45290451023627e-183,"C03","MarkerC03-114"
7.31438083834991e-188,10.0431334411946,1,0.004,1.46287616766998e-183,"C03","MarkerC03-023"
7.41473427791852e-188,9.81447930381199,1,0.005,1.4829468555837e-183,"C03","MarkerC03-106"
9.35215431595687e-188,9.77295582317655,1,0.005,1.87043086319137e-183,"C03","MarkerC03-081"
9.35229105861599e-188,10.2201481221412,1,0.004,1.8704582117232e-183,"C03","MarkerC03-116"
9.35240045417533e-188,9.97539471023482,1,0.005,1.87048009083507e-183,"C03","MarkerC03-005"
9.35240045417533e-188,9.80872909070633,1,0.005,1.87048009083507e-183,"C03","MarkerC03-150"
9.35245515243235e-188,9.77116056278834,1,0.005,1.87049103048647e-183,"C03","MarkerC03-048"
9.35259189946947e-188,9.9195991515163,1,0.005,1.87051837989389e-183,"C03","MarkerC03-040"
9.35259189946947e-188,9.68296407859707,1,0.005,1.87051837989389e-183,"C03","MarkerC03-095"
9.35283804915135e-188,9.98513064945184,1,0.004,1.87056760983027e-183,"C03","MarkerC03-061"
9.41651465806043e-188,9.81953014288131,1,0.005,1.88330293161209e-183,"C03","MarkerC03-122"
9.41670741271233e-188,9.79600604125422,1,0.005,1.88334148254247e-183,"C03","MarkerC03-037"
9.48090152869913e-188,9.96331220202373,1,0.005,1.89618030573983e-183,"C03","MarkerC03-017"
9.61125043024192e-188,9.70622263230704,1,0.006,1.92225008604838e-183,"C03","MarkerC03-131"
9.61226223483198e-188,9.9729635281898,1,0.004,1.9224524469664e-183,"C03","MarkerC03-111"
9.612290342029e-188,9.84294890057608,1,0.005,1.9224580684058e-183,"C03","MarkerC03-141"
9.81086917200353e-188,9.4967228528671,1,0.006,1.96217383440071e-183,"C03","MarkerC03-147"
9.91248693326352e-188,9.49463333570169,1,0.006,1.9824973866527e-183,"C03","MarkerC03-077"
1.00833363936776e-187,9.83060540414205,1,0.005,2.01666727873552e-183,"C03","MarkerC03-044"
1.02219877822588e-187,9.82159592347644,1,0.005,2.04439755645175e-183,"C03","MarkerC03-057"
1.02224659655443e-187,9.88234984098574,1,0.005,2.04449319310887e-183,"C03","MarkerC03-062"
1.04345806958096e-187,9.76496380548501,1,0.005,2.08691613916191e-183,"C03","MarkerC03-121"
1.04349772792279e-187,9.61395689562092,1,0.006,2.08699545584557e-183,"C03","MarkerC03-073"
1.3406171986399e-187,9.61762862576996,1,0.006,2.68123439727979e-183,"C03","MarkerC03-124"
1.34065633665743e-187,9.71712076308254,1,0.006,2.68131267331486e-183,"C03","MarkerC03-075"
1.34069938979014e-187,9.65794861223946,1,0.005,2.68139877958027e-183,"C03","MarkerC03-069"
1.34072678795468e-187,10.0199727250713,1,0.004,2.68145357590936e-183,"C03","MarkerC03-026"
1.36843005210355e-187,9.61998424547846,1,0.005,2.73686010420709e-183,"C03","MarkerC03-055"
1.3684460311904e-187,9.59181800946125,1,0.006,2.73689206238081e-183,"C03","MarkerC03-006"
1.36849396956607e-187,9.68187164962354,1,0.005,2.73698793913213e-183,"C03","MarkerC03-059"
1.38721986077016e-187,9.79259220490043,1,0.005,2.77443972154033e-183,"C03","MarkerC03-032"
1.41108948630693e-187,9.54803852757838,1,0.006,2.82217897261387e-183,"C03","MarkerC03-126"
1.41584546230426e-187,9.69845948085134,1,0.005,2.83169092460853e-183,"C03","MarkerC03-064"
1.41596945280111e-187,9.70283607881099,1,0.005,2.83193890560223e-183,"C03","MarkerC03-115"
1.42578833607409e-187,9.56614845257196,1,0.006,2.85157667214818e-183,"C03","MarkerC03-001"
1.43554951352238e-187,9.7914575551243,1,0.005,2.87109902704477e-183,"C03","MarkerC03-067"
1.46869886848185e-187,9.78096749721796,1,0.005,2.93739773696371e-183,"C03","MarkerC03-119"
1.47532225810431e-187,9.7095109029094,1,0.005,2.95064451620862e-183,"C03","MarkerC03-125"
1.67986710865584e-187,9.86006368059427,1,0.005,3.35973421731169e-183,"C03","MarkerC03-112"
1.7621030557824e-187,9.63089829531213,1,0.005,3.52420611156479e-183,"C03","MarkerC03-134"
1.94421894783914e-187,9.66096995103844,1,0.005,3.88843789567827e-183,"C03","MarkerC03-129"
1.98460045909423e-187,9.92813525691478,1,0.005,3.96920091818845e-183,"C03","MarkerC03-068"
2.01193303326223e-187,9.83173559089005,1,0.005,4.02386606652446e-183,"C03","MarkerC03-021"
2.01195062252676e-187,9.7532540592173,1,0.005,4.02390124505353e-183,"C03","MarkerC03-011"
2.11046593874992e-187,9.60794309672792,1,0.005,4.22093187749984e-183,"C03","MarkerC03-042"
2.1985806669065e-187,9.75895159770994,1,0.005,4.397161333813e-183,"C03","MarkerC03-003"
2.19858707256724e-187,9.70240297237242,1,0.005,4.39717414513448e-183,"C03","MarkerC03-083"
2.22881763264784e-187,9.67677725284494,1,0.005,4.45763526529568e-183,"C03","MarkerC03-094"
2.41913589539189e-187,9.60306654123512,1,0.006,4.83827179078378e-183,"C03","MarkerC03-118"
2.75680390578492e-187,9.72412982581737,1,0.005,5.51360781156985e-183,"C03","MarkerC03-084"
2.83328990501556e-187,9.93602164097235,1,0.005,5.66657981003111e-183,"C03","MarkerC03-056"
2.85265524271082e-187,9.66415268592301,1,0.005,5.70531048542164e-183,"C03","MarkerC03-108"
2.85277973532075e-187,9.6554350064609,1,0.006,5.70555947064149e-183,"C03","MarkerC03-024"
2.96181917581754e-187,9.62951043943694,1,0.005,5.92363835163509e-183,"C03","MarkerC03-051"
2.99210453423485e-187,9.83804385414057,1,0.005,5.9842090684697e-183,"C03","MarkerC03-105"
4.5674698571014e-187,9.58606116375959,1,0.006,9.1349397142028e-183,"C03","MarkerC03-043"
5.33765292933872e-187,9.94224125651263,1,0.004,1.06753058586774e-182,"C03","MarkerC03-139"
3.13525664764849e-188,9.88722369544235,1,0.005,6.27051329529699e-184,"C04","MarkerC04-033"
3.13537644854437e-188,9.67976977440906,1,0.005,6.27075289708873e-184,"C04","MarkerC04-088"
3.13543174280274e-188,9.9369397041299,1,0.005,6.27086348560548e-184,"C04","MarkerC04-107"
3.13550546998973e-188,9.74979511698102,1,0.005,6.27101093997945e-184,"C04","MarkerC04-045"
3.13550546998973e-188,9.90829755904208,1,0.005,6.27101093997945e-184,"C04","MarkerC04-083"
3.13553311812944e-188,10.0628350390139,1,0.004,6.27106623625888e-184,"C04","MarkerC04-149"
3.13555155035754e-188,10.0818580638861,1,0.004,6.27110310071508e-184,"C04","MarkerC04-103"
3.13558841513777e-188,9.6073260095751,1,0.006,6.27117683027555e-184,"C04","MarkerC04-128"
3.13559763139982e-188,9.74481469689596,1,0.005,6.27119526279964e-184,"C04","MarkerC04-015"
3.13559763139982e-188,9.92314052300823,1,0.005,6.27119526279964e-184,"C04","MarkerC04-118"
3.13564371311658e-188,9.93452415939871,1,0.005,6.27128742623315e-184,"C04","MarkerC04-073"
3.13566214599144e-188,9.65960453789249,1,0.005,6.27132429198288e-184,"C04","MarkerC04-071"
3.13568979550684e-188,9.80787909790011,1,0.005,6.27137959101367e-184,"C04","MarkerC04-108"
4.52270087883512e-188,9.72469146161398,1,0.005,9.04540175767024e-184,"C04","MarkerC04-102"
4.52272742013251e-188,9.92726413070728,1,0.005,9.04545484026502e-184,"C04","MarkerC04-132"
4.52276723236747e-188,9.91790494362011,1,0.005,9.04553446473494e-184,"C04","MarkerC04-059"
4.52280704495247e-188,10.1542049164948,1,0.004,9.04561408990495e-184,"C04","MarkerC04-086"
4.52283358686887e-188,10.1108350369807,1,0.004,9.04566717373775e-184,"C04","MarkerC04-106"
4.52284685788518e-188,9.68120788435472,1,0.005,9.04569371577036e-184,"C04","MarkerC04-097"
4.52286012894085e-188,9.80212012817533,1,0.005,9.0457202578817e-184,"C04","MarkerC04-122"
4.52287340003448e-188,9.97871372148244,1,0.005,9.04574680006895e-184,"C04","MarkerC04-098"
4.52287340003448e-188,9.98047991139453,1,0.005,9.04574680006895e-184,"C04","MarkerC04-143"
4.52291321354919e-188,9.91033019720625,1,0.005,9.04582642709839e-184,"C04","MarkerC04-142"
4.52304592778451e-188,10.1335701995361,1,0.004,9.04609185556901e-184,"C04","MarkerC04-078"
4.52304592778451e-188,9.94313259714222,1,0.005,9.04609185556901e-184,"C04","MarkerC04-067"
4.52307247109644e-188,9.64615245465442,1,0.005,9.04614494219288e-184,"C04","MarkerC04-070"
4.52309901456443e-188,9.99205347946348,1,0.005,9.04619802912887e-184,"C04","MarkerC04-114"
4.52320518998241e-188,9.68493744278777,1,0.006,9.04641037996481e-184,"C04","MarkerC04-069"
4.52327155087958e-188,9.57553916831908,1,0.005,9.04654310175916e-184,"C04","MarkerC04-112"
4.53852936684203e-188,9.90080390534487,1,0.005,9.07705873368405e-184,"C04","MarkerC04-150"
4.5539855738455e-188,9.74056043054461,1,0.005,9.107971147691e-184,"C04","MarkerC04-022"
4.55401229830246e-188,9.74292063060161,1,0.005,9.10802459660491e-184,"C04","MarkerC04-095"
4.55401229830246e-188,9.66684159582637,1,0.005,9.10802459660491e-184,"C04","MarkerC04-135"
4.55409247261225e-188,9.98814854664954,1,0.005,9.10818494522451e-184,"C04","MarkerC04-089"
4.554132560293e-188,9.96346385026709,1,0.004,9.10826512058599e-184,"C04","MarkerC04-018"
4.55431964078392e-188,9.79663764672002,1,0.005,9.10863928156783e-184,"C04","MarkerC04-144"
4.58474648372668e-188,9.84751625460406,1,0.005,9.16949296745336e-184,"C04","MarkerC04-110"
4.58497517748656e-188,9.73503935052656,1,0.005,9.16995035497311e-184,"C04","MarkerC04-025"
4.61670367687325e-188,9.9055126658626,1,0.005,9.23340735374651e-184,"C04","MarkerC04-065"
4.61673076852151e-188,9.80424345527958,1,0.005,9.23346153704303e-184,"C04","MarkerC04-053"
4.61683913669434e-188,9.94086055576373,1,0.005,9.23367827338869e-184,"C04","MarkerC04-124"
4.64846053360204e-188,9.73102849097057,1,0.005,9.29692106720407e-184,"C04","MarkerC04-084"
4.6805591720477e-188,9.61024130350167,1,0.006,9.3611183440954e-184,"C04","MarkerC04-127"
4.71267179140908e-188,9.71684277951067,1,0.005,9.42534358281815e-184,"C04","MarkerC04-117"
4.71269944488696e-188,9.8942624999616,1,0.005,9.42539888977392e-184,"C04","MarkerC04-080"
4.74517153237325e-188,10.0151090168766,1,0.005,9.4903430647465e-184,"C04","MarkerC04-050"
4.81032194802521e-188,9.75020985341219,1,0.005,9.62064389605043e-184,"C04","MarkerC04-004"
4.86033005492166e-188,9.80797829879873,1,0.005,9.72066010984331e-184,"C04","MarkerC04-055"
4.87702393462644e-188,9.91427276853365,1,0.005,9.75404786925288e-184,"C04","MarkerC04-126"
4.91079979972204e-188,9.70817450763056,1,0.005,9.82159959944407e-184,"C04","MarkerC04-039"
4.97814854106962e-188,10.1309301625543,1,0.004,9.95629708213924e-184,"C04","MarkerC04-026"
5.59287026033443e-188,9.77468670943562,1,0.005,1.11857405206689e-183,"C04","MarkerC04-131"
6.51010805955184e-188,9.79077339467652,1,0.005,1.30202161191037e-183,"C04","MarkerC04-111"
6.51020340846685e-188,9.80825047242516,1,0.005,1.30204068169337e-183,"C04","MarkerC04-010"
6.51047039282179e-188,9.75853005720764,1,0.005,1.30209407856436e-183,"C04","MarkerC04-099"
6.51054667606905e-188,9.74623609466943,1,0.005,1.30210933521381e-183,"C04","MarkerC04-129"
6.51068017388965e-188,9.90031964420252,1,0.005,1.30213603477793e-183,"C04","MarkerC04-094"
6.51068017388965e-188,9.52049845650614,1,0.006,1.30213603477793e-183,"C04","MarkerC04-014"
6.51068017388965e-188,9.63509478832243,1,0.006,1.30213603477793e-183,"C04","MarkerC04-137"
6.51071831662484e-188,9.68207786000215,1,0.005,1.30214366332497e-183,"C04","MarkerC04-040"
6.51081367443628e-188,9.9447727275525,1,0.005,1.30216273488726e-183,"C04","MarkerC04-115"
6.51087088978882e-188,9.75785848328611,1,0.005,1.30217417795776e-183,"C04","MarkerC04-123"
6.55454474020597e-188,9.98098466871367,1,0.005,1.31090894804119e-183,"C04","MarkerC04-030"
6.55490954093554e-188,9.63774684990817,1,0.005,1.31098190818711e-183,"C04","MarkerC04-011"
6.5554279767335e-188,9.56490105284283,1,0.005,1.3110855953467e-183,"C04","MarkerC04-076"
6.55552398784158e-188,9.75689562999296,1,0.005,1.31110479756832e-183,"C04","MarkerC04-063"
6.55562000034944e-188,9.80819421784836,1,0.005,1.31112400006989e-183,"C04","MarkerC04-021"
6.6003089677822e-188,9.68546191937332,1,0.005,1.32006179355644e-183,"C04","MarkerC04-019"
6.69146416381604e-188,9.74822852893575,1,0.005,1.33829283276321e-183,"C04","MarkerC04-109"
6.73707808221235e-188,9.70325615062634,1,0.005,1.34741561644247e-183,"C04","MarkerC04-136"
6.73727541421267e-188,9.69507308611018,1,0.005,1.34745508284253e-183,"C04","MarkerC04-074"
6.73733461493447e-188,9.931127355887,1,0.005,1.34746692298689e-183,"C04","MarkerC04-049"
6.73733461493447e-188,9.70413699726611,1,0.005,1.34746692298689e-183,"C04","MarkerC04-087"
6.83035998287821e-188,9.94634486975208,1,0.005,1.36607199657564e-183,"C04","MarkerC04-043"
6.83052002866572e-188,9.82863426268531,1,0.005,1.36610400573314e-183,"C04","MarkerC04-017"
6.83062005917776e-188,9.99212740875443,1,0.005,1.36612401183555e-183,"C04","MarkerC04-085"
7.01972204051535e-188,9.79035910157567,1,0.005,1.40394440810307e-183,"C04","MarkerC04-056"
7.01980427620888e-188,9.80794295046609,1,0.005,1.40396085524178e-183,"C04","MarkerC04-113"
7.16552826917072e-188,9.60444380155802,1,0.006,1.43310565383414e-183,"C04","MarkerC04-072"
7.21470792363582e-188,9.84190070391832,1,0.005,1.44294158472716e-183,"C04","MarkerC04-005"
7.2639269020745e-188,9.74997788249527,1,0.005,1.4527853804149e-183,"C04","MarkerC04-096"
7.5430067043711e-188,9.8817993127303,1,0.005,1.50860134087422e-183,"C04","MarkerC04-064"
9.35160736522227e-188,10.0316873611275,1,0.005,1.87032147304445e-183,"C04","MarkerC04-031"
9.35163471200258e-188,9.73235044412351,1,0.005,1.87032694240052e-183,"C04","MarkerC04-148"
9.35201757528796e-188,9.81592911802938,1,0.005,1.87040351505759e-183,"C04","MarkerC04-146"
9.35212696766371e-188,9.96901166460044,1,0.005,1.87042539353274e-183,"C04","MarkerC04-062"
9.35220901278184e-188,9.64532895748828,1,0.005,1.87044180255637e-183,"C04","MarkerC04-027"
9.35256454990306e-188,9.96939171728432,1,0.005,1.87051290998061e-183,"C04","MarkerC04-075"
9.35261924911578e-188,9.95363652130227,1,0.004,1.87052384982316e-183,"C04","MarkerC04-130"
9.41629437183971e-188,10.067558005679,1,0.004,1.88325887436794e-183,"C04","MarkerC04-077"
9.41632190733678e-188,9.85457673761205,1,0.005,1.88326438146736e-183,"C04","MarkerC04-028"
9.4167900230504e-188,9.65364972908117,1,0.005,1.88335800461008e-183,"C04","MarkerC04-138"
9.41731323861034e-188,9.7829035017776,1,0.005,1.88346264772207e-183,"C04","MarkerC04-038"
9.48081835724121e-188,9.58566030633851,1,0.006,1.89616367144824e-183,"C04","MarkerC04-061"
9.48153920068166e-188,9.80630103593959,1,0.005,1.89630784013633e-183,"C04","MarkerC04-116"
9.54581188085938e-188,9.96452544850001,1,0.005,1.90916237617188e-183,"C04","MarkerC04-042"
9.54597936216409e-188,9.68496825694224,1,0.005,1.90919587243282e-183,"C04","MarkerC04-006"
9.54600727599906e-188,10.1871512171778,1,0.004,1.90920145519981e-183,"C04","MarkerC04-046"
9.54625850417276e-188,9.82966593194582,1,0.005,1.90925170083455e-183,"C04","MarkerC04-141"
9.54648182362808e-188,9.80296911119433,1,0.005,1.90929636472562e-183,"C04","MarkerC04-044"
9.61139095231799e-188,9.68522718600707,1,0.006,1.9222781904636e-183,"C04","MarkerC04-145"
9.61175631928519e-188,9.80697869086837,1,0.005,1.92235126385704e-183,"C04","MarkerC04-036"
9.67807087564727e-188,9.54304362003145,1,0.006,1.93561417512945e-183,"C04","MarkerC04-024"
9.6781557734261e-188,9.68195176134376,1,0.005,1.93563115468522e-183,"C04","MarkerC04-139"
9.74395914247793e-188,9.71199094542625,1,0.005,1.94879182849559e-183,"C04","MarkerC04-104"
9.81092654524104e-188,9.83330259990396,1,0.005,1.96218530904821e-183,"C04","MarkerC04-034"
9.81118472893612e-188,10.1522382274952,1,0.004,1.96223694578722e-183,"C04","MarkerC04-023"
9.87855583920688e-188,9.68148784407622,1,0.006,1.97571116784138e-183,"C04","MarkerC04-029"
9.91182034750189e-188,9.9176616983421,1,0.005,1.98236406950038e-183,"C04","MarkerC04-047"
9.94624361892806e-188,9.84720882138914,1,0.005,1.98924872378561e-183,"C04","MarkerC04-032"
9.94644719101645e-188,10.1025451613471,1,0.004,1.98928943820329e-183,"C04","MarkerC04-016"
1.00836901757821e-187,9.60252446184762,1,0.005,2.01673803515641e-183,"C04","MarkerC04-147"
1.0153078714947e-187,9.60213572686893,1,0.006,2.0306157429894e-183,"C04","MarkerC04-012"
1.02919958689536e-187,9.48070878993753,1,0.006,2.05839917379072e-183,"C04","MarkerC04-035"
1.03631493878692e-187,9.96315971619737,1,0.004,2.07262987757383e-183,"C04","MarkerC04-120"
1.04343061468448e-187,9.72677132684045,1,0.005,2.08686122936895e-183,"C04","MarkerC04-001"
1.08708182535385e-187,9.93359436180783,1,0.005,2.17416365070769e-183,"C04","MarkerC04-082"
1.13267943336051e-187,9.8021370980428,1,0.005,2.26535886672102e-183,"C04","MarkerC04-093"
1.1482690512987e-187,10.0924161994062,1,0.005,2.29653810259741e-183,"C04","MarkerC04-090"
1.22114408331377e-187,9.73597271594323,1,0.005,2.44228816662754e-183,"C04","MarkerC04-066"
1.2464445529688e-187,9.99566856133787,1,0.004,2.4928891059376e-183,"C04","MarkerC04-101"
1.32558510280311e-187,9.82363512829853,1,0.005,2.65117020560623e-183,"C04","MarkerC04-091"
1.34058588904463e-187,9.68024376355761,1,0.005,2.68117177808926e-183,"C04","MarkerC04-054"
1.34064068131402e-187,9.57851829913537,1,0.006,2.68128136262805e-183,"C04","MarkerC04-081"
1.34069156184536e-187,9.94147128699733,1,0.005,2.68138312369073e-183,"C04","MarkerC04-068"
1.34069938979014e-187,9.9786633366725,1,0.005,2.68139877958027e-183,"C04","MarkerC04-058"
1.34071113179248e-187,10.0710983878467,1,0.005,2.68142226358495e-183,"C04","MarkerC04-051"
1.34072287389711e-187,9.76689881888666,1,0.005,2.68144574779423e-183,"C04","MarkerC04-134"
1.34072287389711e-187,9.7018295896393,1,0.006,2.68144574779423e-183,"C04","MarkerC04-008"
1.34990628079892e-187,9.84388277367302,1,0.005,2.69981256159785e-183,"C04","MarkerC04-119"
1.36847000016949e-187,9.98556444405857,1,0.005,2.73694000033898e-183,"C04","MarkerC04-133"
1.36853391948892e-187,9.6811669278622,1,0.005,2.73706783897785e-183,"C04","MarkerC04-041"
1.3777949740271e-187,9.97271338959399,1,0.005,2.75558994805421e-183,"C04","MarkerC04-037"
1.39687631492476e-187,9.65893321958193,1,0.006,2.79375262984953e-183,"C04","MarkerC04-100"
1.42571758739329e-187,9.7368201393327,1,0.005,2.85143517478659e-183,"C04","MarkerC04-002"
1.5264457849413e-187,9.78012007200562,1,0.005,3.0528915698826e-183,"C04","MarkerC04-092"
1.57967522453433e-187,9.74889725109598,1,0.005,3.15935044906867e-183,"C04","MarkerC04-007"
1.91794497090027e-187,9.72401683855424,1,0.005,3.83588994180053e-183,"C04","MarkerC04-105"
1.93113862992527e-187,9.8804086977872,1,0.005,3.86227725985055e-183,"C04","MarkerC04-052"
1.9576159541728e-187,9.91226474016167,1,0.005,3.9152319083456e-183,"C04","MarkerC04-121"
1.99826374250027e-187,9.66164065961666,1,0.005,3.99652748500055e-183,"C04","MarkerC04-057"
2.02565439918638e-187,9.68837284395639,1,0.005,4.05130879837276e-183,"C04","MarkerC04-125"
2.02570162337655e-187,9.7862764867178,1,0.006,4.05140324675309e-183,"C04","MarkerC04-048"
2.13933662098473e-187,9.82877274557654,1,0.005,4.27867324196946e-183,"C04","MarkerC04-020"
2.15389445453377e-187,9.87838038583135,1,0.005,4.30778890906755e-183,"C04","MarkerC04-013"
2.15406390665276e-187,9.6153616485831,1,0.005,4.30812781330551e-183,"C04","MarkerC04-140"
2.16867760770183e-187,10.0033045470822,1,0.005,4.33735521540365e-183,"C04","MarkerC04-060"
3.15992052748505e-187,9.76104076008872,1,0.005,6.31984105497011e-183,"C04","MarkerC04-079"
4.06408316484463e-187,9.76238152176237,1,0.005,8.12816632968927e-183,"C04","MarkerC04-009"
5.81801733097359e-187,9.76712529728817,1,0.006,1.16360346619472e-182,"C04","MarkerC04-003"
3.13526586294045e-188,9.78165663347971,1,0.005,6.2705317258809e-184,"C05","MarkerC05-104"
3.13527507825913e-188,9.64213901864792,1,0.006,6.27055015651826e-184,"C05","MarkerC05-065"
3.135293508977e-188,9.70292750210918,1,0.006,6.27058701795401e-184,"C05","MarkerC05-073"
3.13533958624482e-188,9.56341640222496,1,0.006,6.27067917248964e-184,"C05","MarkerC05-148"
3.13539487985615e-188,9.79610407708587,1,0.005,6.27078975971229e-184,"C05","MarkerC05-114"
3.1354225270251e-188,9.75893584184927,1,0.005,6.2708450540502e-184,"C05","MarkerC05-063"
3.13545017443723e-188,9.83309400763789,1,0.005,6.27090034887447e-184,"C05","MarkerC05-128"
3.13546860618027e-188,10.3559244607587,1,0.003,6.27093721236055e-184,"C05","MarkerC05-051"
3.13547782209222e-188,9.71525906337084,1,0.005,6.27095564418443e-184,"C05","MarkerC05-039"
3.13547782209222e-188,9.69771520394671,1,0.005,6.27095564418443e-184,"C05","MarkerC05-068"
3.13550546998973e-188,9.65057577838836,1,0.005,6.27101093997945e-184,"C05","MarkerC05-070"
3.13552390205581e-188,9.73761478705874,1,0.005,6.27104780411163e-184,"C05","MarkerC05-123"
3.13553311812944e-188,10.0693346060737,1,0.004,6.27106623625888e-184,"C05","MarkerC05-132"
3.13554233423013e-188,10.1890084641814,1,0.004,6.27108466846025e-184,"C05","MarkerC05-121"
3.13554233423013e-188,9.73615893879598,1,0.005,6.27108466846025e-184,"C05","MarkerC05-023"
3.13555155035754e-188,10.0142617030644,1,0.005,6.27110310071508e-184,"C05","MarkerC05-091"
3.13556076651201e-188,9.83121682822958,1,0.005,6.27112153302403e-184,"C05","MarkerC05-120"
4.52161281914142e-188,10.0243598013476,1,0.004,9.04322563828285e-184,"C05","MarkerC05-105"
4.52254163431077e-188,9.78577734909749,1,0.005,9.04508326862155e-184,"C05","MarkerC05-069"
4.52259471519943e-188,9.75892464465435,1,0.005,9.04518943039886e-184,"C05","MarkerC05-146"
4.52262125587499e-188,9.82492583855548,1,0.005,9.04524251174999e-184,"C05","MarkerC05-003"
4.52263452627182e-188,9.71611803950991,1,0.005,9.04526905254364e-184,"C05","MarkerC05-060"
4.52267433769378e-188,9.75202321979991,1,0.005,9.04534867538756e-184,"C05","MarkerC05-040"
4.52267433769378e-188,9.94070790798511,1,0.005,9.04534867538756e-184,"C05","MarkerC05-145"
4.52271414946484e-188,9.87866575741007,1,0.005,9.04542829892968e-184,"C05","MarkerC05-032"
4.52272742013251e-188,9.73423434495629,1,0.006,9.04545484026502e-184,"C05","MarkerC05-066"
4.52276723236747e-188,9.75419514533366,1,0.005,9.04553446473494e-184,"C05","MarkerC05-013"
4.52279377405191e-188,9.77252797977649,1,0.005,9.04558754810382e-184,"C05","MarkerC05-048"
4.52282031589099e-188,9.73508587335013,1,0.005,9.04564063178198e-184,"C05","MarkerC05-043"
4.52283358686887e-188,9.7934154434925,1,0.005,9.04566717373775e-184,"C05","MarkerC05-017"
4.52284685788518e-188,9.71104032578015,1,0.006,9.04569371577036e-184,"C05","MarkerC05-100"
4.52296629877845e-188,10.0237006084649,1,0.004,9.0459325975569e-184,"C05","MarkerC05-149"
4.53824971960882e-188,9.61036878925337,1,0.005,9.07649943921764e-184,"C05","MarkerC05-007"
4.55370497646592e-188,9.81657976375758,1,0.005,9.10740995293184e-184,"C05","MarkerC05-133"
4.55381186867691e-188,9.78230554154777,1,0.005,9.10762373735382e-184,"C05","MarkerC05-021"
4.553838592119e-188,9.98834429666888,1,0.004,9.107677184238e-184,"C05","MarkerC05-140"
4.55386531571821e-188,9.70141148389757,1,0.005,9.10773063143641e-184,"C05","MarkerC05-008"
4.55390540140977e-188,10.021051626104,1,0.004,9.10781080281954e-184,"C05","MarkerC05-150"
4.55403902291653e-188,10.0519764416586,1,0.004,9.10807804583306e-184,"C05","MarkerC05-093"
4.55403902291653e-188,9.83034177037353,1,0.005,9.10807804583306e-184,"C05","MarkerC05-099"
4.58517697552637e-188,10.0347642502989,1,0.004,9.17035395105275e-184,"C05","MarkerC05-045"
4.61651403977051e-188,9.50432784769735,1,0.006,9.23302807954102e-184,"C05","MarkerC05-139"
4.61674431440495e-188,10.1142924663008,1,0.004,9.2334886288099e-184,"C05","MarkerC05-031"
4.64840597894805e-188,9.76865595739076,1,0.005,9.2968119578961e-184,"C05","MarkerC05-067"
4.64846053360204e-188,9.93823043371165,1,0.005,9.29692106720407e-184,"C05","MarkerC05-079"
4.74494878834602e-188,9.59513835462839,1,0.005,9.48989757669205e-184,"C05","MarkerC05-072"
4.84348010301708e-188,9.76587484339965,1,0.005,9.68696020603416e-184,"C05","MarkerC05-020"
4.87683793736608e-188,9.71677167324504,1,0.005,9.75367587473216e-184,"C05","MarkerC05-062"
5.47927360848051e-188,9.84548593134988,1,0.005,1.0958547216961e-183,"C05","MarkerC05-014"
6.50991736589285e-188,9.97308306473281,1,0.005,1.30198347317857e-183,"C05","MarkerC05-108"
6.50997457340647e-188,9.90673889428223,1,0.005,1.30199491468129e-183,"C05","MarkerC05-028"
6.51005085087061e-188,9.79649319651829,1,0.005,1.30201017017412e-183,"C05","MarkerC05-138"
6.51037504001664e-188,9.89067675413963,1,0.005,1.30207500800333e-183,"C05","MarkerC05-122"
6.51039411046662e-188,9.8966937783265,1,0.005,1.30207882209332e-183,"C05","MarkerC05-030"
6.51050853433484e-188,9.83777201969671,1,0.005,1.30210170686697e-183,"C05","MarkerC05-004"
6.51052760517337e-188,9.72647666204827,1,0.005,1.30210552103467e-183,"C05","MarkerC05-027"
6.51052760517337e-188,9.74295169682607,1,0.005,1.30210552103467e-183,"C05","MarkerC05-142"
6.51058481802509e-188,9.80031436248061,1,0.005,1.30211696360502e-183,"C05","MarkerC05-061"
6.55469833804971e-188,9.59196181726052,1,0.006,1.31093966760994e-183,"C05","MarkerC05-119"
6.55487113990681e-188,9.68118358499577,1,0.005,1.31097422798136e-183,"C05","MarkerC05-033"
6.55498634366302e-188,9.8612648710306,1,0.005,1.3109972687326e-183,"C05","MarkerC05-129"
6.55508234833228e-188,9.81230705871849,1,0.005,1.31101646966646e-183,"C05","MarkerC05-083"
6.55508234833228e-188,9.88712029321918,1,0.005,1.31101646966646e-183,"C05","MarkerC05-113"
6.55513995180701e-188,9.81236920190725,1,0.005,1.3110279903614e-183,"C05","MarkerC05-102"
6.55546638100901e-188,9.88391396517988,1,0.004,1.3110932762018e-183,"C05","MarkerC05-080"
6.64526329381402e-188,9.96927458371233,1,0.005,1.3290526587628e-183,"C05","MarkerC05-005"
6.68993556745924e-188,10.1473124657973,1,0.004,1.33798711349185e-183,"C05","MarkerC05-095"
6.69085660312836e-188,10.0630284289881,1,0.004,1.33817132062567e-183,"C05","MarkerC05-049"
6.69136616644353e-188,9.85149219949782,1,0.004,1.33827323328871e-183,"C05","MarkerC05-035"
6.73658477738134e-188,9.6911041582836,1,0.005,1.34731695547627e-183,"C05","MarkerC05-116"
6.73692022075523e-188,9.63847810554172,1,0.006,1.34738404415105e-183,"C05","MarkerC05-096"
6.737235947353e-188,9.56578402926244,1,0.006,1.3474471894706e-183,"C05","MarkerC05-134"
6.7372951477291e-188,9.67821797145403,1,0.005,1.34745902954582e-183,"C05","MarkerC05-077"
6.78349927506784e-188,9.76139774820767,1,0.005,1.35669985501357e-183,"C05","MarkerC05-131"
6.87669805282296e-188,9.45901747727172,1,0.006,1.37533961056459e-183,"C05","MarkerC05-109"
6.92448574350446e-188,9.78069334744789,1,0.005,1.38489714870089e-183,"C05","MarkerC05-125"
6.97225797197951e-188,10.0150117156672,1,0.005,1.3944515943959e-183,"C05","MarkerC05-046"
7.01906418949043e-188,9.76602463503054,1,0.005,1.40381283789809e-183,"C05","MarkerC05-081"
7.01924920388921e-188,9.84048093162777,1,0.005,1.40384984077784e-183,"C05","MarkerC05-038"
7.21443325820776e-188,9.7838435720297,1,0.005,1.44288665164155e-183,"C05","MarkerC05-036"
7.36466718073974e-188,9.63630148238702,1,0.006,1.47293343614795e-183,"C05","MarkerC05-022"
7.41453886429934e-188,9.69064257124253,1,0.006,1.48290777285987e-183,"C05","MarkerC05-010"
8.44410694042326e-188,9.77680673135801,1,0.005,1.68882138808465e-183,"C05","MarkerC05-098"
8.82889658924208e-188,10.0298799034758,1,0.005,1.76577931784842e-183,"C05","MarkerC05-127"
9.35155267189931e-188,9.60196938678762,1,0.006,1.87031053437986e-183,"C05","MarkerC05-011"
9.35166205886181e-188,9.87711277375042,1,0.005,1.87033241177236e-183,"C05","MarkerC05-054"
9.35177144709942e-188,9.79690129679646,1,0.005,1.87035428941988e-183,"C05","MarkerC05-034"
9.35190818418542e-188,9.88461053712589,1,0.005,1.87038163683708e-183,"C05","MarkerC05-085"
9.35199022739324e-188,10.0586036243115,1,0.005,1.87039804547865e-183,"C05","MarkerC05-076"
9.35212696766371e-188,9.72142821871768,1,0.005,1.87042539353274e-183,"C05","MarkerC05-124"
9.41560601045972e-188,9.71209845569417,1,0.005,1.88312120209194e-183,"C05","MarkerC05-126"
9.41579874659705e-188,9.84501392143142,1,0.004,1.88315974931941e-183,"C05","MarkerC05-147"
9.41593641767098e-188,9.73081294169735,1,0.005,1.8831872835342e-183,"C05","MarkerC05-106"
9.41601902127768e-188,9.88611575569912,1,0.005,1.88320380425554e-183,"C05","MarkerC05-136"
9.41604655597246e-188,9.9178501349941,1,0.005,1.88320931119449e-183,"C05","MarkerC05-071"
9.41610162560427e-188,9.79112985126784,1,0.005,1.88322032512085e-183,"C05","MarkerC05-056"
9.48065201650086e-188,9.85691482065856,1,0.005,1.89613040330017e-183,"C05","MarkerC05-130"
9.48076291000518e-188,9.96314610348385,1,0.005,1.89615258200104e-183,"C05","MarkerC05-078"
9.48140057270683e-188,9.7997395735065,1,0.005,1.89628011454137e-183,"C05","MarkerC05-074"
9.54522571932367e-188,9.83207049113788,1,0.005,1.90904514386473e-183,"C05","MarkerC05-024"
9.54614684639391e-188,9.672524696534,1,0.006,1.90922936927878e-183,"C05","MarkerC05-053"
9.61153147643819e-188,9.60546986854985,1,0.006,1.92230629528764e-183,"C05","MarkerC05-115"
9.61175631928519e-188,9.7671101207084,1,0.005,1.92235126385704e-183,"C05","MarkerC05-059"
9.87768935759993e-188,9.77747956463869,1,0.005,1.97553787151999e-183,"C05","MarkerC05-064"
9.87826700360082e-188,9.82785197513115,1,0.005,1.97565340072016e-183,"C05","MarkerC05-107"
9.91132768235364e-188,9.82278223435142,1,0.005,1.98226553647073e-183,"C05","MarkerC05-088"
9.95197194105956e-188,9.74982011928125,1,0.005,1.99039438821191e-183,"C05","MarkerC05-001"
1.01517726693102e-187,10.3924010218018,1,0.004,2.03035453386204e-183,"C05","MarkerC05-018"
1.01526037699123e-187,9.71423929765048,1,0.005,2.03052075398245e-183,"C05","MarkerC05-090"
1.05049681142847e-187,9.89342472566511,1,0.005,2.10099362285694e-183,"C05","MarkerC05-029"
1.14037596864534e-187,9.88566704770284,1,0.005,2.28075193729067e-183,"C05","MarkerC05-052"
1.23782318467876e-187,9.66010753985497,1,0.005,2.47564636935753e-183,"C05","MarkerC05-141"
1.28975443948948e-187,9.71379984792435,1,0.005,2.57950887897895e-183,"C05","MarkerC05-044"
1.34057023451998e-187,9.61435844299778,1,0.006,2.68114046903997e-183,"C05","MarkerC05-015"
1.3406485089629e-187,9.85379272905216,1,0.005,2.6812970179258e-183,"C05","MarkerC05-097"
1.34067982001352e-187,9.78004802212803,1,0.005,2.68135964002705e-183,"C05","MarkerC05-057"
1.34069156184536e-187,9.64643489584985,1,0.005,2.68138312369073e-183,"C05","MarkerC05-117"
1.34988657694797e-187,9.92052099156485,1,0.004,2.69977315389595e-183,"C05","MarkerC05-025"
1.3684140732022e-187,9.80648760551467,1,0.005,2.73682814640441e-183,"C05","MarkerC05-026"
1.38720771240914e-187,9.73928010202458,1,0.005,2.77441542481829e-183,"C05","MarkerC05-144"
1.39674583802686e-187,9.7349556724008,1,0.005,2.79349167605371e-183,"C05","MarkerC05-012"
1.4063658889438e-187,9.74161421598941,1,0.005,2.81273177788759e-183,"C05","MarkerC05-118"
1.41595292011044e-187,9.82369233487681,1,0.005,2.83190584022088e-183,"C05","MarkerC05-103"
1.41596531961026e-187,9.66434994427568,1,0.006,2.83193063922052e-183,"C05","MarkerC05-086"
1.42568429510572e-187,9.87033449231154,1,0.005,2.85136859021144e-183,"C05","MarkerC05-016"
1.44538587695228e-187,9.69233992375218,1,0.005,2.89077175390456e-183,"C05","MarkerC05-143"
1.45525982628541e-187,9.79688031412714,1,0.005,2.91051965257083e-183,"C05","MarkerC05-137"
1.46526102248094e-187,9.9200446622617,1,0.004,2.93052204496188e-183,"C05","MarkerC05-042"
1.47520169409277e-187,9.72726212245179,1,0.005,2.95040338818555e-183,"C05","MarkerC05-050"
1.47530934006268e-187,9.81275249253605,1,0.005,2.95061868012537e-183,"C05","MarkerC05-055"
1.48533544316266e-187,9.78384430649349,1,0.005,2.97067088632533e-183,"C05","MarkerC05-112"
1.50576806217219e-187,9.68001125049711,1,0.006,3.01153612434439e-183,"C05","MarkerC05-092"
1.51089127077002e-187,9.46635431978254,1,0.006,3.02178254154004e-183,"C05","MarkerC05-087"
1.5263655989564e-187,9.82764977903437,1,0.005,3.05273119791279e-183,"C05","MarkerC05-075"
1.56893982102431e-187,9.95268704539847,1,0.005,3.13787964204861e-183,"C05","MarkerC05-110"
1.57954154389392e-187,9.72732159540864,1,0.005,3.15908308778784e-183,"C05","MarkerC05-084"
1.60135729793187e-187,9.70362334570135,1,0.005,3.20271459586375e-183,"C05","MarkerC05-047"
1.62344083831979e-187,9.76902034034334,1,0.005,3.24688167663958e-183,"C05","MarkerC05-094"
1.64574211781663e-187,9.88281091310192,1,0.005,3.29148423563325e-183,"C05","MarkerC05-135"
1.91773257042484e-187,9.8170885604385,1,0.005,3.83546514084968e-183,"C05","MarkerC05-111"
1.91781640992087e-187,9.78768776643343,1,0.005,3.83563281984173e-183,"C05","MarkerC05-082"
1.93120054063082e-187,9.7851410845672,1,0.005,3.86240108126163e-183,"C05","MarkerC05-041"
1.95746762609963e-187,9.8019384337315,1,0.005,3.91493525219926e-183,"C05","MarkerC05-089"
1.95755890358995e-187,9.66900728216203,1,0.006,3.91511780717991e-183,"C05","MarkerC05-058"
1.99817639458273e-187,9.82181638324591,1,0.005,3.99635278916546e-183,"C05","MarkerC05-006"
2.0117747367672e-187,9.6628349426857,1,0.005,4.02354947353441e-183,"C05","MarkerC05-002"
2.06752043103308e-187,9.84716954489653,1,0.005,4.13504086206615e-183,"C05","MarkerC05-101"
2.08171144183547e-187,10.1356057201907,1,0.004,4.16342288367094e-183,"C05","MarkerC05-037"
2.79463514642899e-187,9.92162201656581,1,0.005,5.58927029285798e-183,"C05","MarkerC05-009"
4.06421301275561e-187,9.77332931747253,1,0.005,8.12842602551123e-183,"C05","MarkerC05-019"
3.13544095860679e-188,9.75477141103496,1,0.005,6.27088191721357e-184,"C06","MarkerC06-026"
3.13545939029539e-188,9.64318012452508,1,0.005,6.27091878059078e-184,"C06","MarkerC06-022"
3.13549625399662e-188,9.7298834410727,1,0.005,6.27099250799323e-184,"C06","MarkerC06-105"
3.13549625399662e-188,9.8016354975862,1,0.005,6.27099250799323e-184,"C06","MarkerC06-142"
3.13553311812944e-188,9.87899771805803,1,0.005,6.27106623625888e-184,"C06","MarkerC06-145"
3.13555155035754e-188,9.9778210426708,1,0.005,6.27110310071508e-184,"C06","MarkerC06-041"
3.13557919890213e-188,9.82133211641977,1,0.005,6.27115839780426e-184,"C06","MarkerC06-099"
3.13560684768925e-188,10.0097263489535,1,0.005,6.27121369537851e-184,"C06","MarkerC06-078"
3.13562528034896e-188,10.0893415680147,1,0.004,6.27125056069793e-184,"C06","MarkerC06-065"
3.13562528034896e-188,9.96086931417764,1,0.005,6.27125056069793e-184,"C06","MarkerC06-016"
3.13562528034896e-188,9.7878088030742,1,0.005,6.27125056069793e-184,"C06","MarkerC06-059"
3.13565292954032e-188,10.1453054517972,1,0.004,6.27130585908063e-184,"C06","MarkerC06-053"
3.13568057897454e-188,10.0585447000819,1,0.004,6.27136115794908e-184,"C06","MarkerC06-037"
3.13569901206554e-188,9.76999984148012,1,0.005,6.27139802413108e-184,"C06","MarkerC06-086"
3.13570822865196e-188,9.48340113716565,1,0.005,6.27141645730391e-184,"C06","MarkerC06-074"
4.52254163431077e-188,9.73067845589679,1,0.005,9.04508326862155e-184,"C06","MarkerC06-126"
4.52263452627182e-188,10.0452543024545,1,0.005,9.04526905254364e-184,"C06","MarkerC06-036"
4.52271414946484e-188,9.91347741434779,1,0.005,9.04542829892968e-184,"C06","MarkerC06-069"
4.52271414946484e-188,9.66684135394314,1,0.005,9.04542829892968e-184,"C06","MarkerC06-076"
4.52274069083813e-188,9.92687012463813,1,0.005,9.04548138167626e-184,"C06","MarkerC06-013"
4.52276723236747e-188,9.92149989263122,1,0.005,9.04553446473494e-184,"C06","MarkerC06-008"
4.52279377405191e-188,9.84074481880562,1,0.005,9.04558754810382e-184,"C06","MarkerC06-040"
4.52283358686887e-188,9.96009989953159,1,0.005,9.04566717373775e-184,"C06","MarkerC06-144"
4.52286012894085e-188,9.82539352522922,1,0.005,9.0457202578817e-184,"C06","MarkerC06-004"
4.52289994233935e-188,9.9764885415212,1,0.004,9.04579988467871e-184,"C06","MarkerC06-045"
4.52292648479793e-188,9.99593656338328,1,0.005,9.04585296959586e-184,"C06","MarkerC06-015"
4.5229397560865e-188,9.83057617997066,1,0.005,9.045879512173e-184,"C06","MarkerC06-034"
4.52296629877845e-188,9.62694845687328,1,0.006,9.0459325975569e-184,"C06","MarkerC06-103"
4.52297957018277e-188,9.78947759918632,1,0.005,9.04595914036553e-184,"C06","MarkerC06-005"
4.52303265618618e-188,9.87736541268261,1,0.005,9.04606531237235e-184,"C06","MarkerC06-112"
4.52309901456443e-188,9.63981331552032,1,0.006,9.04619802912887e-184,"C06","MarkerC06-119"
4.52315210196342e-188,10.1692360085747,1,0.004,9.04630420392683e-184,"C06","MarkerC06-011"
4.52317864589535e-188,9.82405411248583,1,0.005,9.0463572917907e-184,"C06","MarkerC06-108"
4.52327155087958e-188,9.56747640922516,1,0.006,9.04654310175916e-184,"C06","MarkerC06-085"
4.5233246402942e-188,9.87105478789831,1,0.005,9.04664928058839e-184,"C06","MarkerC06-001"
4.55389203947358e-188,9.63676034718289,1,0.006,9.10778407894716e-184,"C06","MarkerC06-068"
4.55394548745141e-188,9.69781832640376,1,0.005,9.10789097490282e-184,"C06","MarkerC06-135"
4.5540791101297e-188,9.61101386630799,1,0.006,9.10815822025939e-184,"C06","MarkerC06-111"
4.58523078983026e-188,9.87150727762107,1,0.005,9.17046157966052e-184,"C06","MarkerC06-094"
4.58528460476262e-188,9.6887954369251,1,0.005,9.17056920952524e-184,"C06","MarkerC06-149"
4.58556714347303e-188,9.92019611013148,1,0.004,9.17113428694605e-184,"C06","MarkerC06-118"
4.61667658538378e-188,9.59506444705256,1,0.005,9.23335317076756e-184,"C06","MarkerC06-130"
4.61685268289393e-188,9.94028842617031,1,0.005,9.23370536578786e-184,"C06","MarkerC06-107"
4.64862420139e-188,9.699140535159,1,0.005,9.29724840278001e-184,"C06","MarkerC06-133"
4.68050424156677e-188,9.98145180123901,1,0.005,9.36100848313353e-184,"C06","MarkerC06-140"
4.77771290960578e-188,9.81956208567826,1,0.005,9.55542581921156e-184,"C06","MarkerC06-025"
5.36815478266155e-188,9.9709409167801,1,0.005,1.07363095653231e-183,"C06","MarkerC06-029"
6.509898296833e-188,9.70613777040684,1,0.005,1.3019796593666e-183,"C06","MarkerC06-028"
6.51022247841601e-188,9.76686351854291,1,0.005,1.3020444956832e-183,"C06","MarkerC06-019"
6.51043225153329e-188,9.84464178918444,1,0.005,1.30208645030666e-183,"C06","MarkerC06-084"
6.51047039282179e-188,9.72656683781986,1,0.005,1.30209407856436e-183,"C06","MarkerC06-066"
6.51050853433484e-188,10.0910111946615,1,0.004,1.30210170686697e-183,"C06","MarkerC06-082"
6.51052760517337e-188,9.93293542858942,1,0.004,1.30210552103467e-183,"C06","MarkerC06-106"
6.51054667606905e-188,9.83980861850482,1,0.005,1.30210933521381e-183,"C06","MarkerC06-087"
6.51056574701917e-188,9.65273728449525,1,0.006,1.30211314940383e-183,"C06","MarkerC06-056"
6.51058481802509e-188,10.0023251304693,1,0.005,1.30211696360502e-183,"C06","MarkerC06-109"
6.51058481802509e-188,9.69190825802364,1,0.006,1.30211696360502e-183,"C06","MarkerC06-138"
6.51069924522968e-188,9.71899166281872,1,0.005,1.30213984904594e-183,"C06","MarkerC06-143"
6.51073738807648e-188,9.61272100296783,1,0.006,1.3021474776153e-183,"C06","MarkerC06-117"
6.51081367443628e-188,9.59067010886366,1,0.006,1.30216273488726e-183,"C06","MarkerC06-058"
6.51087088978882e-188,9.55400407069435,1,0.006,1.30217417795776e-183,"C06","MarkerC06-146"
6.51094717770631e-188,9.82907893809512,1,0.005,1.30218943554126e-183,"C06","MarkerC06-055"
6.51096624982484e-188,9.9631244174465,1,0.005,1.30219324996497e-183,"C06","MarkerC06-075"
6.51102346651255e-188,9.63375441378336,1,0.006,1.30220469330251e-183,"C06","MarkerC06-104"
6.53283401265031e-188,9.83237246649343,1,0.005,1.30656680253006e-183,"C06","MarkerC06-132"
6.55521675722285e-188,9.8492223010486,1,0.005,1.31104335144457e-183,"C06","MarkerC06-092"
6.55546638100901e-188,9.81379930049597,1,0.005,1.3110932762018e-183,"C06","MarkerC06-098"
6.5555047855072e-188,9.72394903754737,1,0.005,1.31110095710144e-183,"C06","MarkerC06-089"
6.55575442021056e-188,9.72253489102619,1,0.005,1.31115088404211e-183,"C06","MarkerC06-009"
6.60005764042855e-188,9.85630292214137,1,0.005,1.32001152808571e-183,"C06","MarkerC06-110"
6.60032830104939e-188,9.84818840935593,1,0.005,1.32006566020988e-183,"C06","MarkerC06-010"
6.64573046083368e-188,9.67895959746893,1,0.005,1.32914609216674e-183,"C06","MarkerC06-006"
6.69075861461197e-188,9.75181889547141,1,0.005,1.33815172292239e-183,"C06","MarkerC06-020"
6.69132696789396e-188,9.73518460821167,1,0.005,1.33826539357879e-183,"C06","MarkerC06-128"
6.69138576580363e-188,9.64187208698208,1,0.005,1.33827715316073e-183,"C06","MarkerC06-038"
6.69142496469585e-188,9.749281341865,1,0.005,1.33828499293917e-183,"C06","MarkerC06-047"
6.73660450888496e-188,9.88313817300018,1,0.005,1.34732090177699e-183,"C06","MarkerC06-097"
6.78341980128847e-188,9.86633023465842,1,0.005,1.3566839602577e-183,"C06","MarkerC06-018"
6.87746344927104e-188,9.82732072993709,1,0.005,1.37549268985421e-183,"C06","MarkerC06-060"
6.87752387891747e-188,9.878630549826,1,0.005,1.37550477578349e-183,"C06","MarkerC06-121"
6.97201293488709e-188,9.71760581985147,1,0.005,1.39440258697742e-183,"C06","MarkerC06-129"
6.97225797197951e-188,9.94198068189815,1,0.004,1.3944515943959e-183,"C06","MarkerC06-080"
7.0676951394746e-188,9.61494061068117,1,0.006,1.41353902789492e-183,"C06","MarkerC06-073"
7.06802633080966e-188,9.91480911768971,1,0.004,1.41360526616193e-183,"C06","MarkerC06-067"
7.11685020313682e-188,9.8848096440384,1,0.005,1.42337004062736e-183,"C06","MarkerC06-039"
7.62058977537971e-188,9.8103311843116,1,0.005,1.52411795507594e-183,"C06","MarkerC06-024"
7.72568229651279e-188,10.0040498559459,1,0.005,1.54513645930256e-183,"C06","MarkerC06-014"
9.35223636131269e-188,9.58940206664243,1,0.006,1.87044727226254e-183,"C06","MarkerC06-083"
9.35234575623687e-188,9.62625564541774,1,0.005,1.87046915124737e-183,"C06","MarkerC06-062"
9.35242780326438e-188,9.6936668703867,1,0.005,1.87048556065288e-183,"C06","MarkerC06-003"
9.35275599854069e-188,9.97956319833795,1,0.005,1.87055119970814e-183,"C06","MarkerC06-030"
9.41629437183971e-188,10.0739092419272,1,0.004,1.88325887436794e-183,"C06","MarkerC06-002"
9.41640451430959e-188,9.86186945012946,1,0.004,1.88328090286192e-183,"C06","MarkerC06-113"
9.41659726671634e-188,9.7460777706478,1,0.005,1.88331945334327e-183,"C06","MarkerC06-043"
9.4802084553958e-188,9.75045136329484,1,0.005,1.89604169107916e-183,"C06","MarkerC06-012"
9.48029162153022e-188,9.80926112361206,1,0.005,1.89605832430604e-183,"C06","MarkerC06-136"
9.48059657023355e-188,10.2870821040186,1,0.004,1.89611931404671e-183,"C06","MarkerC06-032"
9.48073518650715e-188,9.51918331999028,1,0.006,1.89614703730143e-183,"C06","MarkerC06-102"
9.48084608097921e-188,9.65098742854285,1,0.006,1.89616921619584e-183,"C06","MarkerC06-077"
9.48101242510869e-188,10.1192427536443,1,0.005,1.89620248502174e-183,"C06","MarkerC06-027"
9.48112332280894e-188,9.58663400908046,1,0.006,1.89622466456179e-183,"C06","MarkerC06-051"
9.4812064969302e-188,9.92767468933218,1,0.005,1.89624129938604e-183,"C06","MarkerC06-090"
9.48131739688896e-188,9.74524245394846,1,0.005,1.89626347937779e-183,"C06","MarkerC06-048"
9.48134512208258e-188,9.84465109673697,1,0.005,1.89626902441652e-183,"C06","MarkerC06-031"
9.48142829814043e-188,9.73945588346269,1,0.005,1.89628565962809e-183,"C06","MarkerC06-148"
9.61150337145057e-188,9.655702092786,1,0.005,1.92230067429011e-183,"C06","MarkerC06-141"
9.61161579189254e-188,9.95828999323468,1,0.005,1.92232315837851e-183,"C06","MarkerC06-120"
9.61198116736782e-188,9.64712990798351,1,0.005,1.92239623347356e-183,"C06","MarkerC06-124"
9.67801427753963e-188,9.69828272653927,1,0.005,1.93560285550793e-183,"C06","MarkerC06-091"
9.74458597221342e-188,9.77555958909697,1,0.005,1.94891719444268e-183,"C06","MarkerC06-081"
9.81101260572108e-188,9.85185720935928,1,0.005,1.96220252114422e-183,"C06","MarkerC06-079"
9.81138554315372e-188,9.6121950527682,1,0.006,1.96227710863074e-183,"C06","MarkerC06-061"
9.81152898438421e-188,9.99392091139701,1,0.004,1.96230579687684e-183,"C06","MarkerC06-044"
9.87818035455671e-188,9.74517438479526,1,0.005,1.97563607091134e-183,"C06","MarkerC06-050"
9.87855583920688e-188,9.74399618742031,1,0.005,1.97571116784138e-183,"C06","MarkerC06-049"
9.87858472323144e-188,9.72179821777503,1,0.006,1.97571694464629e-183,"C06","MarkerC06-101"
1.00144824927624e-187,9.81145209898886,1,0.005,2.00289649855247e-183,"C06","MarkerC06-134"
1.01516539461812e-187,9.76044709281701,1,0.005,2.03033078923625e-183,"C06","MarkerC06-123"
1.02926277774522e-187,9.89753724222876,1,0.005,2.05852555549045e-183,"C06","MarkerC06-137"
1.07236587401742e-187,9.67238888755942,1,0.005,2.14473174803483e-183,"C06","MarkerC06-042"
1.34064459513276e-187,9.80780647882239,1,0.005,2.68128919026551e-183,"C06","MarkerC06-114"
1.35916838754545e-187,9.96653719731688,1,0.004,2.71833677509089e-183,"C06","MarkerC06-023"
1.37312257622768e-187,9.61019383039023,1,0.005,2.74624515245536e-183,"C06","MarkerC06-072"
1.37783519483954e-187,9.74028691745531,1,0.005,2.75567038967907e-183,"C06","MarkerC06-122"
1.3873251510011e-187,9.93082466325707,1,0.004,2.77465030200219e-183,"C06","MarkerC06-100"
1.39686815976317e-187,9.82017733133996,1,0.005,2.79373631952634e-183,"C06","MarkerC06-071"
1.4063084169059e-187,9.97281376091274,1,0.004,2.8126168338118e-183,"C06","MarkerC06-125"
1.41593225451754e-187,9.39769639971937,1,0.006,2.83186450903507e-183,"C06","MarkerC06-093"
1.41598598568386e-187,9.7589044356606,1,0.005,2.83197197136772e-183,"C06","MarkerC06-046"
1.42566764925194e-187,9.87478330922712,1,0.005,2.85133529850388e-183,"C06","MarkerC06-021"
1.44533947024047e-187,9.77907309662586,1,0.005,2.89067894048095e-183,"C06","MarkerC06-088"
1.4552980552984e-187,10.0909712170365,1,0.005,2.9105961105968e-183,"C06","MarkerC06-147"
1.49559546762793e-187,9.83341062447187,1,0.005,2.99119093525587e-183,"C06","MarkerC06-070"
1.51620003333623e-187,9.70921630408825,1,0.005,3.03240006667246e-183,"C06","MarkerC06-064"
1.52661062485545e-187,9.79556276814708,1,0.005,3.0532212497109e-183,"C06","MarkerC06-007"
1.52661062485545e-187,9.81707850836696,1,0.005,3.0532212497109e-183,"C06","MarkerC06-150"
1.53708364194088e-187,9.78523209929624,1,0.005,3.07416728388176e-183,"C06","MarkerC06-139"
1.54757422469704e-187,9.79593842074943,1,0.005,3.09514844939409e-183,"C06","MarkerC06-052"
1.57966139498034e-187,9.89105910802138,1,0.005,3.15932278996068e-183,"C06","MarkerC06-033"
1.91801763959585e-187,10.0540003896953,1,0.004,3.8360352791917e-183,"C06","MarkerC06-131"
1.97089263533522e-187,9.78259461907257,1,0.005,3.94178527067045e-183,"C06","MarkerC06-127"
1.97101325762801e-187,9.96436377458522,1,0.005,3.94202651525602e-183,"C06","MarkerC06-035"
2.05347391765989e-187,9.80850082787603,1,0.005,4.10694783531978e-183,"C06","MarkerC06-017"
2.17029699910194e-187,9.71062024202465,1,0.005,4.34059399820387e-183,"C06","MarkerC06-095"
2.89185915274777e-187,9.73618064895402,1,0.005,5.78371830549555e-183,"C06","MarkerC06-096"
2.91142951885362e-187,9.78022943151653,1,0.005,5.82285903770723e-183,"C06","MarkerC06-054"
3.22539288211734e-187,9.62501628608938,1,0.005,6.45078576423468e-183,"C06","MarkerC06-116"
3.42953351073059e-187,9.59945318926152,1,0.006,6.85906702146118e-183,"C06","MarkerC06-057"
4.00895081853129e-187,9.81278247637506,1,0.006,8.01790163706258e-183,"C06","MarkerC06-063"
6.44422821652931e-187,9.98183038842232,1,0.005,1.28884564330586e-182,"C06","MarkerC06-115"
3.13519214136104e-188,9.83338736950537,1,0.005,6.27038428272208e-184,"C07","MarkerC07-095"
3.1352197867509e-188,9.47347176526192,1,0.006,6.2704395735018e-184,"C07","MarkerC07-022"
3.13525664764849e-188,9.76075238972579,1,0.005,6.27051329529699e-184,"C07","MarkerC07-075"
3.13536723292939e-188,9.72166844001443,1,0.006,6.27073446585877e-184,"C07","MarkerC07-025"
3.13539487985615e-188,9.81818425283408,1,0.005,6.27078975971229e-184,"C07","MarkerC07-082"
3.13548703803121e-188,9.82808133646098,1,0.005,6.27097407606243e-184,"C07","MarkerC07-051"
3.13549625399662e-188,9.76633135618251,1,0.005,6.27099250799323e-184,"C07","MarkerC07-097"
3.13551468600957e-188,9.66428219590247,1,0.005,6.27102937201914e-184,"C07","MarkerC07-107"
3.13559763139982e-188,9.81470954109962,1,0.005,6.27119526279964e-184,"C07","MarkerC07-150"
4.52239566506627e-188,9.89081072272214,1,0.004,9.04479133013254e-184,"C07","MarkerC07-130"
4.52254163431077e-188,9.77128942388744,1,0.005,9.04508326862155e-184,"C07","MarkerC07-059"
4.52258144491881e-188,9.79914130579901,1,0.005,9.04516288983762e-184,"C07","MarkerC07-109"
4.52260798551753e-188,9.89801584786431,1,0.005,9.04521597103506e-184,"C07","MarkerC07-002"
4.52270087883512e-188,9.74806855515862,1,0.005,9.04540175767024e-184,"C07","MarkerC07-131"
4.52271414946484e-188,9.80390351501321,1,0.005,9.04542829892968e-184,"C07","MarkerC07-074"
4.52271414946484e-188,9.86286088709564,1,0.005,9.04542829892968e-184,"C07","MarkerC07-098"
4.52283358686887e-188,9.73993175229578,1,0.005,9.04566717373775e-184,"C07","MarkerC07-015"
4.52283358686887e-188,9.72120094023146,1,0.006,9.04566717373775e-184,"C07","MarkerC07-096"
4.52284685788518e-188,9.72773983764826,1,0.005,9.04569371577036e-184,"C07","MarkerC07-076"
4.52286012894085e-188,9.73876444083967,1,0.005,9.0457202578817e-184,"C07","MarkerC07-048"
4.52287340003448e-188,9.69165038917485,1,0.006,9.04574680006895e-184,"C07","MarkerC07-123"
4.5229397560865e-188,9.69422216738523,1,0.006,9.045879512173e-184,"C07","MarkerC07-049"
4.52299284162551e-188,9.74895373729375,1,0.005,9.04598568325102e-184,"C07","MarkerC07-026"
4.52299284162551e-188,9.71581220398168,1,0.005,9.04598568325102e-184,"C07","MarkerC07-081"
4.52300611310715e-188,9.78097591412726,1,0.005,9.0460122262143e-184,"C07","MarkerC07-024"
4.55386531571821e-188,9.55770695778389,1,0.006,9.10773063143641e-184,"C07","MarkerC07-064"
4.55387867757655e-188,9.5092690911229,1,0.006,9.1077573551531e-184,"C07","MarkerC07-009"
4.5540791101297e-188,9.95926751814011,1,0.005,9.10815822025939e-184,"C07","MarkerC07-137"
4.55409247261225e-188,9.82393953768355,1,0.005,9.10818494522451e-184,"C07","MarkerC07-036"
4.55421273670998e-188,9.86436868628121,1,0.005,9.10842547341997e-184,"C07","MarkerC07-103"
4.5853115124649e-188,9.76973487482207,1,0.005,9.17062302492979e-184,"C07","MarkerC07-136"
4.61674431440495e-188,10.0128321624607,1,0.004,9.2334886288099e-184,"C07","MarkerC07-134"
4.61683913669434e-188,9.86295594891712,1,0.005,9.23367827338869e-184,"C07","MarkerC07-046"
4.61692041448593e-188,9.6952266431402,1,0.005,9.23384082897185e-184,"C07","MarkerC07-079"
4.64833778652481e-188,9.91718504578054,1,0.005,9.29667557304962e-184,"C07","MarkerC07-038"
4.64859692302668e-188,9.95415586785455,1,0.005,9.29719384605336e-184,"C07","MarkerC07-127"
4.68003735838302e-188,9.758554978112,1,0.005,9.36007471676605e-184,"C07","MarkerC07-119"
4.6805591720477e-188,10.0609181167746,1,0.004,9.3611183440954e-184,"C07","MarkerC07-035"
4.68057290476794e-188,9.6638634020149,1,0.006,9.36114580953588e-184,"C07","MarkerC07-011"
4.74480957861397e-188,9.93473228410335,1,0.004,9.48961915722793e-184,"C07","MarkerC07-133"
4.8103783984529e-188,10.3256750832339,1,0.004,9.62075679690581e-184,"C07","MarkerC07-094"
4.91018035447176e-188,9.81193090715984,1,0.005,9.82036070894352e-184,"C07","MarkerC07-042"
5.47949859604272e-188,10.0181853534925,1,0.005,1.09589971920854e-183,"C07","MarkerC07-106"
6.50991736589285e-188,9.90035405793593,1,0.005,1.30198347317857e-183,"C07","MarkerC07-057"
6.50999364268882e-188,9.71715337133168,1,0.005,1.30199872853776e-183,"C07","MarkerC07-061"
6.51005085087061e-188,10.2332324630624,1,0.004,1.30201017017412e-183,"C07","MarkerC07-021"
6.51010805955184e-188,9.80379167912057,1,0.005,1.30202161191037e-183,"C07","MarkerC07-144"
6.51024154842165e-188,10.1262106826958,1,0.004,1.30204830968433e-183,"C07","MarkerC07-063"
6.51024154842165e-188,9.8504592745538,1,0.005,1.30204830968433e-183,"C07","MarkerC07-050"
6.51037504001664e-188,9.7620155609822,1,0.005,1.30207500800333e-183,"C07","MarkerC07-088"
6.51039411046662e-188,9.99897042707679,1,0.005,1.30207882209332e-183,"C07","MarkerC07-101"
6.51045132214998e-188,9.56622801046479,1,0.006,1.30209026443e-183,"C07","MarkerC07-118"
6.51054667606905e-188,9.65910952775214,1,0.005,1.30210933521381e-183,"C07","MarkerC07-058"
6.51058481802509e-188,10.191085977279,1,0.004,1.30211696360502e-183,"C07","MarkerC07-040"
6.51058481802509e-188,9.92455446044392,1,0.005,1.30211696360502e-183,"C07","MarkerC07-126"
6.51066110260608e-188,9.77508176517581,1,0.005,1.30213222052122e-183,"C07","MarkerC07-017"
6.5330253759918e-188,9.87742671483013,1,0.005,1.30660507519836e-183,"C07","MarkerC07-105"
6.55494794218624e-188,9.84918254584828,1,0.004,1.31098958843725e-183,"C07","MarkerC07-031"
6.55502474536246e-188,9.81204461880913,1,0.005,1.31100494907249e-183,"C07","MarkerC07-093"
6.55504394629781e-188,9.98870820703664,1,0.005,1.31100878925956e-183,"C07","MarkerC07-065"
6.55506314728798e-188,9.74670324233171,1,0.005,1.3110126294576e-183,"C07","MarkerC07-007"
6.55523595871726e-188,10.1061359289941,1,0.004,1.31104719174345e-183,"C07","MarkerC07-090"
6.59945835979661e-188,9.63367222026877,1,0.006,1.31989167195932e-183,"C07","MarkerC07-083"
6.59986431817745e-188,9.85644769839392,1,0.005,1.31997286363549e-183,"C07","MarkerC07-112"
6.59994164640245e-188,10.1472148511401,1,0.004,1.31998832928049e-183,"C07","MarkerC07-143"
6.60021230228785e-188,9.67572306398984,1,0.006,1.32004246045757e-183,"C07","MarkerC07-085"
6.60052163682683e-188,9.70014791420742,1,0.005,1.32010432736537e-183,"C07","MarkerC07-006"
6.64565259739428e-188,9.73272234399042,1,0.005,1.32913051947886e-183,"C07","MarkerC07-116"
6.69126817049897e-188,10.0930974056652,1,0.004,1.33825363409979e-183,"C07","MarkerC07-034"
6.69148376346284e-188,9.56053125962737,1,0.006,1.33829675269257e-183,"C07","MarkerC07-139"
6.78334032843701e-188,9.97710788551976,1,0.004,1.3566680656874e-183,"C07","MarkerC07-071"
6.82969983345541e-188,9.81855972324364,1,0.005,1.36593996669108e-183,"C07","MarkerC07-029"
6.82979985201331e-188,9.86930754770444,1,0.005,1.36595997040266e-183,"C07","MarkerC07-146"
6.87716130896543e-188,9.93446539344925,1,0.005,1.37543226179309e-183,"C07","MarkerC07-019"
7.01914641751253e-188,10.077920147788,1,0.004,1.40382928350251e-183,"C07","MarkerC07-032"
7.16542334583104e-188,10.0192600851193,1,0.005,1.43308466916621e-183,"C07","MarkerC07-117"
8.38709765043003e-188,9.77143128936984,1,0.005,1.67741953008601e-183,"C07","MarkerC07-053"
9.10480029471016e-188,9.65699783079504,1,0.006,1.82096005894203e-183,"C07","MarkerC07-044"
9.35144328620996e-188,9.75060907368526,1,0.005,1.87028865724199e-183,"C07","MarkerC07-004"
9.35182614169555e-188,9.95908395481583,1,0.004,1.87036522833911e-183,"C07","MarkerC07-142"
9.38408728401169e-188,9.55891074700692,1,0.006,1.87681745680234e-183,"C07","MarkerC07-073"
9.41524808233606e-188,9.7621704953995,1,0.005,1.88304961646721e-183,"C07","MarkerC07-027"
9.41579874659705e-188,10.0893935126568,1,0.004,1.88315974931941e-183,"C07","MarkerC07-145"
9.41579874659705e-188,9.87464053377653,1,0.005,1.88315974931941e-183,"C07","MarkerC07-091"
9.41626683642306e-188,9.71538646819274,1,0.005,1.88325336728461e-183,"C07","MarkerC07-012"
9.41634944291428e-188,9.82985302455532,1,0.005,1.88326988858286e-183,"C07","MarkerC07-069"
9.41651465806043e-188,9.99585365765892,1,0.005,1.88330293161209e-183,"C07","MarkerC07-041"
9.48115104743472e-188,9.776480373188,1,0.005,1.89623020948694e-183,"C07","MarkerC07-100"
9.48131739688896e-188,10.0274732489712,1,0.004,1.89626347937779e-183,"C07","MarkerC07-003"
9.51257815517904e-188,9.87150425006352,1,0.005,1.90251563103581e-183,"C07","MarkerC07-080"
9.54544901473315e-188,9.87014441425073,1,0.005,1.90908980294663e-183,"C07","MarkerC07-122"
9.54561648969964e-188,9.93594244491966,1,0.005,1.90912329793993e-183,"C07","MarkerC07-111"
9.54628641881907e-188,9.96425114852211,1,0.005,1.90925728376381e-183,"C07","MarkerC07-010"
9.61141905697826e-188,9.77632150425973,1,0.005,1.92228381139565e-183,"C07","MarkerC07-132"
9.61147526654405e-188,9.97501211971812,1,0.004,1.92229505330881e-183,"C07","MarkerC07-013"
9.61147526654405e-188,9.71331865158956,1,0.006,1.92229505330881e-183,"C07","MarkerC07-028"
9.61158768665966e-188,9.77694328567033,1,0.005,1.92231753733193e-183,"C07","MarkerC07-121"
9.61167200260353e-188,10.1174275317063,1,0.004,1.92233440052071e-183,"C07","MarkerC07-047"
9.67705216011352e-188,9.89508218681664,1,0.005,1.9354104320227e-183,"C07","MarkerC07-149"
9.67736342298144e-188,9.67766087192275,1,0.005,1.93547268459629e-183,"C07","MarkerC07-138"
9.80986519442325e-188,9.96662262316265,1,0.004,1.96197303888465e-183,"C07","MarkerC07-147"
9.87797817639928e-188,9.78888343538963,1,0.005,1.97559563527986e-183,"C07","MarkerC07-037"
9.87815147171003e-188,9.88349589971928,1,0.004,1.97563029434201e-183,"C07","MarkerC07-039"
9.87823812050211e-188,9.51488535559451,1,0.006,1.97564762410042e-183,"C07","MarkerC07-020"
9.9462145375397e-188,9.99215813721089,1,0.005,1.98924290750794e-183,"C07","MarkerC07-072"
1.00140140159245e-187,9.64656251053531,1,0.005,2.0028028031849e-183,"C07","MarkerC07-084"
1.00143653715074e-187,9.61992518261967,1,0.005,2.00287307430149e-183,"C07","MarkerC07-043"
1.00822161651855e-187,9.75318806378373,1,0.005,2.0164432330371e-183,"C07","MarkerC07-108"
1.0292086139232e-187,9.89268181087832,1,0.005,2.0584172278464e-183,"C07","MarkerC07-114"
1.10198659957167e-187,9.81963421559856,1,0.005,2.20397319914335e-183,"C07","MarkerC07-001"
1.28978459002595e-187,9.82299492584865,1,0.005,2.57956918005191e-183,"C07","MarkerC07-125"
1.34065242280446e-187,9.74858470471419,1,0.005,2.68130484560892e-183,"C07","MarkerC07-033"
1.34067199218274e-187,9.85350670560878,1,0.005,2.68134398436548e-183,"C07","MarkerC07-120"
1.34071895985082e-187,9.85161999334653,1,0.005,2.68143791970164e-183,"C07","MarkerC07-030"
1.34970925517178e-187,9.88780463888893,1,0.005,2.69941851034357e-183,"C07","MarkerC07-089"
1.35897398044381e-187,9.84416324284515,1,0.005,2.71794796088763e-183,"C07","MarkerC07-067"
1.35918029092032e-187,9.57667076942798,1,0.006,2.71836058184063e-183,"C07","MarkerC07-113"
1.37777084210061e-187,9.69039483255091,1,0.005,2.75554168420122e-183,"C07","MarkerC07-016"
1.38725225691709e-187,9.81303537435347,1,0.005,2.77450451383419e-183,"C07","MarkerC07-070"
1.38727250489135e-187,9.7492736444431,1,0.005,2.7745450097827e-183,"C07","MarkerC07-045"
1.4015189812848e-187,10.0124845656941,1,0.005,2.8030379625696e-183,"C07","MarkerC07-068"
1.41111008138496e-187,9.70475121137956,1,0.005,2.82222016276992e-183,"C07","MarkerC07-115"
1.44033738319802e-187,9.74378847339824,1,0.005,2.88067476639605e-183,"C07","MarkerC07-014"
1.46521825574781e-187,9.36344692101088,1,0.006,2.93043651149562e-183,"C07","MarkerC07-086"
1.48531810250196e-187,9.69054455388212,1,0.006,2.97063620500393e-183,"C07","MarkerC07-135"
1.50578124628715e-187,9.80092500453344,1,0.005,3.01156249257431e-183,"C07","MarkerC07-062"
1.50582079932181e-187,9.65773209939863,1,0.005,3.01164159864362e-183,"C07","MarkerC07-060"
1.5161248091717e-187,9.85644314275857,1,0.005,3.03224961834341e-183,"C07","MarkerC07-087"
1.55815905815832e-187,9.81063454356912,1,0.005,3.11631811631663e-183,"C07","MarkerC07-102"
1.63452010179682e-187,9.93176910990626,1,0.004,3.26904020359365e-183,"C07","MarkerC07-128"
1.94436627431594e-187,9.82655224857469,1,0.005,3.88873254863188e-183,"C07","MarkerC07-054"
1.95072687563691e-187,10.1161534254481,1,0.005,3.90145375127383e-183,"C07","MarkerC07-092"
1.98436334571362e-187,9.60311696906728,1,0.006,3.96872669142724e-183,"C07","MarkerC07-110"
1.99123759701365e-187,9.70990226083078,1,0.005,3.98247519402731e-183,"C07","MarkerC07-055"
1.99798424254104e-187,9.60448837035642,1,0.006,3.99596848508208e-183,"C07","MarkerC07-078"
2.02561898176302e-187,9.77162655531125,1,0.005,4.05123796352605e-183,"C07","MarkerC07-052"
2.02567801114454e-187,9.73087898092631,1,0.005,4.05135602228907e-183,"C07","MarkerC07-148"
2.03946923562135e-187,9.93037166189042,1,0.005,4.07893847124271e-183,"C07","MarkerC07-099"
2.05349186923794e-187,9.60044703673913,1,0.005,4.10698373847587e-183,"C07","MarkerC07-008"
2.0674119898222e-187,9.67951085579899,1,0.006,4.13482397964441e-183,"C07","MarkerC07-124"
2.13914962591616e-187,9.93068140500604,1,0.005,4.27829925183233e-183,"C07","MarkerC07-023"
2.35395584687583e-187,9.62628519988149,1,0.006,4.70791169375166e-183,"C07","MarkerC07-005"
2.3863479304627e-187,9.9406192883134,1,0.005,4.77269586092539e-183,"C07","MarkerC07-141"
2.50288015433073e-187,9.85496926795015,1,0.005,5.00576030866145e-183,"C07","MarkerC07-129"
2.73802477860878e-187,9.88377950658843,1,0.005,5.47604955721757e-183,"C07","MarkerC07-066"
2.75687609668656e-187,9.90210081787174,1,0.005,5.51375219337313e-183,"C07","MarkerC07-018"
3.08524193970248e-187,9.71190071197734,1,0.005,6.17048387940497e-183,"C07","MarkerC07-077"
3.09584770898628e-187,9.65754484548038,1,0.005,6.19169541797256e-183,"C07","MarkerC07-056"
4.77033622075155e-187,9.49670998013599,1,0.006,9.54067244150311e-183,"C07","MarkerC07-140"
8.42574979076273e-187,9.56668623164487,1,0.006,1.68514995815255e-182,"C07","MarkerC07-104"
3.13502627411539e-188,9.71848867715928,1,0.005,6.27005254823078e-184,"C08","MarkerC08-122"
3.13525664764849e-188,10.0037170362342,1,0.004,6.27051329529699e-184,"C08","MarkerC08-046"
3.13533958624482e-188,9.9001566533006,1,0.005,6.27067917248964e-184,"C08","MarkerC08-001"
3.13539487985615e-188,10.1178802164749,1,0.004,6.27078975971229e-184,"C08","MarkerC08-024"
3.13547782209222e-188,9.96041675448116,1,0.005,6.27095564418443e-184,"C08","MarkerC08-023"
3.13551468600957e-188,9.91068225311906,1,0.005,6.27102937201914e-184,"C08","MarkerC08-135"
3.13551468600957e-188,9.64097637630222,1,0.006,6.27102937201914e-184,"C08","MarkerC08-111"
3.13552390205581e-188,9.68078310492963,1,0.006,6.27104780411163e-184,"C08","MarkerC08-088"
3.13553311812944e-188,9.96016457325437,1,0.004,6.27106623625888e-184,"C08","MarkerC08-110"
3.13553311812944e-188,9.75794022901886,1,0.005,6.27106623625888e-184,"C08","MarkerC08-002"
3.13556998269387e-188,9.88960765169277,1,0.005,6.27113996538774e-184,"C08","MarkerC08-126"
4.52262125587499e-188,10.0399495656129,1,0.004,9.04524251174999e-184,"C08","MarkerC08-059"
4.52275396158312e-188,9.91407561605975,1,0.005,9.04550792316624e-184,"C08","MarkerC08-041"
4.52279377405191e-188,9.80844294188726,1,0.005,9.04558754810382e-184,"C08","MarkerC08-045"
4.52283358686887e-188,10.0423961407426,1,0.004,9.04566717373775e-184,"C08","MarkerC08-055"
4.52284685788518e-188,9.79922081407911,1,0.005,9.04569371577036e-184,"C08","MarkerC08-062"
4.52286012894085e-188,9.90821715606969,1,0.005,9.0457202578817e-184,"C08","MarkerC08-138"
4.52295302741303e-188,10.1404672717358,1,0.004,9.04590605482605e-184,"C08","MarkerC08-049"
4.52296629877845e-188,9.85178251144903,1,0.005,9.0459325975569e-184,"C08","MarkerC08-147"
4.52300611310715e-188,9.92071583285832,1,0.005,9.0460122262143e-184,"C08","MarkerC08-014"
4.52311228635583e-188,9.73015527607935,1,0.005,9.04622457271166e-184,"C08","MarkerC08-125"
4.55369161511571e-188,9.95116371383524,1,0.005,9.10738323023141e-184,"C08","MarkerC08-036"
4.55387867757655e-188,10.0763997428922,1,0.004,9.1077573551531e-184,"C08","MarkerC08-040"
4.55390540140977e-188,10.0016684288613,1,0.005,9.10781080281954e-184,"C08","MarkerC08-066"
4.55402566058968e-188,10.1976177470297,1,0.004,9.10805132117935e-184,"C08","MarkerC08-009"
4.55403902291653e-188,9.50843782450255,1,0.006,9.10807804583306e-184,"C08","MarkerC08-016"
4.58516352204862e-188,9.91534554995797,1,0.005,9.17032704409723e-184,"C08","MarkerC08-010"
4.58519042904356e-188,9.71936556957255,1,0.005,9.17038085808712e-184,"C08","MarkerC08-019"
4.58520388260017e-188,10.0272383862109,1,0.005,9.17040776520035e-184,"C08","MarkerC08-026"
4.58532496637494e-188,9.65845751976403,1,0.005,9.17064993274988e-184,"C08","MarkerC08-099"
4.61640567919317e-188,10.005987151296,1,0.004,9.23281135838635e-184,"C08","MarkerC08-063"
4.61667658538378e-188,9.5166830830303,1,0.006,9.23335317076756e-184,"C08","MarkerC08-034"
4.61697460047095e-188,10.0365804199742,1,0.004,9.23394920094191e-184,"C08","MarkerC08-117"
4.68031198993594e-188,9.79208865828443,1,0.005,9.36062397987189e-184,"C08","MarkerC08-070"
4.68042184704806e-188,9.88754255844158,1,0.005,9.36084369409612e-184,"C08","MarkerC08-061"
4.71290685111756e-188,9.55710990593701,1,0.006,9.42581370223512e-184,"C08","MarkerC08-048"
4.81066066048482e-188,9.85925236621039,1,0.005,9.62132132096964e-184,"C08","MarkerC08-044"
5.29480602169945e-188,9.67672149239061,1,0.005,1.05896120433989e-183,"C08","MarkerC08-128"
5.90833403311228e-188,9.74073390438011,1,0.005,1.18166680662246e-183,"C08","MarkerC08-141"
6.50984108998618e-188,9.99179567445432,1,0.004,1.30196821799724e-183,"C08","MarkerC08-081"
6.51005085087061e-188,9.59862109102776,1,0.005,1.30201017017412e-183,"C08","MarkerC08-080"
6.51005085087061e-188,9.61378068052745,1,0.006,1.30201017017412e-183,"C08","MarkerC08-072"
6.51006992037545e-188,9.74230611380617,1,0.005,1.30201398407509e-183,"C08","MarkerC08-098"
6.51014619895141e-188,9.55434258076099,1,0.006,1.30202923979028e-183,"C08","MarkerC08-094"
6.51016526873387e-188,9.63023621644949,1,0.006,1.30203305374677e-183,"C08","MarkerC08-029"
6.5101843385728e-188,9.93367031174233,1,0.004,1.30203686771456e-183,"C08","MarkerC08-103"
6.51027968859897e-188,9.86295961818814,1,0.005,1.30205593771979e-183,"C08","MarkerC08-051"
6.51027968859897e-188,10.0576113040644,1,0.005,1.30205593771979e-183,"C08","MarkerC08-131"
6.51031782899946e-188,9.71023546961349,1,0.005,1.30206356579989e-183,"C08","MarkerC08-025"
6.51035596962043e-188,9.65775434763781,1,0.005,1.30207119392409e-183,"C08","MarkerC08-127"
6.51037504001664e-188,9.89853291430248,1,0.005,1.30207500800333e-183,"C08","MarkerC08-129"
6.51062296020501e-188,9.88017331820231,1,0.005,1.302124592041e-183,"C08","MarkerC08-013"
6.51069924522968e-188,9.97773163772233,1,0.005,1.30213984904594e-183,"C08","MarkerC08-032"
6.51071831662484e-188,9.93352652410813,1,0.005,1.30214366332497e-183,"C08","MarkerC08-076"
6.51081367443628e-188,10.1879695340152,1,0.004,1.30216273488726e-183,"C08","MarkerC08-121"
6.55487113990681e-188,9.74088286118261,1,0.005,1.31097422798136e-183,"C08","MarkerC08-047"
6.55500554448465e-188,9.89102660358158,1,0.005,1.31100110889693e-183,"C08","MarkerC08-091"
6.55510154943548e-188,9.73832186392944,1,0.005,1.3110203098871e-183,"C08","MarkerC08-107"
6.55527436187257e-188,9.6058822311605,1,0.005,1.31105487237451e-183,"C08","MarkerC08-082"
6.57808072130773e-188,9.74549757276993,1,0.005,1.31561614426155e-183,"C08","MarkerC08-004"
6.59976765916571e-188,9.87724060345168,1,0.005,1.31995353183314e-183,"C08","MarkerC08-030"
6.59982565440431e-188,9.65433685600475,1,0.006,1.31996513088086e-183,"C08","MarkerC08-017"
6.60005764042855e-188,9.54768137830645,1,0.006,1.32001152808571e-183,"C08","MarkerC08-096"
6.60019296935799e-188,9.84050600577372,1,0.005,1.3200385938716e-183,"C08","MarkerC08-132"
6.60034763437314e-188,9.71387194877206,1,0.005,1.32006952687463e-183,"C08","MarkerC08-097"
6.60054097071486e-188,9.71850153797783,1,0.005,1.32010819414297e-183,"C08","MarkerC08-105"
6.64460152982326e-188,9.99523427097817,1,0.005,1.32892030596465e-183,"C08","MarkerC08-087"
6.64545794276569e-188,9.69477912750135,1,0.005,1.32909158855314e-183,"C08","MarkerC08-116"
6.64557473486124e-188,9.80468848662849,1,0.005,1.32911494697225e-183,"C08","MarkerC08-086"
6.64590565689295e-188,9.82456761149591,1,0.005,1.32918113137859e-183,"C08","MarkerC08-031"
6.66803079082048e-188,9.77011751131306,1,0.006,1.3336061581641e-183,"C08","MarkerC08-145"
6.73703861650379e-188,9.76406104739533,1,0.005,1.34740772330076e-183,"C08","MarkerC08-006"
6.78336019656198e-188,9.83391448803088,1,0.005,1.3566720393124e-183,"C08","MarkerC08-050"
6.78365822540534e-188,9.71217807652672,1,0.005,1.35673164508107e-183,"C08","MarkerC08-078"
6.78367809445893e-188,9.89012486703348,1,0.005,1.35673561889179e-183,"C08","MarkerC08-085"
6.83001989797113e-188,9.75321957593483,1,0.005,1.36600397959423e-183,"C08","MarkerC08-119"
6.83009991643332e-188,9.97174491362872,1,0.005,1.36601998328666e-183,"C08","MarkerC08-060"
6.92440462186561e-188,9.85264134549435,1,0.005,1.38488092437312e-183,"C08","MarkerC08-043"
6.99552978095008e-188,9.7666207160198,1,0.005,1.39910595619002e-183,"C08","MarkerC08-120"
7.01974259934961e-188,10.0502792419488,1,0.004,1.40394851986992e-183,"C08","MarkerC08-042"
7.06752954959896e-188,9.54411748502781,1,0.006,1.41350590991979e-183,"C08","MarkerC08-106"
7.16523448767288e-188,9.76642521883822,1,0.005,1.43304689753458e-183,"C08","MarkerC08-090"
7.2639269020745e-188,9.80987470433679,1,0.005,1.4527853804149e-183,"C08","MarkerC08-012"
7.31414522523066e-188,9.79076040227691,1,0.005,1.46282904504613e-183,"C08","MarkerC08-077"
7.41449543974647e-188,9.71915096843086,1,0.006,1.48289908794929e-183,"C08","MarkerC08-011"
7.99446267989022e-188,9.73057293600786,1,0.005,1.59889253597804e-183,"C08","MarkerC08-054"
9.35193553184343e-188,10.0090235988637,1,0.004,1.87038710636869e-183,"C08","MarkerC08-015"
9.35215431595687e-188,9.93101921120167,1,0.005,1.87043086319137e-183,"C08","MarkerC08-053"
9.3522637099244e-188,9.93627353921049,1,0.005,1.87045274198488e-183,"C08","MarkerC08-089"
9.35231840738552e-188,9.73855267547665,1,0.005,1.8704636814771e-183,"C08","MarkerC08-057"
9.35234575623687e-188,9.88086502082927,1,0.005,1.87046915124737e-183,"C08","MarkerC08-109"
9.35234575623687e-188,9.83308532178182,1,0.005,1.87046915124737e-183,"C08","MarkerC08-114"
9.35242780326438e-188,9.80396666503467,1,0.005,1.87048556065288e-183,"C08","MarkerC08-033"
9.35245515243235e-188,9.90621031937687,1,0.005,1.87049103048647e-183,"C08","MarkerC08-069"
9.35256454990306e-188,9.79994292735961,1,0.005,1.87051290998061e-183,"C08","MarkerC08-104"
9.35256454990306e-188,9.55360926626873,1,0.006,1.87051290998061e-183,"C08","MarkerC08-146"
9.41577121262314e-188,9.69575838475263,1,0.005,1.88315424252463e-183,"C08","MarkerC08-134"
9.41654219419994e-188,10.0826486612083,1,0.004,1.88330843883999e-183,"C08","MarkerC08-149"
9.41662480309518e-188,9.82911658045997,1,0.005,1.88332496061904e-183,"C08","MarkerC08-130"
9.41673494941093e-188,9.88960924513754,1,0.005,1.88334698988219e-183,"C08","MarkerC08-140"
9.48031934373368e-188,9.82783493055249,1,0.005,1.89606386874674e-183,"C08","MarkerC08-039"
9.54558857700406e-188,9.81797871810747,1,0.005,1.90911771540081e-183,"C08","MarkerC08-144"
9.61051974841165e-188,9.98712159056776,1,0.005,1.92210394968233e-183,"C08","MarkerC08-022"
9.67736342298144e-188,9.6916085392845,1,0.005,1.93547268459629e-183,"C08","MarkerC08-123"
9.67761810001176e-188,9.92203042022445,1,0.005,1.93552362000235e-183,"C08","MarkerC08-133"
9.74424406011026e-188,9.69332691489086,1,0.005,1.94884881202205e-183,"C08","MarkerC08-124"
9.81038151297776e-188,9.78908987189393,1,0.005,1.96207630259555e-183,"C08","MarkerC08-021"
9.81109866695209e-188,9.80013313191737,1,0.005,1.96221973339042e-183,"C08","MarkerC08-095"
9.87789152987647e-188,9.83046125353206,1,0.005,1.97557830597529e-183,"C08","MarkerC08-075"
9.87789152987647e-188,9.58396565545967,1,0.006,1.97557830597529e-183,"C08","MarkerC08-008"
9.87820923748775e-188,9.85076098058896,1,0.005,1.97564184749755e-183,"C08","MarkerC08-074"
9.87838253683407e-188,9.69726574200666,1,0.005,1.97567650736681e-183,"C08","MarkerC08-058"
9.8786136073383e-188,9.77309501027878,1,0.005,1.97572272146766e-183,"C08","MarkerC08-142"
1.01522178933529e-187,9.94976210796236,1,0.005,2.03044357867058e-183,"C08","MarkerC08-118"
1.02212705490778e-187,9.61534377587856,1,0.006,2.04425410981555e-183,"C08","MarkerC08-037"
1.0221539505651e-187,10.0626603963239,1,0.004,2.04430790113019e-183,"C08","MarkerC08-005"
1.02217785840733e-187,9.94210931595586,1,0.005,2.04435571681465e-183,"C08","MarkerC08-068"
1.05774685704022e-187,9.71411146494898,1,0.005,2.11549371408045e-183,"C08","MarkerC08-067"
1.14820528427723e-187,9.76751434766029,1,0.005,2.29641056855447e-183,"C08","MarkerC08-115"
1.34069156184536e-187,9.71273319928516,1,0.005,2.68138312369073e-183,"C08","MarkerC08-018"
1.34069547581218e-187,9.78368141099413,1,0.005,2.68139095162437e-183,"C08","MarkerC08-003"
1.34070721778014e-187,9.60258760271913,1,0.006,2.68141443556029e-183,"C08","MarkerC08-064"
1.34991416241929e-187,9.94148396495896,1,0.005,2.69982832483859e-183,"C08","MarkerC08-028"
1.35441278102721e-187,9.76496814952474,1,0.005,2.70882556205443e-183,"C08","MarkerC08-143"
1.35903348988242e-187,10.0110231656077,1,0.005,2.71806697976484e-183,"C08","MarkerC08-065"
1.35908506682678e-187,9.83858085181599,1,0.005,2.71817013365357e-183,"C08","MarkerC08-136"
1.35908506682678e-187,9.83287907808913,1,0.005,2.71817013365357e-183,"C08","MarkerC08-148"
1.35910887222773e-187,9.82132265499621,1,0.005,2.71821774445546e-183,"C08","MarkerC08-139"
1.35912871037873e-187,9.92781284882722,1,0.005,2.71825742075746e-183,"C08","MarkerC08-035"
1.35913267804332e-187,10.0318433371407,1,0.004,2.71826535608665e-183,"C08","MarkerC08-108"
1.36820237029085e-187,9.94267144701246,1,0.005,2.73640474058169e-183,"C08","MarkerC08-038"
1.3684180679101e-187,9.68835941822457,1,0.005,2.73683613582021e-183,"C08","MarkerC08-007"
1.37765823200565e-187,9.57419243474649,1,0.006,2.75531646401131e-183,"C08","MarkerC08-100"
1.37775877629511e-187,9.77059836496259,1,0.005,2.75551755259021e-183,"C08","MarkerC08-093"
1.37778290801123e-187,9.78798571627241,1,0.005,2.75556581602245e-183,"C08","MarkerC08-102"
1.38732110122968e-187,9.87413495397297,1,0.005,2.77464220245935e-183,"C08","MarkerC08-027"
1.4063084169059e-187,9.9020772574576,1,0.005,2.8126168338118e-183,"C08","MarkerC08-083"
1.4452297875439e-187,9.97132414816222,1,0.005,2.8904595750878e-183,"C08","MarkerC08-084"
1.47530503407356e-187,9.97343472314721,1,0.005,2.95061006814712e-183,"C08","MarkerC08-052"
1.70292768642443e-187,9.88421044241205,1,0.005,3.40585537284885e-183,"C08","MarkerC08-020"
1.91797292007439e-187,9.78983001871121,1,0.005,3.83594584014878e-183,"C08","MarkerC08-073"
1.91798968977322e-187,9.70428744618999,1,0.005,3.83597937954643e-183,"C08","MarkerC08-101"
1.93107109322673e-187,9.85622081935364,1,0.005,3.86214218645346e-183,"C08","MarkerC08-150"
2.03954055429068e-187,9.98290636957121,1,0.005,4.07908110858137e-183,"C08","MarkerC08-071"
2.13927428748737e-187,10.0585526533759,1,0.004,4.27854857497473e-183,"C08","MarkerC08-092"
2.74705838758804e-187,9.87280237035555,1,0.005,5.49411677517608e-183,"C08","MarkerC08-137"
2.92150647045441e-187,9.65859445370447,1,0.005,5.84301294090881e-183,"C08","MarkerC08-112"
3.13857228142416e-187,9.69760028432327,1,0.005,6.27714456284832e-183,"C08","MarkerC08-079"
3.6311318215152e-187,9.49451649793286,1,0.006,7.26226364303041e-183,"C08","MarkerC08-113"
4.11980528329635e-187,9.55348969737535,1,0.006,8.2396105665927e-183,"C08","MarkerC08-056"
3.13526586294045e-188,9.89229180519414,1,0.005,6.2705317258809e-184,"C09","MarkerC09-062"
3.13548703803121e-188,9.70832107416399,1,0.005,6.27097407606243e-184,"C09","MarkerC09-138"
3.13549625399662e-188,10.0924724999893,1,0.004,6.27099250799323e-184,"C09","MarkerC09-037"
3.13552390205581e-188,10.1847747210108,1,0.004,6.27104780411163e-184,"C09","MarkerC09-141"
3.13554233423013e-188,9.67234972591292,1,0.005,6.27108466846025e-184,"C09","MarkerC09-052"
3.13556998269387e-188,9.82273687256396,1,0.005,6.27113996538774e-184,"C09","MarkerC09-119"
3.13559763139982e-188,9.92789989052347,1,0.005,6.27119526279964e-184,"C09","MarkerC09-099"
3.13560684768925e-188,10.0388557869111,1,0.004,6.27121369537851e-184,"C09","MarkerC09-009"
3.13564371311658e-188,9.88374657684745,1,0.005,6.27128742623315e-184,"C09","MarkerC09-017"
3.13565292954032e-188,9.92095745637135,1,0.005,6.27130585908063e-184,"C09","MarkerC09-049"
3.13567136246995e-188,9.96316191849247,1,0.004,6.2713427249399e-184,"C09","MarkerC09-120"
3.13571744526445e-188,10.1255544323704,1,0.004,6.2714348905289e-184,"C09","MarkerC09-091"
3.13575431198599e-188,9.70549221087651,1,0.005,6.27150862397198e-184,"C09","MarkerC09-059"
4.52244874424886e-188,9.58441826134514,1,0.006,9.04489748849772e-184,"C09","MarkerC09-025"
4.52264779670754e-188,9.87998625245837,1,0.005,9.04529559341509e-184,"C09","MarkerC09-022"
4.52266106718027e-188,10.0853296034413,1,0.004,9.04532213436055e-184,"C09","MarkerC09-071"
4.52268760824477e-188,9.96124246477243,1,0.004,9.04537521648954e-184,"C09","MarkerC09-096"
4.52268760824477e-188,9.98671314355421,1,0.005,9.04537521648954e-184,"C09","MarkerC09-143"
4.52280704495247e-188,9.91803455073116,1,0.005,9.04561408990495e-184,"C09","MarkerC09-105"
4.52286012894085e-188,9.84149219431664,1,0.005,9.0457202578817e-184,"C09","MarkerC09-044"
4.52288667116794e-188,9.82133840284197,1,0.005,9.04577334233588e-184,"C09","MarkerC09-116"
4.52291321354919e-188,9.82024698725004,1,0.005,9.04582642709839e-184,"C09","MarkerC09-087"
4.5229397560865e-188,9.75974111028122,1,0.005,9.045879512173e-184,"C09","MarkerC09-104"
4.52296629877845e-188,9.81971387219594,1,0.004,9.0459325975569e-184,"C09","MarkerC09-034"
4.52300611310715e-188,10.142297816972,1,0.004,9.0460122262143e-184,"C09","MarkerC09-082"
4.52300611310715e-188,9.80559768536352,1,0.005,9.0460122262143e-184,"C09","MarkerC09-089"
4.52307247109644e-188,9.70377875729439,1,0.005,9.04614494219288e-184,"C09","MarkerC09-147"
4.52308574281099e-188,9.79360016134402,1,0.005,9.04617148562198e-184,"C09","MarkerC09-142"
4.52309901456443e-188,9.98335998098405,1,0.005,9.04619802912887e-184,"C09","MarkerC09-102"
4.52313883005579e-188,9.89704286840698,1,0.005,9.04627766011159e-184,"C09","MarkerC09-054"
4.52315210196342e-188,10.1661563285311,1,0.004,9.04630420392683e-184,"C09","MarkerC09-117"
4.55403902291653e-188,9.99725899189471,1,0.004,9.10807804583306e-184,"C09","MarkerC09-124"
4.55405238528207e-188,9.75754859207402,1,0.005,9.10810477056415e-184,"C09","MarkerC09-128"
4.55427955146305e-188,9.89068132627049,1,0.005,9.10855910292611e-184,"C09","MarkerC09-125"
4.58521733619622e-188,9.92904169168971,1,0.005,9.17043467239244e-184,"C09","MarkerC09-013"
4.58523078983026e-188,9.73333265694137,1,0.005,9.17046157966052e-184,"C09","MarkerC09-069"
4.5853115124649e-188,9.94403680569545,1,0.004,9.17062302492979e-184,"C09","MarkerC09-042"
4.61677140628996e-188,9.73785140738832,1,0.005,9.23354281257993e-184,"C09","MarkerC09-051"
4.61677140628996e-188,9.65837453910291,1,0.005,9.23354281257993e-184,"C09","MarkerC09-136"
4.61696105391599e-188,9.89496780994075,1,0.005,9.23392210783198e-184,"C09","MarkerC09-003"
4.6805866375294e-188,10.1353656066204,1,0.004,9.36117327505879e-184,"C09","MarkerC09-020"
4.71287919642897e-188,9.84330424226672,1,0.005,9.42575839285793e-184,"C09","MarkerC09-101"
4.74517153237325e-188,9.59644704624022,1,0.006,9.4903430647465e-184,"C09","MarkerC09-023"
4.74522722000602e-188,9.70019253097295,1,0.005,9.49045444001203e-184,"C09","MarkerC09-084"
4.77786709992906e-188,9.89167856627152,1,0.005,9.55573419985812e-184,"C09","MarkerC09-019"
6.51020340846685e-188,9.86970290048043,1,0.005,1.30204068169337e-183,"C09","MarkerC09-070"
6.51026061848241e-188,10.0688349335234,1,0.004,1.30205212369648e-183,"C09","MarkerC09-032"
6.51027968859897e-188,9.94489081071629,1,0.005,1.30205593771979e-183,"C09","MarkerC09-027"
6.51043225153329e-188,9.67234919430373,1,0.005,1.30208645030666e-183,"C09","MarkerC09-061"
6.51064203137629e-188,10.0389231203499,1,0.004,1.30212840627526e-183,"C09","MarkerC09-097"
6.51064203137629e-188,9.78585039360768,1,0.005,1.30212840627526e-183,"C09","MarkerC09-012"
6.51064203137629e-188,9.70328309828262,1,0.005,1.30212840627526e-183,"C09","MarkerC09-075"
6.51073738807648e-188,9.65363549902267,1,0.005,1.3021474776153e-183,"C09","MarkerC09-033"
6.51077553114444e-188,9.96937183062203,1,0.004,1.30215510622889e-183,"C09","MarkerC09-076"
6.51079460276212e-188,9.95063659214079,1,0.005,1.30215892055242e-183,"C09","MarkerC09-028"
6.51083274616421e-188,9.85345689536526,1,0.005,1.30216654923284e-183,"C09","MarkerC09-045"
6.51083274616421e-188,9.73742180657353,1,0.005,1.30216654923284e-183,"C09","MarkerC09-081"
6.51088996168551e-188,10.043911996571,1,0.004,1.3021779923371e-183,"C09","MarkerC09-122"
6.51092810564425e-188,9.57692102209767,1,0.005,1.30218562112885e-183,"C09","MarkerC09-109"
6.55483273910142e-188,9.70863848382136,1,0.005,1.31096654782028e-183,"C09","MarkerC09-133"
6.55502474536246e-188,10.0077147089185,1,0.005,1.31100494907249e-183,"C09","MarkerC09-150"
6.55504394629781e-188,9.7606555862115,1,0.005,1.31100878925956e-183,"C09","MarkerC09-103"
6.55513995180701e-188,10.0046236264452,1,0.005,1.3110279903614e-183,"C09","MarkerC09-129"
6.55546638100901e-188,9.94728297520282,1,0.005,1.3110932762018e-183,"C09","MarkerC09-053"
6.5555047855072e-188,9.82886460287224,1,0.005,1.31110095710144e-183,"C09","MarkerC09-079"
6.55558159517843e-188,9.80881385268711,1,0.005,1.31111631903569e-183,"C09","MarkerC09-132"
6.55567760852561e-188,9.634552156351,1,0.006,1.31113552170512e-183,"C09","MarkerC09-036"
6.60011563820277e-188,9.79171551350335,1,0.005,1.32002312764055e-183,"C09","MarkerC09-030"
6.60027030141546e-188,9.88198595977571,1,0.005,1.32005406028309e-183,"C09","MarkerC09-086"
6.60032830104939e-188,9.97912824540771,1,0.004,1.32006566020988e-183,"C09","MarkerC09-026"
6.60032830104939e-188,10.1045976951426,1,0.004,1.32006566020988e-183,"C09","MarkerC09-115"
6.60059897271696e-188,9.66872739770824,1,0.006,1.32011979454339e-183,"C09","MarkerC09-118"
6.60063764099936e-188,9.85635178105953,1,0.005,1.32012752819987e-183,"C09","MarkerC09-066"
6.60073431269392e-188,10.0314262148678,1,0.004,1.32014686253878e-183,"C09","MarkerC09-146"
6.63817318379698e-188,9.70171449223378,1,0.005,1.3276346367594e-183,"C09","MarkerC09-035"
6.64512704292517e-188,9.86877413024474,1,0.005,1.32902540858503e-183,"C09","MarkerC09-131"
6.64576939289371e-188,10.1520407338226,1,0.004,1.32915387857874e-183,"C09","MarkerC09-047"
6.69128776957306e-188,9.72097465626428,1,0.005,1.33825755391461e-183,"C09","MarkerC09-112"
6.69130736870588e-188,9.88653414705546,1,0.005,1.33826147374118e-183,"C09","MarkerC09-039"
6.69138576580363e-188,9.94598315684793,1,0.005,1.33827715316073e-183,"C09","MarkerC09-127"
6.737235947353e-188,9.81016942710956,1,0.005,1.3474471894706e-183,"C09","MarkerC09-085"
6.73739381617376e-188,9.86220586568499,1,0.004,1.34747876323475e-183,"C09","MarkerC09-015"
6.7832608565106e-188,9.80493893780319,1,0.005,1.35665217130212e-183,"C09","MarkerC09-064"
6.78361848747467e-188,9.86443172006579,1,0.005,1.35672369749493e-183,"C09","MarkerC09-004"
6.83009991643332e-188,9.87072865645768,1,0.005,1.36601998328666e-183,"C09","MarkerC09-029"
6.83037998839592e-188,9.53000077105268,1,0.006,1.36607599767918e-183,"C09","MarkerC09-095"
7.19032878020043e-188,9.9210542831885,1,0.005,1.43806575604009e-183,"C09","MarkerC09-100"
7.21426423850133e-188,9.78797532007274,1,0.005,1.44285284770027e-183,"C09","MarkerC09-090"
7.31408096841815e-188,9.78354789977823,1,0.005,1.46281619368363e-183,"C09","MarkerC09-078"
7.38926887202746e-188,10.0948611376865,1,0.004,1.47785377440549e-183,"C09","MarkerC09-121"
8.10541681777914e-188,9.67606761927073,1,0.005,1.62108336355583e-183,"C09","MarkerC09-083"
9.0740425987803e-188,10.0172751109847,1,0.004,1.81480851975606e-183,"C09","MarkerC09-072"
9.35215431595687e-188,9.8514093199754,1,0.005,1.87043086319137e-183,"C09","MarkerC09-002"
9.35223636131269e-188,9.89397222443039,1,0.005,1.87044727226254e-183,"C09","MarkerC09-031"
9.35234575623687e-188,10.0035019242609,1,0.005,1.87046915124737e-183,"C09","MarkerC09-080"
9.35245515243235e-188,10.07241532335,1,0.004,1.87049103048647e-183,"C09","MarkerC09-046"
9.35253720041653e-188,9.78230298735259,1,0.005,1.87050744008331e-183,"C09","MarkerC09-024"
9.35270129853107e-188,9.94453831341757,1,0.005,1.87054025970621e-183,"C09","MarkerC09-149"
9.35278334866338e-188,10.0477816852547,1,0.004,1.87055666973268e-183,"C09","MarkerC09-018"
9.38389519549676e-188,9.94619534974468,1,0.005,1.87677903909935e-183,"C09","MarkerC09-110"
9.41585381478516e-188,9.70528502215961,1,0.006,1.88317076295703e-183,"C09","MarkerC09-073"
9.41607409074962e-188,9.90011439884834,1,0.005,1.88321481814992e-183,"C09","MarkerC09-063"
9.41640451430959e-188,9.70093763907291,1,0.005,1.88328090286192e-183,"C09","MarkerC09-041"
9.41645958602465e-188,10.0178891654151,1,0.005,1.88329191720493e-183,"C09","MarkerC09-106"
9.4167900230504e-188,9.76763161752179,1,0.005,1.88335800461008e-183,"C09","MarkerC09-098"
9.48092925268104e-188,10.0305707541269,1,0.004,1.89618585053621e-183,"C09","MarkerC09-108"
9.54561648969964e-188,9.79913474355189,1,0.005,1.90912329793993e-183,"C09","MarkerC09-139"
9.54625850417276e-188,10.0500996938052,1,0.004,1.90925170083455e-183,"C09","MarkerC09-006"
9.54631433354889e-188,10.070549649744,1,0.005,1.90926286670978e-183,"C09","MarkerC09-060"
9.54648182362808e-188,9.85605178958678,1,0.005,1.90929636472562e-183,"C09","MarkerC09-040"
9.61122232607216e-188,9.84928019748743,1,0.005,1.92224446521443e-183,"C09","MarkerC09-048"
9.61150337145057e-188,9.99285204179138,1,0.005,1.92230067429011e-183,"C09","MarkerC09-057"
9.67744831458274e-188,9.67603702651125,1,0.005,1.93548966291655e-183,"C09","MarkerC09-055"
9.74341782182188e-188,9.64599163283159,1,0.005,1.94868356436438e-183,"C09","MarkerC09-137"
9.74444350738649e-188,9.74940476314492,1,0.005,1.9488887014773e-183,"C09","MarkerC09-068"
9.81072574037335e-188,9.77316759810423,1,0.005,1.96214514807467e-183,"C09","MarkerC09-107"
9.8780648236761e-188,9.77083097654882,1,0.005,1.97561296473522e-183,"C09","MarkerC09-145"
9.94601097019088e-188,9.53004712075413,1,0.006,1.98920219403818e-183,"C09","MarkerC09-014"
1.01527225040984e-187,9.80930373652402,1,0.005,2.03054450081968e-183,"C09","MarkerC09-056"
1.34063676750656e-187,9.8470641519518,1,0.005,2.68127353501313e-183,"C09","MarkerC09-144"
1.34075027253948e-187,9.97880364715867,1,0.004,2.68150054507896e-183,"C09","MarkerC09-058"
1.36836214305547e-187,9.78422247917072,1,0.005,2.73672428611094e-183,"C09","MarkerC09-001"
1.3685299244445e-187,9.93756778201467,1,0.005,2.73705984888901e-183,"C09","MarkerC09-126"
1.37783921698479e-187,9.66932287040745,1,0.005,2.75567843396959e-183,"C09","MarkerC09-067"
1.38731705146992e-187,9.8663482067781,1,0.005,2.77463410293984e-183,"C09","MarkerC09-043"
1.39674991524644e-187,9.72769549369623,1,0.005,2.79349983049288e-183,"C09","MarkerC09-007"
1.39679068809203e-187,9.8897569694652,1,0.005,2.79358137618406e-183,"C09","MarkerC09-010"
1.39683961707114e-187,9.82657208170063,1,0.005,2.79367923414227e-183,"C09","MarkerC09-065"
1.39684369456299e-187,9.88482947886126,1,0.005,2.79368738912597e-183,"C09","MarkerC09-088"
1.41118422614337e-187,9.57827492357413,1,0.006,2.82236845228675e-183,"C09","MarkerC09-134"
1.41451836925683e-187,9.6880734352612,1,0.005,2.82903673851365e-183,"C09","MarkerC09-093"
1.48028582964802e-187,9.79015666022054,1,0.005,2.96057165929604e-183,"C09","MarkerC09-148"
1.50570653782111e-187,9.7428299394124,1,0.006,3.01141307564223e-183,"C09","MarkerC09-077"
1.5796521753447e-187,9.98821036188487,1,0.005,3.15930435068939e-183,"C09","MarkerC09-005"
1.7864527401653e-187,9.94479714328215,1,0.004,3.57290548033061e-183,"C09","MarkerC09-123"
1.84839758742617e-187,9.7540942554361,1,0.005,3.69679517485234e-183,"C09","MarkerC09-130"
1.95762736448817e-187,9.66993260480279,1,0.005,3.91525472897633e-183,"C09","MarkerC09-021"
1.97100176947423e-187,9.71494826253663,1,0.006,3.94200353894845e-183,"C09","MarkerC09-074"
1.97767993151466e-187,9.86778010112869,1,0.004,3.95535986302931e-183,"C09","MarkerC09-094"
2.01186267773393e-187,9.90318760797785,1,0.004,4.02372535546787e-183,"C09","MarkerC09-008"
2.18364481202582e-187,9.77532525743288,1,0.005,4.36728962405163e-183,"C09","MarkerC09-038"
2.19864472434911e-187,9.79781865078377,1,0.005,4.39728944869822e-183,"C09","MarkerC09-113"
2.21360566262797e-187,9.55876542813065,1,0.006,4.42721132525594e-183,"C09","MarkerC09-114"
2.32198264961885e-187,10.175533897819,1,0.004,4.64396529923769e-183,"C09","MarkerC09-092"
2.36386762958937e-187,9.81903826736516,1,0.005,4.72773525917874e-183,"C09","MarkerC09-011"
2.38610464434606e-187,9.95306150492755,1,0.004,4.77220928869212e-183,"C09","MarkerC09-050"
2.85951508555293e-187,9.49877295844827,1,0.005,5.71903017110586e-183,"C09","MarkerC09-016"
3.07498550554474e-187,10.2463164902156,1,0.004,6.14997101108948e-183,"C09","MarkerC09-140"
3.09602781681278e-187,9.75155054087336,1,0.005,6.19205563362556e-183,"C09","MarkerC09-135"
3.1597367115533e-187,9.95459284048329,1,0.005,6.31947342310661e-183,"C09","MarkerC09-111"
3.13521057159357e-188,9.89454366825819,1,0.005,6.27042114318713e-184,"C10","MarkerC10-112"
3.13545939029539e-188,10.0133770290095,1,0.005,6.27091878059078e-184,"C10","MarkerC10-065"
3.13545939029539e-188,9.9242325738031,1,0.005,6.27091878059078e-184,"C10","MarkerC10-106"
3.13554233423013e-188,9.8522233708215,1,0.005,6.27108466846025e-184,"C10","MarkerC10-124"
3.13555155035754e-188,9.91067544385884,1,0.005,6.27110310071508e-184,"C10","MarkerC10-015"
3.13556998269387e-188,9.780879599149,1,0.005,6.27113996538774e-184,"C10","MarkerC10-138"
3.13561606400574e-188,9.67869248581939,1,0.005,6.27123212801149e-184,"C10","MarkerC10-011"
3.13562528034896e-188,9.76272401274147,1,0.005,6.27125056069793e-184,"C10","MarkerC10-076"
3.13565292954032e-188,9.93240918993433,1,0.005,6.27130585908063e-184,"C10","MarkerC10-034"
3.13566214599144e-188,9.47913199278483,1,0.006,6.27132429198288e-184,"C10","MarkerC10-105"
3.13568057897454e-188,9.98444578793465,1,0.005,6.27136115794908e-184,"C10","MarkerC10-087"
3.13568979550684e-188,9.84143569913747,1,0.005,6.27137959101367e-184,"C10","MarkerC10-049"
4.52255490447519e-188,9.79348557772767,1,0.005,9.04510980895037e-184,"C10","MarkerC10-142"
4.52267433769378e-188,9.96247511784281,1,0.004,9.04534867538756e-184,"C10","MarkerC10-005"
4.52276723236747e-188,9.96102123134261,1,0.005,9.04553446473494e-184,"C10","MarkerC10-118"
4.52283358686887e-188,9.95315646204355,1,0.004,9.04566717373775e-184,"C10","MarkerC10-053"
4.52287340003448e-188,9.75774224841808,1,0.005,9.04574680006895e-184,"C10","MarkerC10-023"
4.52289994233935e-188,10.0421812359307,1,0.004,9.04579988467871e-184,"C10","MarkerC10-127"
4.52299284162551e-188,9.8166573111752,1,0.005,9.04598568325102e-184,"C10","MarkerC10-007"
4.52308574281099e-188,9.99182528632942,1,0.004,9.04617148562198e-184,"C10","MarkerC10-019"
4.52308574281099e-188,10.0796311548767,1,0.004,9.04617148562198e-184,"C10","MarkerC10-098"
4.52309901456443e-188,9.81895396629389,1,0.005,9.04619802912887e-184,"C10","MarkerC10-042"
4.52324500640449e-188,9.92905506469512,1,0.005,9.04649001280897e-184,"C10","MarkerC10-122"
4.52337773032978e-188,9.84448043213689,1,0.005,9.04675546065957e-184,"C10","MarkerC10-009"
4.55421273670998e-188,9.85368246878462,1,0.005,9.10842547341997e-184,"C10","MarkerC10-117"
4.55423946249419e-188,9.8124808230239,1,0.005,9.10847892498839e-184,"C10","MarkerC10-052"
4.58505589564214e-188,9.96359208764133,1,0.005,9.17011179128428e-184,"C10","MarkerC10-001"
4.58525769721806e-188,9.90240831593456,1,0.005,9.17051539443611e-184,"C10","MarkerC10-131"
4.58543259906952e-188,9.77092407766044,1,0.005,9.17086519813905e-184,"C10","MarkerC10-148"
4.61663594844659e-188,9.44471390213745,1,0.006,9.23327189689318e-184,"C10","MarkerC10-092"
4.61678495229106e-188,9.8416432622728,1,0.005,9.23356990458212e-184,"C10","MarkerC10-085"
4.61705588063639e-188,9.79413055840499,1,0.005,9.23411176127277e-184,"C10","MarkerC10-116"
4.61711006820416e-188,9.84209134075723,1,0.005,9.23422013640832e-184,"C10","MarkerC10-078"
4.71294833345461e-188,9.76221207381692,1,0.005,9.42589666690922e-184,"C10","MarkerC10-045"
4.84379272372477e-188,10.0164773728513,1,0.004,9.68758544744953e-184,"C10","MarkerC10-111"
4.9444031459847e-188,10.1036458808714,1,0.004,9.8888062919694e-184,"C10","MarkerC10-062"
5.04727853105864e-188,9.67205726948279,1,0.005,1.00945570621173e-183,"C10","MarkerC10-128"
6.51005085087061e-188,9.78849916064692,1,0.005,1.30201017017412e-183,"C10","MarkerC10-145"
6.51031782899946e-188,9.8178620699097,1,0.005,1.30206356579989e-183,"C10","MarkerC10-029"
6.51037504001664e-188,9.68340160762936,1,0.005,1.30207500800333e-183,"C10","MarkerC10-067"
6.51039411046662e-188,9.66221414290742,1,0.006,1.30207882209332e-183,"C10","MarkerC10-137"
6.51045132214998e-188,9.70127132119424,1,0.005,1.30209026443e-183,"C10","MarkerC10-084"
6.51048946355076e-188,9.8460732631662,1,0.005,1.30209789271015e-183,"C10","MarkerC10-057"
6.51056574701917e-188,9.96201196053866,1,0.004,1.30211314940383e-183,"C10","MarkerC10-136"
6.51066110260608e-188,9.80635408403614,1,0.005,1.30213222052122e-183,"C10","MarkerC10-074"
6.51068017388965e-188,9.95007155144156,1,0.005,1.30213603477793e-183,"C10","MarkerC10-033"
6.51068017388965e-188,9.5395845865737,1,0.006,1.30213603477793e-183,"C10","MarkerC10-096"
6.51071831662484e-188,9.88131082432323,1,0.005,1.30214366332497e-183,"C10","MarkerC10-083"
6.51077553114444e-188,10.0255640300701,1,0.004,1.30215510622889e-183,"C10","MarkerC10-006"
6.51077553114444e-188,9.73238332690076,1,0.005,1.30215510622889e-183,"C10","MarkerC10-097"
6.51083274616421e-188,9.9131694609623,1,0.005,1.30216654923284e-183,"C10","MarkerC10-146"
6.51087088978882e-188,9.85464744466734,1,0.004,1.30217417795776e-183,"C10","MarkerC10-014"
6.51087088978882e-188,9.96013487414234,1,0.005,1.30217417795776e-183,"C10","MarkerC10-018"
6.55485193947637e-188,9.89190972726145,1,0.005,1.31097038789527e-183,"C10","MarkerC10-071"
6.5551591530767e-188,9.75865646351825,1,0.005,1.31103183061534e-183,"C10","MarkerC10-095"
6.5555047855072e-188,9.5970866678724,1,0.006,1.31110095710144e-183,"C10","MarkerC10-004"
6.55558159517843e-188,9.68626455053751,1,0.005,1.31111631903569e-183,"C10","MarkerC10-070"
6.55569681136291e-188,9.89502380148743,1,0.005,1.31113936227258e-183,"C10","MarkerC10-123"
6.55569681136291e-188,9.79100313936692,1,0.005,1.31113936227258e-183,"C10","MarkerC10-141"
6.59998031085157e-188,9.89338750179733,1,0.005,1.31999606217031e-183,"C10","MarkerC10-024"
6.6002509683159e-188,9.58813460120752,1,0.005,1.32005019366318e-183,"C10","MarkerC10-046"
6.60027030141546e-188,9.7739479028979,1,0.005,1.32005406028309e-183,"C10","MarkerC10-088"
6.60038630119103e-188,9.88395156389614,1,0.005,1.32007726023821e-183,"C10","MarkerC10-061"
6.60038630119103e-188,9.71110395681749,1,0.005,1.32007726023821e-183,"C10","MarkerC10-093"
6.60056030465945e-188,9.8146591188242,1,0.005,1.32011206093189e-183,"C10","MarkerC10-066"
6.60059897271696e-188,10.1261325483069,1,0.004,1.32011979454339e-183,"C10","MarkerC10-002"
6.60077298176621e-188,9.64420113665354,1,0.006,1.32015459635324e-183,"C10","MarkerC10-008"
6.64561366601489e-188,9.80737075208411,1,0.005,1.32912273320298e-183,"C10","MarkerC10-025"
6.64573046083368e-188,9.63343771433971,1,0.006,1.32914609216674e-183,"C10","MarkerC10-115"
6.69101338772715e-188,9.72629573649136,1,0.006,1.33820267754543e-183,"C10","MarkerC10-056"
6.69109178139847e-188,9.84342107384031,1,0.005,1.33821835627969e-183,"C10","MarkerC10-100"
6.69150336316559e-188,9.55737576501642,1,0.006,1.33830067263312e-183,"C10","MarkerC10-075"
6.69158176255002e-188,10.0908210790322,1,0.004,1.33831635251e-183,"C10","MarkerC10-082"
6.7373543486234e-188,9.98140919152041,1,0.004,1.34747086972468e-183,"C10","MarkerC10-081"
6.73774903448266e-188,9.88857537897329,1,0.005,1.34754980689653e-183,"C10","MarkerC10-108"
6.73796612151631e-188,9.98448470105629,1,0.005,1.34759322430326e-183,"C10","MarkerC10-054"
6.78383704896822e-188,9.8827847527987,1,0.005,1.35676740979364e-183,"C10","MarkerC10-119"
6.7840357473169e-188,9.83961447408528,1,0.005,1.35680714946338e-183,"C10","MarkerC10-104"
6.83046001105699e-188,9.88185099812823,1,0.005,1.3660920022114e-183,"C10","MarkerC10-041"
6.92432350117241e-188,9.9217009972066,1,0.005,1.38486470023448e-183,"C10","MarkerC10-134"
6.97199251551464e-188,9.74390405050322,1,0.005,1.39439850310293e-183,"C10","MarkerC10-109"
6.97217629199609e-188,9.63533882854866,1,0.005,1.39443525839922e-183,"C10","MarkerC10-031"
7.31418806341817e-188,9.69457563439751,1,0.005,1.46283761268363e-183,"C10","MarkerC10-059"
7.36451621584771e-188,9.78424568557833,1,0.005,1.47290324316954e-183,"C10","MarkerC10-047"
7.56877966929585e-188,9.82561933889167,1,0.005,1.51375593385917e-183,"C10","MarkerC10-080"
7.56928943404878e-188,9.78622969870974,1,0.005,1.51385788680976e-183,"C10","MarkerC10-013"
8.21692266433169e-188,9.65231585051879,1,0.005,1.64338453286634e-183,"C10","MarkerC10-022"
8.73905296753933e-188,9.69294360474372,1,0.005,1.74781059350787e-183,"C10","MarkerC10-113"
9.16786270523365e-188,9.92321093692355,1,0.005,1.83357254104673e-183,"C10","MarkerC10-073"
9.35136124777823e-188,9.88745737244003,1,0.005,1.87027224955565e-183,"C10","MarkerC10-069"
9.35158001852085e-188,9.6470322885474,1,0.006,1.87031600370417e-183,"C10","MarkerC10-072"
9.35196287957839e-188,9.85177014138468,1,0.005,1.87039257591568e-183,"C10","MarkerC10-079"
9.35207227131608e-188,9.7646400631562,1,0.005,1.87041445426322e-183,"C10","MarkerC10-132"
9.35231840738552e-188,9.7236942351445,1,0.005,1.8704636814771e-183,"C10","MarkerC10-077"
9.35231840738552e-188,9.68067269095817,1,0.006,1.8704636814771e-183,"C10","MarkerC10-050"
9.35237310516519e-188,9.73601855594312,1,0.005,1.87047462103304e-183,"C10","MarkerC10-021"
9.35237310516519e-188,9.77765374801702,1,0.005,1.87047462103304e-183,"C10","MarkerC10-048"
9.35264659884196e-188,9.96771256267801,1,0.005,1.87052931976839e-183,"C10","MarkerC10-129"
9.35267394864803e-188,9.60958233518988,1,0.006,1.87053478972961e-183,"C10","MarkerC10-030"
9.35270129853107e-188,9.6655304390677,1,0.005,1.87054025970621e-183,"C10","MarkerC10-036"
9.41634944291428e-188,9.9769447172261,1,0.005,1.88326988858286e-183,"C10","MarkerC10-051"
9.48148374925056e-188,10.0039420726331,1,0.004,1.89629674985011e-183,"C10","MarkerC10-126"
9.48156692651917e-188,9.88552661173087,1,0.005,1.89631338530383e-183,"C10","MarkerC10-120"
9.54634224835925e-188,9.8395559107119,1,0.005,1.90926844967185e-183,"C10","MarkerC10-150"
9.54642599327754e-188,9.62230083643078,1,0.005,1.90928519865551e-183,"C10","MarkerC10-130"
9.61170010808266e-188,9.68681351348268,1,0.005,1.92234002161653e-183,"C10","MarkerC10-149"
9.6118687426713e-188,10.0242434227882,1,0.005,1.92237374853426e-183,"C10","MarkerC10-103"
9.81121341642999e-188,9.45450603972034,1,0.006,1.962242683286e-183,"C10","MarkerC10-039"
1.04699295808612e-187,9.71692815083725,1,0.005,2.09398591617224e-183,"C10","MarkerC10-144"
1.05056130680502e-187,9.99905063505031,1,0.005,2.10112261361004e-183,"C10","MarkerC10-089"
1.07973826156914e-187,9.76933310780427,1,0.005,2.15947652313827e-183,"C10","MarkerC10-099"
1.11728489681871e-187,9.72718551944653,1,0.005,2.23456979363742e-183,"C10","MarkerC10-094"
1.2169686016813e-187,9.67521769051581,1,0.005,2.43393720336259e-183,"C10","MarkerC10-064"
1.334703875532e-187,9.87486817277409,1,0.005,2.669407751064e-183,"C10","MarkerC10-027"
1.34060545745662e-187,9.94788840904094,1,0.004,2.68121091491324e-183,"C10","MarkerC10-102"
1.34063676750656e-187,9.87013268311743,1,0.005,2.68127353501313e-183,"C10","MarkerC10-143"
1.34070721778014e-187,9.61734719778407,1,0.005,2.68141443556029e-183,"C10","MarkerC10-043"
1.34985111073785e-187,9.71511720650564,1,0.005,2.69970222147571e-183,"C10","MarkerC10-140"
1.38735754959538e-187,9.46314282079624,1,0.006,2.77471509919076e-183,"C10","MarkerC10-135"
1.40974428591237e-187,9.45316730897001,1,0.006,2.81948857182473e-183,"C10","MarkerC10-028"
1.42919657192047e-187,10.1248721215742,1,0.004,2.85839314384094e-183,"C10","MarkerC10-055"
1.43558303563505e-187,9.82062609362309,1,0.005,2.8711660712701e-183,"C10","MarkerC10-035"
1.47529642213343e-187,9.76663242117772,1,0.005,2.95059284426686e-183,"C10","MarkerC10-147"
1.51613365888057e-187,9.7396760279745,1,0.005,3.03226731776113e-183,"C10","MarkerC10-107"
1.52137645414136e-187,9.88339944527291,1,0.005,3.04275290828273e-183,"C10","MarkerC10-037"
1.5370612127755e-187,9.89368614885943,1,0.005,3.07412242555099e-183,"C10","MarkerC10-020"
1.66842241134941e-187,9.6004405876612,1,0.006,3.33684482269882e-183,"C10","MarkerC10-026"
1.93107109322673e-187,9.74710269404433,1,0.005,3.86214218645346e-183,"C10","MarkerC10-038"
1.93108234918012e-187,9.91424588357138,1,0.005,3.86216469836025e-183,"C10","MarkerC10-125"
1.95772435483973e-187,9.59923690455204,1,0.005,3.91544870967945e-183,"C10","MarkerC10-040"
1.97113963172036e-187,9.88609809444836,1,0.005,3.94227926344071e-183,"C10","MarkerC10-133"
1.98457732483989e-187,9.67651218898917,1,0.005,3.96915464967979e-183,"C10","MarkerC10-090"
1.9981123418584e-187,9.5675951312976,1,0.006,3.99622468371679e-183,"C10","MarkerC10-110"
1.9982113332938e-187,9.7184267784226,1,0.005,3.9964226665876e-183,"C10","MarkerC10-091"
2.0257075264774e-187,9.70820234496276,1,0.005,4.0514150529548e-183,"C10","MarkerC10-010"
2.03255305544592e-187,9.82124489114168,1,0.005,4.06510611089185e-183,"C10","MarkerC10-032"
2.03955244097694e-187,9.7557154339938,1,0.005,4.07910488195388e-183,"C10","MarkerC10-003"
2.11033680290098e-187,9.7364058361207,1,0.005,4.22067360580196e-183,"C10","MarkerC10-086"
2.12483992074858e-187,9.81918811330775,1,0.005,4.24967984149716e-183,"C10","MarkerC10-063"
2.25953578004901e-187,9.55262823056031,1,0.006,4.51907156009802e-183,"C10","MarkerC10-017"
2.33804065498677e-187,9.81061641306704,1,0.005,4.67608130997353e-183,"C10","MarkerC10-101"
2.37020018093102e-187,9.56035551443415,1,0.006,4.74040036186204e-183,"C10","MarkerC10-044"
2.41109535900842e-187,9.70122198353254,1,0.005,4.82219071801683e-183,"C10","MarkerC10-012"
2.45232382506388e-187,9.61224589984441,1,0.006,4.90464765012776e-183,"C10","MarkerC10-114"
2.60790428133941e-187,9.71832727630909,1,0.005,5.21580856267883e-183,"C10","MarkerC10-121"
2.79482216381862e-187,9.80426966403216,1,0.005,5.58964432763725e-183,"C10","MarkerC10-058"
3.49729583564622e-187,9.85459014310806,1,0.005,6.99459167129244e-183,"C10","MarkerC10-016"
4.03671608474623e-187,9.68406978367865,1,0.005,8.07343216949246e-183,"C10","MarkerC10-060"
4.52077552357073e-187,9.83008387060723,1,0.005,9.04155104714146e-183,"C10","MarkerC10-068"
1.18411146161008e-186,9.498901386497,1,0.006,2.36822292322015e-182,"C10","MarkerC10-139"
3.13528429360487e-188,9.99608415294118,1,0.005,6.27056858720973e-184,"C11","MarkerC11-029"
3.13533958624482e-188,9.80149646562081,1,0.005,6.27067917248964e-184,"C11","MarkerC11-142"
3.13539487985615e-188,9.66084413139035,1,0.005,6.27078975971229e-184,"C11","MarkerC11-082"
3.13543174280274e-188,9.69454824992164,1,0.005,6.27086348560548e-184,"C11","MarkerC11-031"
3.13545017443723e-188,9.63739859112324,1,0.006,6.27090034887447e-184,"C11","MarkerC11-008"
3.13552390205581e-188,9.71758198710757,1,0.005,6.27104780411163e-184,"C11","MarkerC11-065"
3.13553311812944e-188,9.66723273207089,1,0.006,6.27106623625888e-184,"C11","MarkerC11-117"
3.13557919890213e-188,9.67685707738124,1,0.005,6.27115839780426e-184,"C11","MarkerC11-026"
3.13565292954032e-188,9.60303505824847,1,0.006,6.27130585908063e-184,"C11","MarkerC11-101"
4.52211700952898e-188,9.96521101349217,1,0.005,9.04423401905795e-184,"C11","MarkerC11-137"
4.52248855404345e-188,9.35167669299501,1,0.007,9.04497710808691e-184,"C11","MarkerC11-107"
4.52259471519943e-188,10.063114969111,1,0.004,9.04518943039886e-184,"C11","MarkerC11-059"
4.52271414946484e-188,9.98742751843469,1,0.004,9.04542829892968e-184,"C11","MarkerC11-027"
4.52275396158312e-188,9.79117661209215,1,0.005,9.04550792316624e-184,"C11","MarkerC11-049"
4.52278050319024e-188,10.1649752059056,1,0.004,9.04556100638049e-184,"C11","MarkerC11-112"
4.52279377405191e-188,10.0553784516403,1,0.004,9.04558754810382e-184,"C11","MarkerC11-061"
4.52279377405191e-188,9.78782278175247,1,0.005,9.04558754810382e-184,"C11","MarkerC11-019"
4.52284685788518e-188,9.8956332741945,1,0.005,9.04569371577036e-184,"C11","MarkerC11-068"
4.52286012894085e-188,9.99837803163741,1,0.005,9.0457202578817e-184,"C11","MarkerC11-075"
4.52291321354919e-188,9.89665433461671,1,0.005,9.04582642709839e-184,"C11","MarkerC11-089"
4.52292648479793e-188,9.97808350484659,1,0.004,9.04585296959586e-184,"C11","MarkerC11-025"
4.52296629877845e-188,10.0861608651972,1,0.004,9.0459325975569e-184,"C11","MarkerC11-110"
4.52301938462769e-188,9.97523418956909,1,0.005,9.04603876925537e-184,"C11","MarkerC11-125"
4.52307247109644e-188,10.1604969493899,1,0.004,9.04614494219288e-184,"C11","MarkerC11-063"
4.52315210196342e-188,10.0333343947833,1,0.004,9.04630420392683e-184,"C11","MarkerC11-070"
4.55403902291653e-188,9.91374593525293,1,0.005,9.10807804583306e-184,"C11","MarkerC11-009"
4.55411919769438e-188,9.84610087287869,1,0.005,9.10823839538875e-184,"C11","MarkerC11-041"
4.58504244251733e-188,9.84133855307645,1,0.005,9.17008488503465e-184,"C11","MarkerC11-055"
4.58548641635861e-188,10.0779806762641,1,0.004,9.17097283271722e-184,"C11","MarkerC11-048"
4.61683913669434e-188,9.68961012763643,1,0.006,9.23367827338869e-184,"C11","MarkerC11-139"
4.61693396092323e-188,9.92948172474036,1,0.005,9.23386792184647e-184,"C11","MarkerC11-042"
4.64854236677921e-188,10.0062814573653,1,0.004,9.29708473355841e-184,"C11","MarkerC11-074"
4.6803943825293e-188,10.0161018506449,1,0.005,9.3607887650586e-184,"C11","MarkerC11-095"
4.94451918701091e-188,9.92897488368736,1,0.005,9.88903837402183e-184,"C11","MarkerC11-084"
6.1769519050075e-188,9.70271942977856,1,0.005,1.2353903810015e-183,"C11","MarkerC11-097"
6.51029875877064e-188,9.81983372991913,1,0.005,1.30205975175413e-183,"C11","MarkerC11-134"
6.51033689928273e-188,9.964997343635,1,0.004,1.30206737985655e-183,"C11","MarkerC11-067"
6.51033689928273e-188,9.79209104821189,1,0.005,1.30206737985655e-183,"C11","MarkerC11-133"
6.51041318097104e-188,9.61604738574622,1,0.006,1.30208263619421e-183,"C11","MarkerC11-015"
6.51052760517337e-188,9.95238717835778,1,0.005,1.30210552103467e-183,"C11","MarkerC11-054"
6.51069924522968e-188,9.66952173987316,1,0.005,1.30213984904594e-183,"C11","MarkerC11-086"
6.51075645958188e-188,10.0211344305484,1,0.004,1.30215129191638e-183,"C11","MarkerC11-022"
6.51098532199782e-188,9.58601809451968,1,0.006,1.30219706439956e-183,"C11","MarkerC11-005"
6.51106161124913e-188,9.48385843121774,1,0.006,1.30221232224983e-183,"C11","MarkerC11-045"
6.554775138315e-188,10.0412526327421,1,0.005,1.310955027663e-183,"C11","MarkerC11-051"
6.55508234833228e-188,10.0111201992296,1,0.005,1.31101646966646e-183,"C11","MarkerC11-002"
6.55512075059418e-188,9.72085478535462,1,0.006,1.31102415011884e-183,"C11","MarkerC11-044"
6.55517835440326e-188,9.64087153317713,1,0.005,1.31103567088065e-183,"C11","MarkerC11-047"
6.55531276525123e-188,9.74759503026,1,0.005,1.31106255305025e-183,"C11","MarkerC11-076"
6.55544717884317e-188,9.73975473536832,1,0.005,1.31108943576863e-183,"C11","MarkerC11-104"
6.55548558322967e-188,9.66781599324388,1,0.006,1.31109711664593e-183,"C11","MarkerC11-035"
6.55565840574449e-188,9.62817485318239,1,0.006,1.3111316811489e-183,"C11","MarkerC11-001"
6.6002316352736e-188,9.85042785019572,1,0.005,1.32004632705472e-183,"C11","MarkerC11-040"
6.60034763437314e-188,9.70827074369689,1,0.005,1.32006952687463e-183,"C11","MarkerC11-132"
6.60036696775483e-188,9.91592150864751,1,0.005,1.32007339355097e-183,"C11","MarkerC11-108"
6.60079231638617e-188,9.96388503271235,1,0.005,1.32015846327723e-183,"C11","MarkerC11-111"
6.6456720631687e-188,9.93355910567724,1,0.004,1.32913441263374e-183,"C11","MarkerC11-146"
6.6457109948891e-188,10.0040917897951,1,0.005,1.32914219897782e-183,"C11","MarkerC11-043"
6.6458277914102e-188,9.8942821874426,1,0.005,1.32916555828204e-183,"C11","MarkerC11-018"
6.64590565689295e-188,9.52543492887217,1,0.006,1.32918113137859e-183,"C11","MarkerC11-150"
6.73751222020483e-188,9.79983032389445,1,0.005,1.34750244404097e-183,"C11","MarkerC11-010"
6.78383704896822e-188,9.83491353958095,1,0.005,1.35676740979364e-183,"C11","MarkerC11-093"
6.87679875803717e-188,9.92361102748074,1,0.005,1.37535975160743e-183,"C11","MarkerC11-039"
6.87718145124023e-188,9.58394291133037,1,0.006,1.37543629024805e-183,"C11","MarkerC11-050"
6.8773425915635e-188,9.96893821752337,1,0.005,1.3754685183127e-183,"C11","MarkerC11-024"
6.87740302015282e-188,9.87930696100155,1,0.005,1.37548060403056e-183,"C11","MarkerC11-114"
6.90088406299798e-188,9.77863859456248,1,0.005,1.3801768125996e-183,"C11","MarkerC11-056"
6.9237962397195e-188,9.84556798967467,1,0.005,1.3847592479439e-183,"C11","MarkerC11-148"
7.04412164277701e-188,9.73625270185751,1,0.005,1.4088243285554e-183,"C11","MarkerC11-088"
7.06819193226998e-188,9.74076773671106,1,0.005,1.413638386454e-183,"C11","MarkerC11-069"
7.3382559908657e-188,9.60460911906402,1,0.005,1.46765119817314e-183,"C11","MarkerC11-046"
7.36462404759815e-188,9.71683400768694,1,0.005,1.47292480951963e-183,"C11","MarkerC11-140"
8.32947297155924e-188,9.7535790442783,1,0.005,1.66589459431185e-183,"C11","MarkerC11-057"
9.35114248213104e-188,9.73786953411898,1,0.005,1.87022849642621e-183,"C11","MarkerC11-021"
9.35158001852085e-188,9.9857329624545,1,0.005,1.87031600370417e-183,"C11","MarkerC11-014"
9.35158001852085e-188,9.96548726962051,1,0.005,1.87031600370417e-183,"C11","MarkerC11-083"
9.35212696766371e-188,9.81269276049287,1,0.005,1.87042539353274e-183,"C11","MarkerC11-023"
9.35215431595687e-188,9.7792902330559,1,0.005,1.87043086319137e-183,"C11","MarkerC11-098"
9.35220901278184e-188,9.89866774665699,1,0.005,1.87044180255637e-183,"C11","MarkerC11-028"
9.35240045417533e-188,9.69177105916678,1,0.005,1.87048009083507e-183,"C11","MarkerC11-102"
9.35240045417533e-188,9.82371136412677,1,0.005,1.87048009083507e-183,"C11","MarkerC11-121"
9.3524825016802e-188,10.0826312815043,1,0.005,1.87049650033604e-183,"C11","MarkerC11-033"
9.35250985100891e-188,9.51238754234755,1,0.006,1.87050197020178e-183,"C11","MarkerC11-119"
9.35250985100891e-188,9.61241027272902,1,0.006,1.87050197020178e-183,"C11","MarkerC11-138"
9.41637697857221e-188,9.95881076968354,1,0.004,1.88327539571444e-183,"C11","MarkerC11-038"
9.41637697857221e-188,9.75179378387973,1,0.005,1.88327539571444e-183,"C11","MarkerC11-096"
9.41643205012642e-188,9.76594910390902,1,0.005,1.88328641002528e-183,"C11","MarkerC11-071"
9.41706539605405e-188,9.77064013810707,1,0.005,1.88341307921081e-183,"C11","MarkerC11-116"
9.48054112428718e-188,9.68259326740438,1,0.005,1.89610822485744e-183,"C11","MarkerC11-145"
9.48062429332574e-188,9.95115943961912,1,0.005,1.89612485866515e-183,"C11","MarkerC11-129"
9.48115104743472e-188,9.83945785152957,1,0.005,1.89623020948694e-183,"C11","MarkerC11-087"
9.4812064969302e-188,10.0763381422757,1,0.004,1.89624129938604e-183,"C11","MarkerC11-034"
9.54561648969964e-188,9.83609631396749,1,0.005,1.90912329793993e-183,"C11","MarkerC11-052"
9.54572814130417e-188,9.8410172116888,1,0.005,1.90914562826083e-183,"C11","MarkerC11-064"
9.54589562114635e-188,10.0204068389166,1,0.004,1.90917912422927e-183,"C11","MarkerC11-077"
9.546230589605e-188,9.92749153014226,1,0.005,1.909246117921e-183,"C11","MarkerC11-013"
9.546230589605e-188,9.69222427766118,1,0.005,1.909246117921e-183,"C11","MarkerC11-143"
9.54637016324916e-188,10.0734243658076,1,0.005,1.90927403264983e-183,"C11","MarkerC11-113"
9.54639807822159e-188,9.80963052488281,1,0.005,1.90927961564432e-183,"C11","MarkerC11-124"
9.61133474324171e-188,9.69281827572723,1,0.006,1.92226694864834e-183,"C11","MarkerC11-092"
9.61155958150788e-188,9.98535023842611,1,0.005,1.92231191630158e-183,"C11","MarkerC11-135"
9.61184063670264e-188,9.770658359325,1,0.005,1.92236812734053e-183,"C11","MarkerC11-094"
9.612402771631e-188,10.0618101662583,1,0.004,1.9224805543262e-183,"C11","MarkerC11-085"
9.67781618675782e-188,9.77927979727648,1,0.005,1.93556323735157e-183,"C11","MarkerC11-131"
9.71663847884346e-188,9.64341990591758,1,0.006,1.94332769576869e-183,"C11","MarkerC11-011"
9.7438736688054e-188,9.68880202321258,1,0.005,1.94877473376108e-183,"C11","MarkerC11-103"
9.8110412927143e-188,9.43597281055294,1,0.006,1.96220825854286e-183,"C11","MarkerC11-073"
9.87763159485164e-188,9.73806215840241,1,0.005,1.97552631897033e-183,"C11","MarkerC11-115"
9.87763159485164e-188,9.6006692696748,1,0.006,1.97552631897033e-183,"C11","MarkerC11-144"
9.87768935759993e-188,9.57500615656429,1,0.006,1.97553787151999e-183,"C11","MarkerC11-081"
9.8780359411658e-188,10.0088210108299,1,0.004,1.97560718823316e-183,"C11","MarkerC11-109"
1.00135748386992e-187,9.87594697588716,1,0.005,2.00271496773984e-183,"C11","MarkerC11-120"
1.00827173047246e-187,9.89444291033562,1,0.004,2.01654346094491e-183,"C11","MarkerC11-062"
1.01177629657521e-187,9.75459699356297,1,0.005,2.02355259315041e-183,"C11","MarkerC11-127"
1.02220774399288e-187,9.907097491133,1,0.005,2.04441548798577e-183,"C11","MarkerC11-106"
1.0650655611475e-187,9.88357478388309,1,0.005,2.13013112229501e-183,"C11","MarkerC11-080"
1.07972247969212e-187,9.57650944156362,1,0.005,2.15944495938423e-183,"C11","MarkerC11-012"
1.17203739410231e-187,9.80479189088082,1,0.005,2.34407478820463e-183,"C11","MarkerC11-072"
1.24640448601578e-187,9.9754482358244,1,0.005,2.49280897203157e-183,"C11","MarkerC11-123"
1.34064068131402e-187,9.86664931481591,1,0.005,2.68128136262805e-183,"C11","MarkerC11-032"
1.34064068131402e-187,9.87356211685025,1,0.005,2.68128136262805e-183,"C11","MarkerC11-100"
1.34068764789024e-187,9.85810857878163,1,0.005,2.68137529578047e-183,"C11","MarkerC11-066"
1.34069156184536e-187,9.64237212497222,1,0.006,2.68138312369073e-183,"C11","MarkerC11-090"
1.3407033037795e-187,9.79035203043023,1,0.005,2.68140660755901e-183,"C11","MarkerC11-004"
1.34977230025829e-187,9.66775640645379,1,0.006,2.69954460051658e-183,"C11","MarkerC11-141"
1.37779899605566e-187,9.83631334858096,1,0.005,2.75559799211132e-183,"C11","MarkerC11-017"
1.39683146212267e-187,9.90053878998564,1,0.005,2.79366292424533e-183,"C11","MarkerC11-003"
1.4452804092975e-187,9.68971521001052,1,0.005,2.89056081859499e-183,"C11","MarkerC11-006"
1.46523108563728e-187,9.82544675533912,1,0.005,2.93046217127456e-183,"C11","MarkerC11-060"
1.6014460873111e-187,9.93473116469656,1,0.005,3.2028921746222e-183,"C11","MarkerC11-036"
1.61243658707e-187,9.99397554693019,1,0.004,3.22487317414e-183,"C11","MarkerC11-007"
1.66269776557002e-187,9.91895300012556,1,0.005,3.32539553114004e-183,"C11","MarkerC11-130"
1.95770153315017e-187,9.67027050653997,1,0.005,3.91540306630034e-183,"C11","MarkerC11-037"
1.99127821769095e-187,9.6968362250326,1,0.006,3.9825564353819e-183,"C11","MarkerC11-105"
2.01188026638662e-187,9.99122894632244,1,0.004,4.02376053277323e-183,"C11","MarkerC11-136"
2.02563078750229e-187,9.78944629904404,1,0.005,4.05126157500459e-183,"C11","MarkerC11-118"
2.06752645571065e-187,9.7081237374664,1,0.005,4.13505291142129e-183,"C11","MarkerC11-016"
2.11037369805509e-187,9.68429166625009,1,0.005,4.22074739611017e-183,"C11","MarkerC11-099"
2.11045978924547e-187,9.77333981730474,1,0.005,4.22091957849093e-183,"C11","MarkerC11-128"
2.12477181754797e-187,9.86769867476287,1,0.005,4.24954363509595e-183,"C11","MarkerC11-030"
2.13913716015666e-187,9.72538638021169,1,0.005,4.27827432031332e-183,"C11","MarkerC11-078"
2.16136156905156e-187,9.62462870338,1,0.006,4.32272313810312e-183,"C11","MarkerC11-053"
2.22894101331207e-187,9.85897780854011,1,0.005,4.45788202662413e-183,"C11","MarkerC11-091"
2.40265455457607e-187,9.90060394601317,1,0.005,4.80530910915214e-183,"C11","MarkerC11-122"
2.93139652516433e-187,9.80395384253365,1,0.005,5.86279305032865e-183,"C11","MarkerC11-079"
3.07487817235896e-187,9.69894449838087,1,0.005,6.14975634471793e-183,"C11","MarkerC11-149"
4.20528659967508e-187,9.82721566416418,1,0.005,8.41057319935015e-183,"C11","MarkerC11-058"
4.41035495482314e-187,9.72418113931458,1,0.005,8.82070990964628e-183,"C11","MarkerC11-020"
8.0341160382146e-187,9.71579438994017,1,0.005,1.60682320764292e-182,"C11","MarkerC11-126"
8.42640836248158e-187,9.90831337633263,1,0.005,1.68528167249632e-182,"C11","MarkerC11-147"
3.135293508977e-188,9.91181977941773,1,0.005,6.27058701795401e-184,"C12","MarkerC12-073"
3.13545939029539e-188,10.0388671191173,1,0.004,6.27091878059078e-184,"C12","MarkerC12-137"
3.13548703803121e-188,10.0639347641978,1,0.004,6.27097407606243e-184,"C12","MarkerC12-043"
3.13551468600957e-188,9.62796460985098,1,0.005,6.27102937201914e-184,"C12","MarkerC12-124"
3.13552390205581e-188,9.84051980291556,1,0.005,6.27104780411163e-184,"C12","MarkerC12-020"
3.13553311812944e-188,9.75326225268608,1,0.005,6.27106623625888e-184,"C12","MarkerC12-078"
3.13556076651201e-188,9.63535561671356,1,0.005,6.27112153302403e-184,"C12","MarkerC12-099"
3.13556076651201e-188,9.78708574824539,1,0.005,6.27112153302403e-184,"C12","MarkerC12-147"
3.13558841513777e-188,9.80359863689919,1,0.005,6.27117683027555e-184,"C12","MarkerC12-092"
3.13559763139982e-188,9.70877070199554,1,0.005,6.27119526279964e-184,"C12","MarkerC12-065"
3.13559763139982e-188,9.83889005670986,1,0.005,6.27119526279964e-184,"C12","MarkerC12-097"
3.13570822865196e-188,9.88693213078918,1,0.005,6.27141645730391e-184,"C12","MarkerC12-141"
3.13573587857159e-188,9.96885618864683,1,0.005,6.27147175714319e-184,"C12","MarkerC12-003"
4.52267433769378e-188,9.93503022265648,1,0.005,9.04534867538756e-184,"C12","MarkerC12-148"
4.52270087883512e-188,9.83602544758184,1,0.005,9.04540175767024e-184,"C12","MarkerC12-033"
4.52276723236747e-188,9.8217917003903,1,0.005,9.04553446473494e-184,"C12","MarkerC12-037"
4.52283358686887e-188,9.65550719371388,1,0.005,9.04566717373775e-184,"C12","MarkerC12-030"
4.52286012894085e-188,9.72135045231554,1,0.005,9.0457202578817e-184,"C12","MarkerC12-070"
4.52295302741303e-188,9.6335981423929,1,0.006,9.04590605482605e-184,"C12","MarkerC12-104"
4.52296629877845e-188,9.99631359243835,1,0.004,9.0459325975569e-184,"C12","MarkerC12-105"
4.52296629877845e-188,9.71741346538583,1,0.005,9.0459325975569e-184,"C12","MarkerC12-006"
4.52297957018277e-188,9.91018502559544,1,0.005,9.04595914036553e-184,"C12","MarkerC12-083"
4.52299284162551e-188,9.68968820879374,1,0.006,9.04598568325102e-184,"C12","MarkerC12-031"
4.52305919942126e-188,9.87132473631794,1,0.005,9.04611839884252e-184,"C12","MarkerC12-145"
4.52307247109644e-188,9.7277556691004,1,0.005,9.04614494219288e-184,"C12","MarkerC12-002"
4.52313883005579e-188,9.91696966520209,1,0.005,9.04627766011159e-184,"C12","MarkerC12-126"
4.52321846208546e-188,9.85882440955998,1,0.005,9.04643692417091e-184,"C12","MarkerC12-079"
4.5539855738455e-188,9.83799789497546,1,0.005,9.107971147691e-184,"C12","MarkerC12-045"
4.5539989360544e-188,9.62998305076264,1,0.006,9.1079978721088e-184,"C12","MarkerC12-005"
4.55411919769438e-188,9.91651221894802,1,0.005,9.10823839538875e-184,"C12","MarkerC12-027"
4.58525769721806e-188,9.91174281891427,1,0.004,9.17051539443611e-184,"C12","MarkerC12-039"
4.58543259906952e-188,9.94948891176535,1,0.005,9.17086519813905e-184,"C12","MarkerC12-118"
4.61660885735314e-188,9.9394509346218,1,0.005,9.23321771470628e-184,"C12","MarkerC12-120"
4.61690686808832e-188,9.84765081149387,1,0.005,9.23381373617664e-184,"C12","MarkerC12-089"
4.64843325619511e-188,9.92030450988092,1,0.005,9.29686651239021e-184,"C12","MarkerC12-055"
4.66437279064112e-188,10.110689544502,1,0.004,9.32874558128223e-184,"C12","MarkerC12-016"
4.68060037032963e-188,9.81764938498429,1,0.005,9.36120074065927e-184,"C12","MarkerC12-034"
4.71258883194544e-188,9.72936578502043,1,0.005,9.42517766389087e-184,"C12","MarkerC12-080"
4.71276857928856e-188,9.79009061818237,1,0.005,9.42553715857712e-184,"C12","MarkerC12-004"
4.84377851325675e-188,9.79899564836365,1,0.004,9.6875570265135e-184,"C12","MarkerC12-001"
4.97842601953877e-188,9.99411152921254,1,0.004,9.95685203907754e-184,"C12","MarkerC12-062"
6.51014619895141e-188,9.60917045747239,1,0.005,1.30202923979028e-183,"C12","MarkerC12-127"
6.51024154842165e-188,9.95410559343219,1,0.005,1.30204830968433e-183,"C12","MarkerC12-101"
6.51039411046662e-188,10.1444315826561,1,0.004,1.30207882209332e-183,"C12","MarkerC12-008"
6.51056574701917e-188,9.8950717097038,1,0.005,1.30211314940383e-183,"C12","MarkerC12-146"
6.51066110260608e-188,9.55852599196972,1,0.006,1.30213222052122e-183,"C12","MarkerC12-015"
6.51068017388965e-188,9.98559611611696,1,0.004,1.30213603477793e-183,"C12","MarkerC12-035"
6.51069924522968e-188,9.70113605387052,1,0.005,1.30213984904594e-183,"C12","MarkerC12-131"
6.51075645958188e-188,9.82330761581587,1,0.005,1.30215129191638e-183,"C12","MarkerC12-149"
6.51077553114444e-188,9.55471434389717,1,0.006,1.30215510622889e-183,"C12","MarkerC12-041"
6.51077553114444e-188,9.6196647281558,1,0.006,1.30215510622889e-183,"C12","MarkerC12-116"
6.51079460276212e-188,9.91752285164632,1,0.005,1.30215892055242e-183,"C12","MarkerC12-056"
6.55519755578394e-188,9.91014640617457,1,0.005,1.31103951115679e-183,"C12","MarkerC12-107"
6.55521675722285e-188,9.71852933153728,1,0.005,1.31104335144457e-183,"C12","MarkerC12-047"
6.55529356353415e-188,9.80235627871429,1,0.005,1.31105871270683e-183,"C12","MarkerC12-048"
6.5554279767335e-188,9.9404344731116,1,0.005,1.3110855953467e-183,"C12","MarkerC12-054"
6.5554279767335e-188,9.9624240375276,1,0.005,1.3110855953467e-183,"C12","MarkerC12-138"
6.6002509683159e-188,9.67995713949458,1,0.005,1.32005019366318e-183,"C12","MarkerC12-087"
6.60056030465945e-188,9.89650626917195,1,0.005,1.32011206093189e-183,"C12","MarkerC12-064"
6.64574992683384e-188,9.83120402202113,1,0.005,1.32914998536677e-183,"C12","MarkerC12-067"
6.69144456422727e-188,9.81736755922754,1,0.005,1.33828891284545e-183,"C12","MarkerC12-103"
6.69173856406088e-188,10.0199719090198,1,0.004,1.33834771281218e-183,"C12","MarkerC12-112"
6.73725568075326e-188,9.57519106843293,1,0.006,1.34745113615065e-183,"C12","MarkerC12-063"
6.73743328395435e-188,9.78954996324752,1,0.005,1.34748665679087e-183,"C12","MarkerC12-044"
6.73751222020483e-188,9.65421741683882,1,0.006,1.34750244404097e-183,"C12","MarkerC12-113"
6.78351914365781e-188,9.74389905213846,1,0.005,1.35670382873156e-183,"C12","MarkerC12-069"
6.78383704896822e-188,9.79668056927731,1,0.005,1.35676740979364e-183,"C12","MarkerC12-024"
6.82987986790833e-188,9.97139447492554,1,0.004,1.36597597358167e-183,"C12","MarkerC12-136"
7.06798493104826e-188,9.6160556097467,1,0.006,1.41359698620965e-183,"C12","MarkerC12-096"
7.0682333332373e-188,9.86556478382138,1,0.005,1.41364666664746e-183,"C12","MarkerC12-007"
7.16540236134695e-188,9.87517544016494,1,0.005,1.43308047226939e-183,"C12","MarkerC12-090"
7.36471031413136e-188,9.71176845176062,1,0.005,1.47294206282627e-183,"C12","MarkerC12-036"
7.98602464688377e-188,9.81414606862847,1,0.005,1.59720492937675e-183,"C12","MarkerC12-150"
8.04979594532348e-188,9.58704134820993,1,0.005,1.6099591890647e-183,"C12","MarkerC12-143"
8.73879715976344e-188,9.92630444277142,1,0.005,1.74775943195269e-183,"C12","MarkerC12-040"
8.79865779785382e-188,9.58826013937131,1,0.006,1.75973155957076e-183,"C12","MarkerC12-076"
9.35168940580286e-188,9.74467692992307,1,0.006,1.87033788116057e-183,"C12","MarkerC12-058"
9.35177144709942e-188,9.56582379054787,1,0.006,1.87035428941988e-183,"C12","MarkerC12-119"
9.35193553184343e-188,9.86125959363677,1,0.005,1.87038710636869e-183,"C12","MarkerC12-061"
9.35207227131608e-188,9.76915318565223,1,0.005,1.87041445426322e-183,"C12","MarkerC12-085"
9.35209961945044e-188,9.77059658167816,1,0.005,1.87041992389009e-183,"C12","MarkerC12-082"
9.35220901278184e-188,9.80959157783293,1,0.005,1.87044180255637e-183,"C12","MarkerC12-010"
9.35223636131269e-188,9.75532260386257,1,0.005,1.87044727226254e-183,"C12","MarkerC12-050"
9.35223636131269e-188,9.77023273946813,1,0.005,1.87044727226254e-183,"C12","MarkerC12-100"
9.35231840738552e-188,9.61530878813997,1,0.005,1.8704636814771e-183,"C12","MarkerC12-123"
9.35234575623687e-188,9.94749617145996,1,0.005,1.87046915124737e-183,"C12","MarkerC12-028"
9.35294745107912e-188,9.85263370805947,1,0.005,1.87058949021582e-183,"C12","MarkerC12-060"
9.38408728401169e-188,9.63379351157585,1,0.006,1.87681745680234e-183,"C12","MarkerC12-019"
9.4154132782483e-188,9.88047572747003,1,0.005,1.88308265564966e-183,"C12","MarkerC12-132"
9.41629437183971e-188,9.91475068993709,1,0.004,1.88325887436794e-183,"C12","MarkerC12-122"
9.41665233955348e-188,9.86791623505954,1,0.005,1.8833304679107e-183,"C12","MarkerC12-018"
9.41676248619094e-188,10.1354654656855,1,0.004,1.88335249723819e-183,"C12","MarkerC12-144"
9.41714800951818e-188,9.64487560964985,1,0.006,1.88342960190364e-183,"C12","MarkerC12-057"
9.48128967177928e-188,9.63347402313736,1,0.005,1.89625793435586e-183,"C12","MarkerC12-009"
9.48162237843517e-188,9.75051091682383,1,0.005,1.89632447568703e-183,"C12","MarkerC12-068"
9.48162237843517e-188,9.90806319788119,1,0.005,1.89632447568703e-183,"C12","MarkerC12-086"
9.54581188085938e-188,9.81163889973296,1,0.005,1.90916237617188e-183,"C12","MarkerC12-025"
9.54620267512077e-188,9.71236244623806,1,0.006,1.90924053502415e-183,"C12","MarkerC12-059"
9.54637016324916e-188,9.92393502703379,1,0.005,1.90927403264983e-183,"C12","MarkerC12-108"
9.54653765430476e-188,9.83402008002491,1,0.005,1.90930753086095e-183,"C12","MarkerC12-091"
9.61133474324171e-188,9.7208761170069,1,0.005,1.92226694864834e-183,"C12","MarkerC12-125"
9.61161579189254e-188,9.82370262220233,1,0.005,1.92232315837851e-183,"C12","MarkerC12-012"
9.6118687426713e-188,9.71679179358234,1,0.006,1.92237374853426e-183,"C12","MarkerC12-094"
9.61195306107081e-188,9.95430545686217,1,0.005,1.92239061221416e-183,"C12","MarkerC12-110"
9.67756150453883e-188,9.75629186947562,1,0.005,1.93551230090777e-183,"C12","MarkerC12-038"
9.67764639786967e-188,9.97756606757603,1,0.005,1.93552927957393e-183,"C12","MarkerC12-066"
9.74361725226495e-188,9.69859913853445,1,0.006,1.94872345045299e-183,"C12","MarkerC12-134"
9.74373121434265e-188,9.94530696115411,1,0.005,1.94874624286853e-183,"C12","MarkerC12-095"
9.74390215994637e-188,10.0979543733153,1,0.005,1.94878043198927e-183,"C12","MarkerC12-140"
9.74472843911469e-188,9.6463493512297,1,0.005,1.94894568782294e-183,"C12","MarkerC12-013"
9.84517254728131e-188,9.76175035911758,1,0.005,1.96903450945626e-183,"C12","MarkerC12-142"
9.87913353564272e-188,9.74596647099797,1,0.005,1.97582670712854e-183,"C12","MarkerC12-072"
9.88421668518115e-188,9.76036829745087,1,0.005,1.97684333703623e-183,"C12","MarkerC12-017"
1.00146874582389e-187,9.83991699676975,1,0.005,2.00293749164779e-183,"C12","MarkerC12-023"
1.02222866442034e-187,9.67933549616794,1,0.006,2.04445732884068e-183,"C12","MarkerC12-077"
1.07968460412395e-187,9.82932427386796,1,0.005,2.1593692082479e-183,"C12","MarkerC12-128"
1.08711995981074e-187,9.66122503055824,1,0.005,2.17423991962148e-183,"C12","MarkerC12-093"
1.10964995953642e-187,9.61352215530161,1,0.005,2.21929991907284e-183,"C12","MarkerC12-071"
1.10965320317332e-187,9.55450899237894,1,0.006,2.21930640634664e-183,"C12","MarkerC12-102"
1.10965969047576e-187,9.8028336862621,1,0.005,2.21931938095153e-183,"C12","MarkerC12-021"
1.11723264367288e-187,9.46838865299739,1,0.006,2.23446528734576e-183,"C12","MarkerC12-051"
1.17204767082716e-187,9.82019853673185,1,0.005,2.34409534165432e-183,"C12","MarkerC12-011"
1.22115122082159e-187,9.75708288589985,1,0.005,2.44230244164318e-183,"C12","MarkerC12-117"
1.32107995864917e-187,10.0664533312058,1,0.004,2.64215991729834e-183,"C12","MarkerC12-111"
1.3406485089629e-187,9.75608022287819,1,0.005,2.6812970179258e-183,"C12","MarkerC12-139"
1.34071504581594e-187,9.86363916621042,1,0.005,2.68143009163188e-183,"C12","MarkerC12-088"
1.3407307020238e-187,9.66466486161845,1,0.005,2.6814614040476e-183,"C12","MarkerC12-121"
1.3498156454551e-187,9.82782884684439,1,0.005,2.6996312909102e-183,"C12","MarkerC12-049"
1.34991810324671e-187,9.7652906033351,1,0.005,2.69983620649343e-183,"C12","MarkerC12-098"
1.34992204408562e-187,9.96749952050577,1,0.004,2.69984408817125e-183,"C12","MarkerC12-129"
1.35910490463213e-187,9.69772639359161,1,0.005,2.71820980926425e-183,"C12","MarkerC12-046"
1.41596531961026e-187,9.83940699222098,1,0.005,2.83193063922052e-183,"C12","MarkerC12-115"
1.41605625257913e-187,9.96967798633898,1,0.004,2.83211250515826e-183,"C12","MarkerC12-133"
1.60140402857342e-187,9.78037626877919,1,0.005,3.20280805714685e-183,"C12","MarkerC12-084"
1.73821672775886e-187,10.1350856095262,1,0.004,3.47643345551771e-183,"C12","MarkerC12-081"
1.91780523111051e-187,9.85389124862164,1,0.005,3.83561046222102e-183,"C12","MarkerC12-052"
1.92587980210401e-187,9.82233948476403,1,0.005,3.85175960420803e-183,"C12","MarkerC12-074"
1.99818804075216e-187,9.99924898608918,1,0.005,3.99637608150432e-183,"C12","MarkerC12-109"
2.02558356495567e-187,9.84653215830053,1,0.005,4.05116712991134e-183,"C12","MarkerC12-042"
2.06753850511817e-187,9.79046120988399,1,0.006,4.13507701023635e-183,"C12","MarkerC12-022"
2.0959997416212e-187,9.89386578325815,1,0.005,4.1919994832424e-183,"C12","MarkerC12-053"
2.22877867174516e-187,9.69469290715084,1,0.005,4.45755734349031e-183,"C12","MarkerC12-130"
2.32219235306611e-187,9.74285206705534,1,0.005,4.64438470613222e-183,"C12","MarkerC12-032"
2.77569552810133e-187,10.0548106178234,1,0.005,5.55139105620265e-183,"C12","MarkerC12-026"
2.77584897525719e-187,9.71773303320504,1,0.005,5.55169795051439e-183,"C12","MarkerC12-014"
2.77590551054816e-187,9.80657568752893,1,0.005,5.55181102109631e-183,"C12","MarkerC12-106"
2.79499292970576e-187,9.93318055137102,1,0.005,5.58998585941151e-183,"C12","MarkerC12-075"
2.9487222601272e-187,9.90448987458291,1,0.005,5.89744452025441e-183,"C12","MarkerC12-135"
2.95156899678522e-187,9.9512178934117,1,0.005,5.90313799357045e-183,"C12","MarkerC12-029"
4.00924193927408e-187,9.76232731977404,1,0.005,8.01848387854816e-183,"C12","MarkerC12-114"
